/*
Navicat MySQL Data Transfer

Source Server         : win7_3366_v5.6
Source Server Version : 50644
Source Host           : localhost:3366
Source Database       : movie_ticket

Target Server Type    : MYSQL
Target Server Version : 50644
File Encoding         : 65001

Date: 2020-03-18 15:50:33
*/

SET FOREIGN_KEY_CHECKS=0;

-- ----------------------------
-- Table structure for address
-- ----------------------------
DROP TABLE IF EXISTS `address`;
CREATE TABLE `address` (
  `addr_Id` int(11) NOT NULL AUTO_INCREMENT,
  `addr_province` varchar(20) DEFAULT NULL,
  `addr_city` varchar(20) DEFAULT NULL,
  `addr_area` varchar(20) DEFAULT NULL,
  `addr_detail` varchar(60) DEFAULT NULL,
  `addr_user` int(11) DEFAULT NULL,
  `addr_zipcode` varchar(255) DEFAULT NULL,
  `addr_phone` varchar(255) DEFAULT NULL,
  `addr_nickname` varchar(255) DEFAULT NULL,
  `addr_state` int(11) DEFAULT '1' COMMENT '1 正常 -1删除',
  PRIMARY KEY (`addr_Id`),
  KEY `addr_user` (`addr_user`),
  CONSTRAINT `address_ibfk_1` FOREIGN KEY (`addr_user`) REFERENCES `users` (`user_Id`)
) ENGINE=InnoDB AUTO_INCREMENT=15 DEFAULT CHARSET=utf8;

-- ----------------------------
-- Records of address
-- ----------------------------
INSERT INTO `address` VALUES ('2', '江苏省', '苏州市', '金阊区', '江苏大学城', '9', '415102', '18741254135', '寒冰', '1');
INSERT INTO `address` VALUES ('3', '浙江省', '嘉兴市', '嘉善县', '浙江大学', '9', '415102', '19512451235', '纳尔', '1');
INSERT INTO `address` VALUES ('4', '上海市', '市辖区', '徐汇区', '上海大学', '9', '354120', '17832561429', '卡莎', '-1');
INSERT INTO `address` VALUES ('5', '山西省', '晋城市', '陵川县', '山西大学', '9', '125410', '16512345874', '提莫', '1');
INSERT INTO `address` VALUES ('6', '吉林省', '四平市', '梨树县', '吉林大学', '9', '541235', '18632548741', '莫甘娜', '1');
INSERT INTO `address` VALUES ('7', '安徽省', '蚌埠市', '禹会区', '安徽人才学院', '4', '154154', '18745487440', '明明', '1');
INSERT INTO `address` VALUES ('8', '江苏省', '淮安市', '涟水县', '江苏人才大学', '5', '541254', '14795414785', '康康', '1');
INSERT INTO `address` VALUES ('9', '江西省', '萍乡市', '湘东区', '江西大学', '6', '365544', '18745214569', '小小', '1');
INSERT INTO `address` VALUES ('10', '上海市', '市辖区', '卢湾区', '上海大学', '7', '325454', '15748513654', '玲玲', '1');
INSERT INTO `address` VALUES ('11', '山东省', '青岛市', '市北区', '山东大学', '13', '325434', '123432543543', 'undo', '1');
INSERT INTO `address` VALUES ('12', '天津市', '市辖区', '河东区', '天津大学', '12', '345434', '12345643343', '唐唐', '1');
INSERT INTO `address` VALUES ('13', '山东省', '青岛市', '黄岛区', '山东大学', '10', '324123', '18547512541', '飞飞', '1');
INSERT INTO `address` VALUES ('14', '北京市', '市辖区', '东城区', '东城街道1112号', '14', '10001', '13782232323', '贝砣', '1');

-- ----------------------------
-- Table structure for admins
-- ----------------------------
DROP TABLE IF EXISTS `admins`;
CREATE TABLE `admins` (
  `admin_Id` int(11) NOT NULL AUTO_INCREMENT,
  `admin_Name` varchar(255) DEFAULT NULL,
  `admin_Pass` varchar(255) DEFAULT NULL,
  `admin_Phone` varchar(255) DEFAULT NULL,
  `admin_Date` date DEFAULT NULL,
  `admin_State` int(11) DEFAULT '1' COMMENT '1 正常 2禁用 -1删除',
  `admin_Role` int(11) DEFAULT NULL,
  PRIMARY KEY (`admin_Id`),
  KEY `adminId` (`admin_Id`),
  KEY `adminRole` (`admin_Role`),
  CONSTRAINT `admins_ibfk_1` FOREIGN KEY (`admin_Role`) REFERENCES `role` (`role_Id`)
) ENGINE=InnoDB AUTO_INCREMENT=6 DEFAULT CHARSET=utf8;

-- ----------------------------
-- Records of admins
-- ----------------------------
INSERT INTO `admins` VALUES ('1', 'admin', '123456', '15154289781', '2018-07-05', '1', '1');
INSERT INTO `admins` VALUES ('2', 'storeadmin', '123456', '1111222222', '2018-07-04', '1', '2');
INSERT INTO `admins` VALUES ('3', 'userAdmin', '123456', '1234567890', '2018-07-05', '1', '3');
INSERT INTO `admins` VALUES ('5', '海绵宝宝', '123456', '110', '2018-07-29', '2', '2');

-- ----------------------------
-- Table structure for areas
-- ----------------------------
DROP TABLE IF EXISTS `areas`;
CREATE TABLE `areas` (
  `area_Id` varchar(20) NOT NULL,
  `area_Name` varchar(50) NOT NULL,
  `city_Id` varchar(20) NOT NULL,
  PRIMARY KEY (`area_Id`),
  KEY `areaid` (`area_Id`),
  KEY `cityid` (`city_Id`)
) ENGINE=MyISAM DEFAULT CHARSET=utf8 COMMENT='行政区域县区信息表';

-- ----------------------------
-- Records of areas
-- ----------------------------
INSERT INTO `areas` VALUES ('110101', '东城区', '110100');
INSERT INTO `areas` VALUES ('110102', '西城区', '110100');
INSERT INTO `areas` VALUES ('110103', '崇文区', '110100');
INSERT INTO `areas` VALUES ('110104', '宣武区', '110100');
INSERT INTO `areas` VALUES ('110105', '朝阳区', '110100');
INSERT INTO `areas` VALUES ('110106', '丰台区', '110100');
INSERT INTO `areas` VALUES ('110107', '石景山区', '110100');
INSERT INTO `areas` VALUES ('110108', '海淀区', '110100');
INSERT INTO `areas` VALUES ('110109', '门头沟区', '110100');
INSERT INTO `areas` VALUES ('110111', '房山区', '110100');
INSERT INTO `areas` VALUES ('110112', '通州区', '110100');
INSERT INTO `areas` VALUES ('110113', '顺义区', '110100');
INSERT INTO `areas` VALUES ('110114', '昌平区', '110100');
INSERT INTO `areas` VALUES ('110115', '大兴区', '110100');
INSERT INTO `areas` VALUES ('110116', '怀柔区', '110100');
INSERT INTO `areas` VALUES ('110117', '平谷区', '110100');
INSERT INTO `areas` VALUES ('110228', '密云县', '110200');
INSERT INTO `areas` VALUES ('110229', '延庆县', '110200');
INSERT INTO `areas` VALUES ('120101', '和平区', '120100');
INSERT INTO `areas` VALUES ('120102', '河东区', '120100');
INSERT INTO `areas` VALUES ('120103', '河西区', '120100');
INSERT INTO `areas` VALUES ('120104', '南开区', '120100');
INSERT INTO `areas` VALUES ('120105', '河北区', '120100');
INSERT INTO `areas` VALUES ('120106', '红桥区', '120100');
INSERT INTO `areas` VALUES ('120107', '塘沽区', '120100');
INSERT INTO `areas` VALUES ('120108', '汉沽区', '120100');
INSERT INTO `areas` VALUES ('120109', '大港区', '120100');
INSERT INTO `areas` VALUES ('120110', '东丽区', '120100');
INSERT INTO `areas` VALUES ('120111', '西青区', '120100');
INSERT INTO `areas` VALUES ('120112', '津南区', '120100');
INSERT INTO `areas` VALUES ('120113', '北辰区', '120100');
INSERT INTO `areas` VALUES ('120114', '武清区', '120100');
INSERT INTO `areas` VALUES ('120115', '宝坻区', '120100');
INSERT INTO `areas` VALUES ('120221', '宁河县', '120200');
INSERT INTO `areas` VALUES ('120223', '静海县', '120200');
INSERT INTO `areas` VALUES ('120225', '蓟　县', '120200');
INSERT INTO `areas` VALUES ('130101', '市辖区', '130100');
INSERT INTO `areas` VALUES ('130102', '长安区', '130100');
INSERT INTO `areas` VALUES ('130103', '桥东区', '130100');
INSERT INTO `areas` VALUES ('130104', '桥西区', '130100');
INSERT INTO `areas` VALUES ('130105', '新华区', '130100');
INSERT INTO `areas` VALUES ('130107', '井陉矿区', '130100');
INSERT INTO `areas` VALUES ('130108', '裕华区', '130100');
INSERT INTO `areas` VALUES ('130121', '井陉县', '130100');
INSERT INTO `areas` VALUES ('130123', '正定县', '130100');
INSERT INTO `areas` VALUES ('130124', '栾城县', '130100');
INSERT INTO `areas` VALUES ('130125', '行唐县', '130100');
INSERT INTO `areas` VALUES ('130126', '灵寿县', '130100');
INSERT INTO `areas` VALUES ('130127', '高邑县', '130100');
INSERT INTO `areas` VALUES ('130128', '深泽县', '130100');
INSERT INTO `areas` VALUES ('130129', '赞皇县', '130100');
INSERT INTO `areas` VALUES ('130130', '无极县', '130100');
INSERT INTO `areas` VALUES ('130131', '平山县', '130100');
INSERT INTO `areas` VALUES ('130132', '元氏县', '130100');
INSERT INTO `areas` VALUES ('130133', '赵　县', '130100');
INSERT INTO `areas` VALUES ('130181', '辛集市', '130100');
INSERT INTO `areas` VALUES ('130182', '藁城市', '130100');
INSERT INTO `areas` VALUES ('130183', '晋州市', '130100');
INSERT INTO `areas` VALUES ('130184', '新乐市', '130100');
INSERT INTO `areas` VALUES ('130185', '鹿泉市', '130100');
INSERT INTO `areas` VALUES ('130201', '市辖区', '130200');
INSERT INTO `areas` VALUES ('130202', '路南区', '130200');
INSERT INTO `areas` VALUES ('130203', '路北区', '130200');
INSERT INTO `areas` VALUES ('130204', '古冶区', '130200');
INSERT INTO `areas` VALUES ('130205', '开平区', '130200');
INSERT INTO `areas` VALUES ('130207', '丰南区', '130200');
INSERT INTO `areas` VALUES ('130208', '丰润区', '130200');
INSERT INTO `areas` VALUES ('130223', '滦　县', '130200');
INSERT INTO `areas` VALUES ('130224', '滦南县', '130200');
INSERT INTO `areas` VALUES ('130225', '乐亭县', '130200');
INSERT INTO `areas` VALUES ('130227', '迁西县', '130200');
INSERT INTO `areas` VALUES ('130229', '玉田县', '130200');
INSERT INTO `areas` VALUES ('130230', '唐海县', '130200');
INSERT INTO `areas` VALUES ('130281', '遵化市', '130200');
INSERT INTO `areas` VALUES ('130283', '迁安市', '130200');
INSERT INTO `areas` VALUES ('130301', '市辖区', '130300');
INSERT INTO `areas` VALUES ('130302', '海港区', '130300');
INSERT INTO `areas` VALUES ('130303', '山海关区', '130300');
INSERT INTO `areas` VALUES ('130304', '北戴河区', '130300');
INSERT INTO `areas` VALUES ('130321', '青龙满族自治县', '130300');
INSERT INTO `areas` VALUES ('130322', '昌黎县', '130300');
INSERT INTO `areas` VALUES ('130323', '抚宁县', '130300');
INSERT INTO `areas` VALUES ('130324', '卢龙县', '130300');
INSERT INTO `areas` VALUES ('130401', '市辖区', '130400');
INSERT INTO `areas` VALUES ('130402', '邯山区', '130400');
INSERT INTO `areas` VALUES ('130403', '丛台区', '130400');
INSERT INTO `areas` VALUES ('130404', '复兴区', '130400');
INSERT INTO `areas` VALUES ('130406', '峰峰矿区', '130400');
INSERT INTO `areas` VALUES ('130421', '邯郸县', '130400');
INSERT INTO `areas` VALUES ('130423', '临漳县', '130400');
INSERT INTO `areas` VALUES ('130424', '成安县', '130400');
INSERT INTO `areas` VALUES ('130425', '大名县', '130400');
INSERT INTO `areas` VALUES ('130426', '涉　县', '130400');
INSERT INTO `areas` VALUES ('130427', '磁　县', '130400');
INSERT INTO `areas` VALUES ('130428', '肥乡县', '130400');
INSERT INTO `areas` VALUES ('130429', '永年县', '130400');
INSERT INTO `areas` VALUES ('130430', '邱　县', '130400');
INSERT INTO `areas` VALUES ('130431', '鸡泽县', '130400');
INSERT INTO `areas` VALUES ('130432', '广平县', '130400');
INSERT INTO `areas` VALUES ('130433', '馆陶县', '130400');
INSERT INTO `areas` VALUES ('130434', '魏　县', '130400');
INSERT INTO `areas` VALUES ('130435', '曲周县', '130400');
INSERT INTO `areas` VALUES ('130481', '武安市', '130400');
INSERT INTO `areas` VALUES ('130501', '市辖区', '130500');
INSERT INTO `areas` VALUES ('130502', '桥东区', '130500');
INSERT INTO `areas` VALUES ('130503', '桥西区', '130500');
INSERT INTO `areas` VALUES ('130521', '邢台县', '130500');
INSERT INTO `areas` VALUES ('130522', '临城县', '130500');
INSERT INTO `areas` VALUES ('130523', '内丘县', '130500');
INSERT INTO `areas` VALUES ('130524', '柏乡县', '130500');
INSERT INTO `areas` VALUES ('130525', '隆尧县', '130500');
INSERT INTO `areas` VALUES ('130526', '任　县', '130500');
INSERT INTO `areas` VALUES ('130527', '南和县', '130500');
INSERT INTO `areas` VALUES ('130528', '宁晋县', '130500');
INSERT INTO `areas` VALUES ('130529', '巨鹿县', '130500');
INSERT INTO `areas` VALUES ('130530', '新河县', '130500');
INSERT INTO `areas` VALUES ('130531', '广宗县', '130500');
INSERT INTO `areas` VALUES ('130532', '平乡县', '130500');
INSERT INTO `areas` VALUES ('130533', '威　县', '130500');
INSERT INTO `areas` VALUES ('130534', '清河县', '130500');
INSERT INTO `areas` VALUES ('130535', '临西县', '130500');
INSERT INTO `areas` VALUES ('130581', '南宫市', '130500');
INSERT INTO `areas` VALUES ('130582', '沙河市', '130500');
INSERT INTO `areas` VALUES ('130601', '市辖区', '130600');
INSERT INTO `areas` VALUES ('130602', '新市区', '130600');
INSERT INTO `areas` VALUES ('130603', '北市区', '130600');
INSERT INTO `areas` VALUES ('130604', '南市区', '130600');
INSERT INTO `areas` VALUES ('130621', '满城县', '130600');
INSERT INTO `areas` VALUES ('130622', '清苑县', '130600');
INSERT INTO `areas` VALUES ('130623', '涞水县', '130600');
INSERT INTO `areas` VALUES ('130624', '阜平县', '130600');
INSERT INTO `areas` VALUES ('130625', '徐水县', '130600');
INSERT INTO `areas` VALUES ('130626', '定兴县', '130600');
INSERT INTO `areas` VALUES ('130627', '唐　县', '130600');
INSERT INTO `areas` VALUES ('130628', '高阳县', '130600');
INSERT INTO `areas` VALUES ('130629', '容城县', '130600');
INSERT INTO `areas` VALUES ('130630', '涞源县', '130600');
INSERT INTO `areas` VALUES ('130631', '望都县', '130600');
INSERT INTO `areas` VALUES ('130632', '安新县', '130600');
INSERT INTO `areas` VALUES ('130633', '易　县', '130600');
INSERT INTO `areas` VALUES ('130634', '曲阳县', '130600');
INSERT INTO `areas` VALUES ('130635', '蠡　县', '130600');
INSERT INTO `areas` VALUES ('130636', '顺平县', '130600');
INSERT INTO `areas` VALUES ('130637', '博野县', '130600');
INSERT INTO `areas` VALUES ('130638', '雄　县', '130600');
INSERT INTO `areas` VALUES ('130681', '涿州市', '130600');
INSERT INTO `areas` VALUES ('130682', '定州市', '130600');
INSERT INTO `areas` VALUES ('130683', '安国市', '130600');
INSERT INTO `areas` VALUES ('130684', '高碑店市', '130600');
INSERT INTO `areas` VALUES ('130701', '市辖区', '130700');
INSERT INTO `areas` VALUES ('130702', '桥东区', '130700');
INSERT INTO `areas` VALUES ('130703', '桥西区', '130700');
INSERT INTO `areas` VALUES ('130705', '宣化区', '130700');
INSERT INTO `areas` VALUES ('130706', '下花园区', '130700');
INSERT INTO `areas` VALUES ('130721', '宣化县', '130700');
INSERT INTO `areas` VALUES ('130722', '张北县', '130700');
INSERT INTO `areas` VALUES ('130723', '康保县', '130700');
INSERT INTO `areas` VALUES ('130724', '沽源县', '130700');
INSERT INTO `areas` VALUES ('130725', '尚义县', '130700');
INSERT INTO `areas` VALUES ('130726', '蔚　县', '130700');
INSERT INTO `areas` VALUES ('130727', '阳原县', '130700');
INSERT INTO `areas` VALUES ('130728', '怀安县', '130700');
INSERT INTO `areas` VALUES ('130729', '万全县', '130700');
INSERT INTO `areas` VALUES ('130730', '怀来县', '130700');
INSERT INTO `areas` VALUES ('130731', '涿鹿县', '130700');
INSERT INTO `areas` VALUES ('130732', '赤城县', '130700');
INSERT INTO `areas` VALUES ('130733', '崇礼县', '130700');
INSERT INTO `areas` VALUES ('130801', '市辖区', '130800');
INSERT INTO `areas` VALUES ('130802', '双桥区', '130800');
INSERT INTO `areas` VALUES ('130803', '双滦区', '130800');
INSERT INTO `areas` VALUES ('130804', '鹰手营子矿区', '130800');
INSERT INTO `areas` VALUES ('130821', '承德县', '130800');
INSERT INTO `areas` VALUES ('130822', '兴隆县', '130800');
INSERT INTO `areas` VALUES ('130823', '平泉县', '130800');
INSERT INTO `areas` VALUES ('130824', '滦平县', '130800');
INSERT INTO `areas` VALUES ('130825', '隆化县', '130800');
INSERT INTO `areas` VALUES ('130826', '丰宁满族自治县', '130800');
INSERT INTO `areas` VALUES ('130827', '宽城满族自治县', '130800');
INSERT INTO `areas` VALUES ('130828', '围场满族蒙古族自治县', '130800');
INSERT INTO `areas` VALUES ('130901', '市辖区', '130900');
INSERT INTO `areas` VALUES ('130902', '新华区', '130900');
INSERT INTO `areas` VALUES ('130903', '运河区', '130900');
INSERT INTO `areas` VALUES ('130921', '沧　县', '130900');
INSERT INTO `areas` VALUES ('130922', '青　县', '130900');
INSERT INTO `areas` VALUES ('130923', '东光县', '130900');
INSERT INTO `areas` VALUES ('130924', '海兴县', '130900');
INSERT INTO `areas` VALUES ('130925', '盐山县', '130900');
INSERT INTO `areas` VALUES ('130926', '肃宁县', '130900');
INSERT INTO `areas` VALUES ('130927', '南皮县', '130900');
INSERT INTO `areas` VALUES ('130928', '吴桥县', '130900');
INSERT INTO `areas` VALUES ('130929', '献　县', '130900');
INSERT INTO `areas` VALUES ('130930', '孟村回族自治县', '130900');
INSERT INTO `areas` VALUES ('130981', '泊头市', '130900');
INSERT INTO `areas` VALUES ('130982', '任丘市', '130900');
INSERT INTO `areas` VALUES ('130983', '黄骅市', '130900');
INSERT INTO `areas` VALUES ('130984', '河间市', '130900');
INSERT INTO `areas` VALUES ('131001', '市辖区', '131000');
INSERT INTO `areas` VALUES ('131002', '安次区', '131000');
INSERT INTO `areas` VALUES ('131003', '广阳区', '131000');
INSERT INTO `areas` VALUES ('131022', '固安县', '131000');
INSERT INTO `areas` VALUES ('131023', '永清县', '131000');
INSERT INTO `areas` VALUES ('131024', '香河县', '131000');
INSERT INTO `areas` VALUES ('131025', '大城县', '131000');
INSERT INTO `areas` VALUES ('131026', '文安县', '131000');
INSERT INTO `areas` VALUES ('131028', '大厂回族自治县', '131000');
INSERT INTO `areas` VALUES ('131081', '霸州市', '131000');
INSERT INTO `areas` VALUES ('131082', '三河市', '131000');
INSERT INTO `areas` VALUES ('131101', '市辖区', '131100');
INSERT INTO `areas` VALUES ('131102', '桃城区', '131100');
INSERT INTO `areas` VALUES ('131121', '枣强县', '131100');
INSERT INTO `areas` VALUES ('131122', '武邑县', '131100');
INSERT INTO `areas` VALUES ('131123', '武强县', '131100');
INSERT INTO `areas` VALUES ('131124', '饶阳县', '131100');
INSERT INTO `areas` VALUES ('131125', '安平县', '131100');
INSERT INTO `areas` VALUES ('131126', '故城县', '131100');
INSERT INTO `areas` VALUES ('131127', '景　县', '131100');
INSERT INTO `areas` VALUES ('131128', '阜城县', '131100');
INSERT INTO `areas` VALUES ('131181', '冀州市', '131100');
INSERT INTO `areas` VALUES ('131182', '深州市', '131100');
INSERT INTO `areas` VALUES ('140101', '市辖区', '140100');
INSERT INTO `areas` VALUES ('140105', '小店区', '140100');
INSERT INTO `areas` VALUES ('140106', '迎泽区', '140100');
INSERT INTO `areas` VALUES ('140107', '杏花岭区', '140100');
INSERT INTO `areas` VALUES ('140108', '尖草坪区', '140100');
INSERT INTO `areas` VALUES ('140109', '万柏林区', '140100');
INSERT INTO `areas` VALUES ('140110', '晋源区', '140100');
INSERT INTO `areas` VALUES ('140121', '清徐县', '140100');
INSERT INTO `areas` VALUES ('140122', '阳曲县', '140100');
INSERT INTO `areas` VALUES ('140123', '娄烦县', '140100');
INSERT INTO `areas` VALUES ('140181', '古交市', '140100');
INSERT INTO `areas` VALUES ('140201', '市辖区', '140200');
INSERT INTO `areas` VALUES ('140202', '城　区', '140200');
INSERT INTO `areas` VALUES ('140203', '矿　区', '140200');
INSERT INTO `areas` VALUES ('140211', '南郊区', '140200');
INSERT INTO `areas` VALUES ('140212', '新荣区', '140200');
INSERT INTO `areas` VALUES ('140221', '阳高县', '140200');
INSERT INTO `areas` VALUES ('140222', '天镇县', '140200');
INSERT INTO `areas` VALUES ('140223', '广灵县', '140200');
INSERT INTO `areas` VALUES ('140224', '灵丘县', '140200');
INSERT INTO `areas` VALUES ('140225', '浑源县', '140200');
INSERT INTO `areas` VALUES ('140226', '左云县', '140200');
INSERT INTO `areas` VALUES ('140227', '大同县', '140200');
INSERT INTO `areas` VALUES ('140301', '市辖区', '140300');
INSERT INTO `areas` VALUES ('140302', '城　区', '140300');
INSERT INTO `areas` VALUES ('140303', '矿　区', '140300');
INSERT INTO `areas` VALUES ('140311', '郊　区', '140300');
INSERT INTO `areas` VALUES ('140321', '平定县', '140300');
INSERT INTO `areas` VALUES ('140322', '盂　县', '140300');
INSERT INTO `areas` VALUES ('140401', '市辖区', '140400');
INSERT INTO `areas` VALUES ('140402', '城　区', '140400');
INSERT INTO `areas` VALUES ('140411', '郊　区', '140400');
INSERT INTO `areas` VALUES ('140421', '长治县', '140400');
INSERT INTO `areas` VALUES ('140423', '襄垣县', '140400');
INSERT INTO `areas` VALUES ('140424', '屯留县', '140400');
INSERT INTO `areas` VALUES ('140425', '平顺县', '140400');
INSERT INTO `areas` VALUES ('140426', '黎城县', '140400');
INSERT INTO `areas` VALUES ('140427', '壶关县', '140400');
INSERT INTO `areas` VALUES ('140428', '长子县', '140400');
INSERT INTO `areas` VALUES ('140429', '武乡县', '140400');
INSERT INTO `areas` VALUES ('140430', '沁　县', '140400');
INSERT INTO `areas` VALUES ('140431', '沁源县', '140400');
INSERT INTO `areas` VALUES ('140481', '潞城市', '140400');
INSERT INTO `areas` VALUES ('140501', '市辖区', '140500');
INSERT INTO `areas` VALUES ('140502', '城　区', '140500');
INSERT INTO `areas` VALUES ('140521', '沁水县', '140500');
INSERT INTO `areas` VALUES ('140522', '阳城县', '140500');
INSERT INTO `areas` VALUES ('140524', '陵川县', '140500');
INSERT INTO `areas` VALUES ('140525', '泽州县', '140500');
INSERT INTO `areas` VALUES ('140581', '高平市', '140500');
INSERT INTO `areas` VALUES ('140601', '市辖区', '140600');
INSERT INTO `areas` VALUES ('140602', '朔城区', '140600');
INSERT INTO `areas` VALUES ('140603', '平鲁区', '140600');
INSERT INTO `areas` VALUES ('140621', '山阴县', '140600');
INSERT INTO `areas` VALUES ('140622', '应　县', '140600');
INSERT INTO `areas` VALUES ('140623', '右玉县', '140600');
INSERT INTO `areas` VALUES ('140624', '怀仁县', '140600');
INSERT INTO `areas` VALUES ('140701', '市辖区', '140700');
INSERT INTO `areas` VALUES ('140702', '榆次区', '140700');
INSERT INTO `areas` VALUES ('140721', '榆社县', '140700');
INSERT INTO `areas` VALUES ('140722', '左权县', '140700');
INSERT INTO `areas` VALUES ('140723', '和顺县', '140700');
INSERT INTO `areas` VALUES ('140724', '昔阳县', '140700');
INSERT INTO `areas` VALUES ('140725', '寿阳县', '140700');
INSERT INTO `areas` VALUES ('140726', '太谷县', '140700');
INSERT INTO `areas` VALUES ('140727', '祁　县', '140700');
INSERT INTO `areas` VALUES ('140728', '平遥县', '140700');
INSERT INTO `areas` VALUES ('140729', '灵石县', '140700');
INSERT INTO `areas` VALUES ('140781', '介休市', '140700');
INSERT INTO `areas` VALUES ('140801', '市辖区', '140800');
INSERT INTO `areas` VALUES ('140802', '盐湖区', '140800');
INSERT INTO `areas` VALUES ('140821', '临猗县', '140800');
INSERT INTO `areas` VALUES ('140822', '万荣县', '140800');
INSERT INTO `areas` VALUES ('140823', '闻喜县', '140800');
INSERT INTO `areas` VALUES ('140824', '稷山县', '140800');
INSERT INTO `areas` VALUES ('140825', '新绛县', '140800');
INSERT INTO `areas` VALUES ('140826', '绛　县', '140800');
INSERT INTO `areas` VALUES ('140827', '垣曲县', '140800');
INSERT INTO `areas` VALUES ('140828', '夏　县', '140800');
INSERT INTO `areas` VALUES ('140829', '平陆县', '140800');
INSERT INTO `areas` VALUES ('140830', '芮城县', '140800');
INSERT INTO `areas` VALUES ('140881', '永济市', '140800');
INSERT INTO `areas` VALUES ('140882', '河津市', '140800');
INSERT INTO `areas` VALUES ('140901', '市辖区', '140900');
INSERT INTO `areas` VALUES ('140902', '忻府区', '140900');
INSERT INTO `areas` VALUES ('140921', '定襄县', '140900');
INSERT INTO `areas` VALUES ('140922', '五台县', '140900');
INSERT INTO `areas` VALUES ('140923', '代　县', '140900');
INSERT INTO `areas` VALUES ('140924', '繁峙县', '140900');
INSERT INTO `areas` VALUES ('140925', '宁武县', '140900');
INSERT INTO `areas` VALUES ('140926', '静乐县', '140900');
INSERT INTO `areas` VALUES ('140927', '神池县', '140900');
INSERT INTO `areas` VALUES ('140928', '五寨县', '140900');
INSERT INTO `areas` VALUES ('140929', '岢岚县', '140900');
INSERT INTO `areas` VALUES ('140930', '河曲县', '140900');
INSERT INTO `areas` VALUES ('140931', '保德县', '140900');
INSERT INTO `areas` VALUES ('140932', '偏关县', '140900');
INSERT INTO `areas` VALUES ('140981', '原平市', '140900');
INSERT INTO `areas` VALUES ('141001', '市辖区', '141000');
INSERT INTO `areas` VALUES ('141002', '尧都区', '141000');
INSERT INTO `areas` VALUES ('141021', '曲沃县', '141000');
INSERT INTO `areas` VALUES ('141022', '翼城县', '141000');
INSERT INTO `areas` VALUES ('141023', '襄汾县', '141000');
INSERT INTO `areas` VALUES ('141024', '洪洞县', '141000');
INSERT INTO `areas` VALUES ('141025', '古　县', '141000');
INSERT INTO `areas` VALUES ('141026', '安泽县', '141000');
INSERT INTO `areas` VALUES ('141027', '浮山县', '141000');
INSERT INTO `areas` VALUES ('141028', '吉　县', '141000');
INSERT INTO `areas` VALUES ('141029', '乡宁县', '141000');
INSERT INTO `areas` VALUES ('141030', '大宁县', '141000');
INSERT INTO `areas` VALUES ('141031', '隰　县', '141000');
INSERT INTO `areas` VALUES ('141032', '永和县', '141000');
INSERT INTO `areas` VALUES ('141033', '蒲　县', '141000');
INSERT INTO `areas` VALUES ('141034', '汾西县', '141000');
INSERT INTO `areas` VALUES ('141081', '侯马市', '141000');
INSERT INTO `areas` VALUES ('141082', '霍州市', '141000');
INSERT INTO `areas` VALUES ('141101', '市辖区', '141100');
INSERT INTO `areas` VALUES ('141102', '离石区', '141100');
INSERT INTO `areas` VALUES ('141121', '文水县', '141100');
INSERT INTO `areas` VALUES ('141122', '交城县', '141100');
INSERT INTO `areas` VALUES ('141123', '兴　县', '141100');
INSERT INTO `areas` VALUES ('141124', '临　县', '141100');
INSERT INTO `areas` VALUES ('141125', '柳林县', '141100');
INSERT INTO `areas` VALUES ('141126', '石楼县', '141100');
INSERT INTO `areas` VALUES ('141127', '岚　县', '141100');
INSERT INTO `areas` VALUES ('141128', '方山县', '141100');
INSERT INTO `areas` VALUES ('141129', '中阳县', '141100');
INSERT INTO `areas` VALUES ('141130', '交口县', '141100');
INSERT INTO `areas` VALUES ('141181', '孝义市', '141100');
INSERT INTO `areas` VALUES ('141182', '汾阳市', '141100');
INSERT INTO `areas` VALUES ('150101', '市辖区', '150100');
INSERT INTO `areas` VALUES ('150102', '新城区', '150100');
INSERT INTO `areas` VALUES ('150103', '回民区', '150100');
INSERT INTO `areas` VALUES ('150104', '玉泉区', '150100');
INSERT INTO `areas` VALUES ('150105', '赛罕区', '150100');
INSERT INTO `areas` VALUES ('150121', '土默特左旗', '150100');
INSERT INTO `areas` VALUES ('150122', '托克托县', '150100');
INSERT INTO `areas` VALUES ('150123', '和林格尔县', '150100');
INSERT INTO `areas` VALUES ('150124', '清水河县', '150100');
INSERT INTO `areas` VALUES ('150125', '武川县', '150100');
INSERT INTO `areas` VALUES ('150201', '市辖区', '150200');
INSERT INTO `areas` VALUES ('150202', '东河区', '150200');
INSERT INTO `areas` VALUES ('150203', '昆都仑区', '150200');
INSERT INTO `areas` VALUES ('150204', '青山区', '150200');
INSERT INTO `areas` VALUES ('150205', '石拐区', '150200');
INSERT INTO `areas` VALUES ('150206', '白云矿区', '150200');
INSERT INTO `areas` VALUES ('150207', '九原区', '150200');
INSERT INTO `areas` VALUES ('150221', '土默特右旗', '150200');
INSERT INTO `areas` VALUES ('150222', '固阳县', '150200');
INSERT INTO `areas` VALUES ('150223', '达尔罕茂明安联合旗', '150200');
INSERT INTO `areas` VALUES ('150301', '市辖区', '150300');
INSERT INTO `areas` VALUES ('150302', '海勃湾区', '150300');
INSERT INTO `areas` VALUES ('150303', '海南区', '150300');
INSERT INTO `areas` VALUES ('150304', '乌达区', '150300');
INSERT INTO `areas` VALUES ('150401', '市辖区', '150400');
INSERT INTO `areas` VALUES ('150402', '红山区', '150400');
INSERT INTO `areas` VALUES ('150403', '元宝山区', '150400');
INSERT INTO `areas` VALUES ('150404', '松山区', '150400');
INSERT INTO `areas` VALUES ('150421', '阿鲁科尔沁旗', '150400');
INSERT INTO `areas` VALUES ('150422', '巴林左旗', '150400');
INSERT INTO `areas` VALUES ('150423', '巴林右旗', '150400');
INSERT INTO `areas` VALUES ('150424', '林西县', '150400');
INSERT INTO `areas` VALUES ('150425', '克什克腾旗', '150400');
INSERT INTO `areas` VALUES ('150426', '翁牛特旗', '150400');
INSERT INTO `areas` VALUES ('150428', '喀喇沁旗', '150400');
INSERT INTO `areas` VALUES ('150429', '宁城县', '150400');
INSERT INTO `areas` VALUES ('150430', '敖汉旗', '150400');
INSERT INTO `areas` VALUES ('150501', '市辖区', '150500');
INSERT INTO `areas` VALUES ('150502', '科尔沁区', '150500');
INSERT INTO `areas` VALUES ('150521', '科尔沁左翼中旗', '150500');
INSERT INTO `areas` VALUES ('150522', '科尔沁左翼后旗', '150500');
INSERT INTO `areas` VALUES ('150523', '开鲁县', '150500');
INSERT INTO `areas` VALUES ('150524', '库伦旗', '150500');
INSERT INTO `areas` VALUES ('150525', '奈曼旗', '150500');
INSERT INTO `areas` VALUES ('150526', '扎鲁特旗', '150500');
INSERT INTO `areas` VALUES ('150581', '霍林郭勒市', '150500');
INSERT INTO `areas` VALUES ('150602', '东胜区', '150600');
INSERT INTO `areas` VALUES ('150621', '达拉特旗', '150600');
INSERT INTO `areas` VALUES ('150622', '准格尔旗', '150600');
INSERT INTO `areas` VALUES ('150623', '鄂托克前旗', '150600');
INSERT INTO `areas` VALUES ('150624', '鄂托克旗', '150600');
INSERT INTO `areas` VALUES ('150625', '杭锦旗', '150600');
INSERT INTO `areas` VALUES ('150626', '乌审旗', '150600');
INSERT INTO `areas` VALUES ('150627', '伊金霍洛旗', '150600');
INSERT INTO `areas` VALUES ('150701', '市辖区', '150700');
INSERT INTO `areas` VALUES ('150702', '海拉尔区', '150700');
INSERT INTO `areas` VALUES ('150721', '阿荣旗', '150700');
INSERT INTO `areas` VALUES ('150722', '莫力达瓦达斡尔族自治旗', '150700');
INSERT INTO `areas` VALUES ('150723', '鄂伦春自治旗', '150700');
INSERT INTO `areas` VALUES ('150724', '鄂温克族自治旗', '150700');
INSERT INTO `areas` VALUES ('150725', '陈巴尔虎旗', '150700');
INSERT INTO `areas` VALUES ('150726', '新巴尔虎左旗', '150700');
INSERT INTO `areas` VALUES ('150727', '新巴尔虎右旗', '150700');
INSERT INTO `areas` VALUES ('150781', '满洲里市', '150700');
INSERT INTO `areas` VALUES ('150782', '牙克石市', '150700');
INSERT INTO `areas` VALUES ('150783', '扎兰屯市', '150700');
INSERT INTO `areas` VALUES ('150784', '额尔古纳市', '150700');
INSERT INTO `areas` VALUES ('150785', '根河市', '150700');
INSERT INTO `areas` VALUES ('150801', '市辖区', '150800');
INSERT INTO `areas` VALUES ('150802', '临河区', '150800');
INSERT INTO `areas` VALUES ('150821', '五原县', '150800');
INSERT INTO `areas` VALUES ('150822', '磴口县', '150800');
INSERT INTO `areas` VALUES ('150823', '乌拉特前旗', '150800');
INSERT INTO `areas` VALUES ('150824', '乌拉特中旗', '150800');
INSERT INTO `areas` VALUES ('150825', '乌拉特后旗', '150800');
INSERT INTO `areas` VALUES ('150826', '杭锦后旗', '150800');
INSERT INTO `areas` VALUES ('150901', '市辖区', '150900');
INSERT INTO `areas` VALUES ('150902', '集宁区', '150900');
INSERT INTO `areas` VALUES ('150921', '卓资县', '150900');
INSERT INTO `areas` VALUES ('150922', '化德县', '150900');
INSERT INTO `areas` VALUES ('150923', '商都县', '150900');
INSERT INTO `areas` VALUES ('150924', '兴和县', '150900');
INSERT INTO `areas` VALUES ('150925', '凉城县', '150900');
INSERT INTO `areas` VALUES ('150926', '察哈尔右翼前旗', '150900');
INSERT INTO `areas` VALUES ('150927', '察哈尔右翼中旗', '150900');
INSERT INTO `areas` VALUES ('150928', '察哈尔右翼后旗', '150900');
INSERT INTO `areas` VALUES ('150929', '四子王旗', '150900');
INSERT INTO `areas` VALUES ('150981', '丰镇市', '150900');
INSERT INTO `areas` VALUES ('152201', '乌兰浩特市', '152200');
INSERT INTO `areas` VALUES ('152202', '阿尔山市', '152200');
INSERT INTO `areas` VALUES ('152221', '科尔沁右翼前旗', '152200');
INSERT INTO `areas` VALUES ('152222', '科尔沁右翼中旗', '152200');
INSERT INTO `areas` VALUES ('152223', '扎赉特旗', '152200');
INSERT INTO `areas` VALUES ('152224', '突泉县', '152200');
INSERT INTO `areas` VALUES ('152501', '二连浩特市', '152500');
INSERT INTO `areas` VALUES ('152502', '锡林浩特市', '152500');
INSERT INTO `areas` VALUES ('152522', '阿巴嘎旗', '152500');
INSERT INTO `areas` VALUES ('152523', '苏尼特左旗', '152500');
INSERT INTO `areas` VALUES ('152524', '苏尼特右旗', '152500');
INSERT INTO `areas` VALUES ('152525', '东乌珠穆沁旗', '152500');
INSERT INTO `areas` VALUES ('152526', '西乌珠穆沁旗', '152500');
INSERT INTO `areas` VALUES ('152527', '太仆寺旗', '152500');
INSERT INTO `areas` VALUES ('152528', '镶黄旗', '152500');
INSERT INTO `areas` VALUES ('152529', '正镶白旗', '152500');
INSERT INTO `areas` VALUES ('152530', '正蓝旗', '152500');
INSERT INTO `areas` VALUES ('152531', '多伦县', '152500');
INSERT INTO `areas` VALUES ('152921', '阿拉善左旗', '152900');
INSERT INTO `areas` VALUES ('152922', '阿拉善右旗', '152900');
INSERT INTO `areas` VALUES ('152923', '额济纳旗', '152900');
INSERT INTO `areas` VALUES ('210101', '市辖区', '210100');
INSERT INTO `areas` VALUES ('210102', '和平区', '210100');
INSERT INTO `areas` VALUES ('210103', '沈河区', '210100');
INSERT INTO `areas` VALUES ('210104', '大东区', '210100');
INSERT INTO `areas` VALUES ('210105', '皇姑区', '210100');
INSERT INTO `areas` VALUES ('210106', '铁西区', '210100');
INSERT INTO `areas` VALUES ('210111', '苏家屯区', '210100');
INSERT INTO `areas` VALUES ('210112', '东陵区', '210100');
INSERT INTO `areas` VALUES ('210113', '新城子区', '210100');
INSERT INTO `areas` VALUES ('210114', '于洪区', '210100');
INSERT INTO `areas` VALUES ('210122', '辽中县', '210100');
INSERT INTO `areas` VALUES ('210123', '康平县', '210100');
INSERT INTO `areas` VALUES ('210124', '法库县', '210100');
INSERT INTO `areas` VALUES ('210181', '新民市', '210100');
INSERT INTO `areas` VALUES ('210201', '市辖区', '210200');
INSERT INTO `areas` VALUES ('210202', '中山区', '210200');
INSERT INTO `areas` VALUES ('210203', '西岗区', '210200');
INSERT INTO `areas` VALUES ('210204', '沙河口区', '210200');
INSERT INTO `areas` VALUES ('210211', '甘井子区', '210200');
INSERT INTO `areas` VALUES ('210212', '旅顺口区', '210200');
INSERT INTO `areas` VALUES ('210213', '金州区', '210200');
INSERT INTO `areas` VALUES ('210224', '长海县', '210200');
INSERT INTO `areas` VALUES ('210281', '瓦房店市', '210200');
INSERT INTO `areas` VALUES ('210282', '普兰店市', '210200');
INSERT INTO `areas` VALUES ('210283', '庄河市', '210200');
INSERT INTO `areas` VALUES ('210301', '市辖区', '210300');
INSERT INTO `areas` VALUES ('210302', '铁东区', '210300');
INSERT INTO `areas` VALUES ('210303', '铁西区', '210300');
INSERT INTO `areas` VALUES ('210304', '立山区', '210300');
INSERT INTO `areas` VALUES ('210311', '千山区', '210300');
INSERT INTO `areas` VALUES ('210321', '台安县', '210300');
INSERT INTO `areas` VALUES ('210323', '岫岩满族自治县', '210300');
INSERT INTO `areas` VALUES ('210381', '海城市', '210300');
INSERT INTO `areas` VALUES ('210401', '市辖区', '210400');
INSERT INTO `areas` VALUES ('210402', '新抚区', '210400');
INSERT INTO `areas` VALUES ('210403', '东洲区', '210400');
INSERT INTO `areas` VALUES ('210404', '望花区', '210400');
INSERT INTO `areas` VALUES ('210411', '顺城区', '210400');
INSERT INTO `areas` VALUES ('210421', '抚顺县', '210400');
INSERT INTO `areas` VALUES ('210422', '新宾满族自治县', '210400');
INSERT INTO `areas` VALUES ('210423', '清原满族自治县', '210400');
INSERT INTO `areas` VALUES ('210501', '市辖区', '210500');
INSERT INTO `areas` VALUES ('210502', '平山区', '210500');
INSERT INTO `areas` VALUES ('210503', '溪湖区', '210500');
INSERT INTO `areas` VALUES ('210504', '明山区', '210500');
INSERT INTO `areas` VALUES ('210505', '南芬区', '210500');
INSERT INTO `areas` VALUES ('210521', '本溪满族自治县', '210500');
INSERT INTO `areas` VALUES ('210522', '桓仁满族自治县', '210500');
INSERT INTO `areas` VALUES ('210601', '市辖区', '210600');
INSERT INTO `areas` VALUES ('210602', '元宝区', '210600');
INSERT INTO `areas` VALUES ('210603', '振兴区', '210600');
INSERT INTO `areas` VALUES ('210604', '振安区', '210600');
INSERT INTO `areas` VALUES ('210624', '宽甸满族自治县', '210600');
INSERT INTO `areas` VALUES ('210681', '东港市', '210600');
INSERT INTO `areas` VALUES ('210682', '凤城市', '210600');
INSERT INTO `areas` VALUES ('210701', '市辖区', '210700');
INSERT INTO `areas` VALUES ('210702', '古塔区', '210700');
INSERT INTO `areas` VALUES ('210703', '凌河区', '210700');
INSERT INTO `areas` VALUES ('210711', '太和区', '210700');
INSERT INTO `areas` VALUES ('210726', '黑山县', '210700');
INSERT INTO `areas` VALUES ('210727', '义　县', '210700');
INSERT INTO `areas` VALUES ('210781', '凌海市', '210700');
INSERT INTO `areas` VALUES ('210782', '北宁市', '210700');
INSERT INTO `areas` VALUES ('210801', '市辖区', '210800');
INSERT INTO `areas` VALUES ('210802', '站前区', '210800');
INSERT INTO `areas` VALUES ('210803', '西市区', '210800');
INSERT INTO `areas` VALUES ('210804', '鲅鱼圈区', '210800');
INSERT INTO `areas` VALUES ('210811', '老边区', '210800');
INSERT INTO `areas` VALUES ('210881', '盖州市', '210800');
INSERT INTO `areas` VALUES ('210882', '大石桥市', '210800');
INSERT INTO `areas` VALUES ('210901', '市辖区', '210900');
INSERT INTO `areas` VALUES ('210902', '海州区', '210900');
INSERT INTO `areas` VALUES ('210903', '新邱区', '210900');
INSERT INTO `areas` VALUES ('210904', '太平区', '210900');
INSERT INTO `areas` VALUES ('210905', '清河门区', '210900');
INSERT INTO `areas` VALUES ('210911', '细河区', '210900');
INSERT INTO `areas` VALUES ('210921', '阜新蒙古族自治县', '210900');
INSERT INTO `areas` VALUES ('210922', '彰武县', '210900');
INSERT INTO `areas` VALUES ('211001', '市辖区', '211000');
INSERT INTO `areas` VALUES ('211002', '白塔区', '211000');
INSERT INTO `areas` VALUES ('211003', '文圣区', '211000');
INSERT INTO `areas` VALUES ('211004', '宏伟区', '211000');
INSERT INTO `areas` VALUES ('211005', '弓长岭区', '211000');
INSERT INTO `areas` VALUES ('211011', '太子河区', '211000');
INSERT INTO `areas` VALUES ('211021', '辽阳县', '211000');
INSERT INTO `areas` VALUES ('211081', '灯塔市', '211000');
INSERT INTO `areas` VALUES ('211101', '市辖区', '211100');
INSERT INTO `areas` VALUES ('211102', '双台子区', '211100');
INSERT INTO `areas` VALUES ('211103', '兴隆台区', '211100');
INSERT INTO `areas` VALUES ('211121', '大洼县', '211100');
INSERT INTO `areas` VALUES ('211122', '盘山县', '211100');
INSERT INTO `areas` VALUES ('211201', '市辖区', '211200');
INSERT INTO `areas` VALUES ('211202', '银州区', '211200');
INSERT INTO `areas` VALUES ('211204', '清河区', '211200');
INSERT INTO `areas` VALUES ('211221', '铁岭县', '211200');
INSERT INTO `areas` VALUES ('211223', '西丰县', '211200');
INSERT INTO `areas` VALUES ('211224', '昌图县', '211200');
INSERT INTO `areas` VALUES ('211281', '调兵山市', '211200');
INSERT INTO `areas` VALUES ('211282', '开原市', '211200');
INSERT INTO `areas` VALUES ('211301', '市辖区', '211300');
INSERT INTO `areas` VALUES ('211302', '双塔区', '211300');
INSERT INTO `areas` VALUES ('211303', '龙城区', '211300');
INSERT INTO `areas` VALUES ('211321', '朝阳县', '211300');
INSERT INTO `areas` VALUES ('211322', '建平县', '211300');
INSERT INTO `areas` VALUES ('211324', '喀喇沁左翼蒙古族自治县', '211300');
INSERT INTO `areas` VALUES ('211381', '北票市', '211300');
INSERT INTO `areas` VALUES ('211382', '凌源市', '211300');
INSERT INTO `areas` VALUES ('211401', '市辖区', '211400');
INSERT INTO `areas` VALUES ('211402', '连山区', '211400');
INSERT INTO `areas` VALUES ('211403', '龙港区', '211400');
INSERT INTO `areas` VALUES ('211404', '南票区', '211400');
INSERT INTO `areas` VALUES ('211421', '绥中县', '211400');
INSERT INTO `areas` VALUES ('211422', '建昌县', '211400');
INSERT INTO `areas` VALUES ('211481', '兴城市', '211400');
INSERT INTO `areas` VALUES ('220101', '市辖区', '220100');
INSERT INTO `areas` VALUES ('220102', '南关区', '220100');
INSERT INTO `areas` VALUES ('220103', '宽城区', '220100');
INSERT INTO `areas` VALUES ('220104', '朝阳区', '220100');
INSERT INTO `areas` VALUES ('220105', '二道区', '220100');
INSERT INTO `areas` VALUES ('220106', '绿园区', '220100');
INSERT INTO `areas` VALUES ('220112', '双阳区', '220100');
INSERT INTO `areas` VALUES ('220122', '农安县', '220100');
INSERT INTO `areas` VALUES ('220181', '九台市', '220100');
INSERT INTO `areas` VALUES ('220182', '榆树市', '220100');
INSERT INTO `areas` VALUES ('220183', '德惠市', '220100');
INSERT INTO `areas` VALUES ('220201', '市辖区', '220200');
INSERT INTO `areas` VALUES ('220202', '昌邑区', '220200');
INSERT INTO `areas` VALUES ('220203', '龙潭区', '220200');
INSERT INTO `areas` VALUES ('220204', '船营区', '220200');
INSERT INTO `areas` VALUES ('220211', '丰满区', '220200');
INSERT INTO `areas` VALUES ('220221', '永吉县', '220200');
INSERT INTO `areas` VALUES ('220281', '蛟河市', '220200');
INSERT INTO `areas` VALUES ('220282', '桦甸市', '220200');
INSERT INTO `areas` VALUES ('220283', '舒兰市', '220200');
INSERT INTO `areas` VALUES ('220284', '磐石市', '220200');
INSERT INTO `areas` VALUES ('220301', '市辖区', '220300');
INSERT INTO `areas` VALUES ('220302', '铁西区', '220300');
INSERT INTO `areas` VALUES ('220303', '铁东区', '220300');
INSERT INTO `areas` VALUES ('220322', '梨树县', '220300');
INSERT INTO `areas` VALUES ('220323', '伊通满族自治县', '220300');
INSERT INTO `areas` VALUES ('220381', '公主岭市', '220300');
INSERT INTO `areas` VALUES ('220382', '双辽市', '220300');
INSERT INTO `areas` VALUES ('220401', '市辖区', '220400');
INSERT INTO `areas` VALUES ('220402', '龙山区', '220400');
INSERT INTO `areas` VALUES ('220403', '西安区', '220400');
INSERT INTO `areas` VALUES ('220421', '东丰县', '220400');
INSERT INTO `areas` VALUES ('220422', '东辽县', '220400');
INSERT INTO `areas` VALUES ('220501', '市辖区', '220500');
INSERT INTO `areas` VALUES ('220502', '东昌区', '220500');
INSERT INTO `areas` VALUES ('220503', '二道江区', '220500');
INSERT INTO `areas` VALUES ('220521', '通化县', '220500');
INSERT INTO `areas` VALUES ('220523', '辉南县', '220500');
INSERT INTO `areas` VALUES ('220524', '柳河县', '220500');
INSERT INTO `areas` VALUES ('220581', '梅河口市', '220500');
INSERT INTO `areas` VALUES ('220582', '集安市', '220500');
INSERT INTO `areas` VALUES ('220601', '市辖区', '220600');
INSERT INTO `areas` VALUES ('220602', '八道江区', '220600');
INSERT INTO `areas` VALUES ('220621', '抚松县', '220600');
INSERT INTO `areas` VALUES ('220622', '靖宇县', '220600');
INSERT INTO `areas` VALUES ('220623', '长白朝鲜族自治县', '220600');
INSERT INTO `areas` VALUES ('220625', '江源县', '220600');
INSERT INTO `areas` VALUES ('220681', '临江市', '220600');
INSERT INTO `areas` VALUES ('220701', '市辖区', '220700');
INSERT INTO `areas` VALUES ('220702', '宁江区', '220700');
INSERT INTO `areas` VALUES ('220721', '前郭尔罗斯蒙古族自治县', '220700');
INSERT INTO `areas` VALUES ('220722', '长岭县', '220700');
INSERT INTO `areas` VALUES ('220723', '乾安县', '220700');
INSERT INTO `areas` VALUES ('220724', '扶余县', '220700');
INSERT INTO `areas` VALUES ('220801', '市辖区', '220800');
INSERT INTO `areas` VALUES ('220802', '洮北区', '220800');
INSERT INTO `areas` VALUES ('220821', '镇赉县', '220800');
INSERT INTO `areas` VALUES ('220822', '通榆县', '220800');
INSERT INTO `areas` VALUES ('220881', '洮南市', '220800');
INSERT INTO `areas` VALUES ('220882', '大安市', '220800');
INSERT INTO `areas` VALUES ('222401', '延吉市', '222400');
INSERT INTO `areas` VALUES ('222402', '图们市', '222400');
INSERT INTO `areas` VALUES ('222403', '敦化市', '222400');
INSERT INTO `areas` VALUES ('222404', '珲春市', '222400');
INSERT INTO `areas` VALUES ('222405', '龙井市', '222400');
INSERT INTO `areas` VALUES ('222406', '和龙市', '222400');
INSERT INTO `areas` VALUES ('222424', '汪清县', '222400');
INSERT INTO `areas` VALUES ('222426', '安图县', '222400');
INSERT INTO `areas` VALUES ('230101', '市辖区', '230100');
INSERT INTO `areas` VALUES ('230102', '道里区', '230100');
INSERT INTO `areas` VALUES ('230103', '南岗区', '230100');
INSERT INTO `areas` VALUES ('230104', '道外区', '230100');
INSERT INTO `areas` VALUES ('230106', '香坊区', '230100');
INSERT INTO `areas` VALUES ('230107', '动力区', '230100');
INSERT INTO `areas` VALUES ('230108', '平房区', '230100');
INSERT INTO `areas` VALUES ('230109', '松北区', '230100');
INSERT INTO `areas` VALUES ('230111', '呼兰区', '230100');
INSERT INTO `areas` VALUES ('230123', '依兰县', '230100');
INSERT INTO `areas` VALUES ('230124', '方正县', '230100');
INSERT INTO `areas` VALUES ('230125', '宾　县', '230100');
INSERT INTO `areas` VALUES ('230126', '巴彦县', '230100');
INSERT INTO `areas` VALUES ('230127', '木兰县', '230100');
INSERT INTO `areas` VALUES ('230128', '通河县', '230100');
INSERT INTO `areas` VALUES ('230129', '延寿县', '230100');
INSERT INTO `areas` VALUES ('230181', '阿城市', '230100');
INSERT INTO `areas` VALUES ('230182', '双城市', '230100');
INSERT INTO `areas` VALUES ('230183', '尚志市', '230100');
INSERT INTO `areas` VALUES ('230184', '五常市', '230100');
INSERT INTO `areas` VALUES ('230201', '市辖区', '230200');
INSERT INTO `areas` VALUES ('230202', '龙沙区', '230200');
INSERT INTO `areas` VALUES ('230203', '建华区', '230200');
INSERT INTO `areas` VALUES ('230204', '铁锋区', '230200');
INSERT INTO `areas` VALUES ('230205', '昂昂溪区', '230200');
INSERT INTO `areas` VALUES ('230206', '富拉尔基区', '230200');
INSERT INTO `areas` VALUES ('230207', '碾子山区', '230200');
INSERT INTO `areas` VALUES ('230208', '梅里斯达斡尔族区', '230200');
INSERT INTO `areas` VALUES ('230221', '龙江县', '230200');
INSERT INTO `areas` VALUES ('230223', '依安县', '230200');
INSERT INTO `areas` VALUES ('230224', '泰来县', '230200');
INSERT INTO `areas` VALUES ('230225', '甘南县', '230200');
INSERT INTO `areas` VALUES ('230227', '富裕县', '230200');
INSERT INTO `areas` VALUES ('230229', '克山县', '230200');
INSERT INTO `areas` VALUES ('230230', '克东县', '230200');
INSERT INTO `areas` VALUES ('230231', '拜泉县', '230200');
INSERT INTO `areas` VALUES ('230281', '讷河市', '230200');
INSERT INTO `areas` VALUES ('230301', '市辖区', '230300');
INSERT INTO `areas` VALUES ('230302', '鸡冠区', '230300');
INSERT INTO `areas` VALUES ('230303', '恒山区', '230300');
INSERT INTO `areas` VALUES ('230304', '滴道区', '230300');
INSERT INTO `areas` VALUES ('230305', '梨树区', '230300');
INSERT INTO `areas` VALUES ('230306', '城子河区', '230300');
INSERT INTO `areas` VALUES ('230307', '麻山区', '230300');
INSERT INTO `areas` VALUES ('230321', '鸡东县', '230300');
INSERT INTO `areas` VALUES ('230381', '虎林市', '230300');
INSERT INTO `areas` VALUES ('230382', '密山市', '230300');
INSERT INTO `areas` VALUES ('230401', '市辖区', '230400');
INSERT INTO `areas` VALUES ('230402', '向阳区', '230400');
INSERT INTO `areas` VALUES ('230403', '工农区', '230400');
INSERT INTO `areas` VALUES ('230404', '南山区', '230400');
INSERT INTO `areas` VALUES ('230405', '兴安区', '230400');
INSERT INTO `areas` VALUES ('230406', '东山区', '230400');
INSERT INTO `areas` VALUES ('230407', '兴山区', '230400');
INSERT INTO `areas` VALUES ('230421', '萝北县', '230400');
INSERT INTO `areas` VALUES ('230422', '绥滨县', '230400');
INSERT INTO `areas` VALUES ('230501', '市辖区', '230500');
INSERT INTO `areas` VALUES ('230502', '尖山区', '230500');
INSERT INTO `areas` VALUES ('230503', '岭东区', '230500');
INSERT INTO `areas` VALUES ('230505', '四方台区', '230500');
INSERT INTO `areas` VALUES ('230506', '宝山区', '230500');
INSERT INTO `areas` VALUES ('230521', '集贤县', '230500');
INSERT INTO `areas` VALUES ('230522', '友谊县', '230500');
INSERT INTO `areas` VALUES ('230523', '宝清县', '230500');
INSERT INTO `areas` VALUES ('230524', '饶河县', '230500');
INSERT INTO `areas` VALUES ('230601', '市辖区', '230600');
INSERT INTO `areas` VALUES ('230602', '萨尔图区', '230600');
INSERT INTO `areas` VALUES ('230603', '龙凤区', '230600');
INSERT INTO `areas` VALUES ('230604', '让胡路区', '230600');
INSERT INTO `areas` VALUES ('230605', '红岗区', '230600');
INSERT INTO `areas` VALUES ('230606', '大同区', '230600');
INSERT INTO `areas` VALUES ('230621', '肇州县', '230600');
INSERT INTO `areas` VALUES ('230622', '肇源县', '230600');
INSERT INTO `areas` VALUES ('230623', '林甸县', '230600');
INSERT INTO `areas` VALUES ('230624', '杜尔伯特蒙古族自治县', '230600');
INSERT INTO `areas` VALUES ('230701', '市辖区', '230700');
INSERT INTO `areas` VALUES ('230702', '伊春区', '230700');
INSERT INTO `areas` VALUES ('230703', '南岔区', '230700');
INSERT INTO `areas` VALUES ('230704', '友好区', '230700');
INSERT INTO `areas` VALUES ('230705', '西林区', '230700');
INSERT INTO `areas` VALUES ('230706', '翠峦区', '230700');
INSERT INTO `areas` VALUES ('230707', '新青区', '230700');
INSERT INTO `areas` VALUES ('230708', '美溪区', '230700');
INSERT INTO `areas` VALUES ('230709', '金山屯区', '230700');
INSERT INTO `areas` VALUES ('230710', '五营区', '230700');
INSERT INTO `areas` VALUES ('230711', '乌马河区', '230700');
INSERT INTO `areas` VALUES ('230712', '汤旺河区', '230700');
INSERT INTO `areas` VALUES ('230713', '带岭区', '230700');
INSERT INTO `areas` VALUES ('230714', '乌伊岭区', '230700');
INSERT INTO `areas` VALUES ('230715', '红星区', '230700');
INSERT INTO `areas` VALUES ('230716', '上甘岭区', '230700');
INSERT INTO `areas` VALUES ('230722', '嘉荫县', '230700');
INSERT INTO `areas` VALUES ('230781', '铁力市', '230700');
INSERT INTO `areas` VALUES ('230801', '市辖区', '230800');
INSERT INTO `areas` VALUES ('230802', '永红区', '230800');
INSERT INTO `areas` VALUES ('230803', '向阳区', '230800');
INSERT INTO `areas` VALUES ('230804', '前进区', '230800');
INSERT INTO `areas` VALUES ('230805', '东风区', '230800');
INSERT INTO `areas` VALUES ('230811', '郊　区', '230800');
INSERT INTO `areas` VALUES ('230822', '桦南县', '230800');
INSERT INTO `areas` VALUES ('230826', '桦川县', '230800');
INSERT INTO `areas` VALUES ('230828', '汤原县', '230800');
INSERT INTO `areas` VALUES ('230833', '抚远县', '230800');
INSERT INTO `areas` VALUES ('230881', '同江市', '230800');
INSERT INTO `areas` VALUES ('230882', '富锦市', '230800');
INSERT INTO `areas` VALUES ('230901', '市辖区', '230900');
INSERT INTO `areas` VALUES ('230902', '新兴区', '230900');
INSERT INTO `areas` VALUES ('230903', '桃山区', '230900');
INSERT INTO `areas` VALUES ('230904', '茄子河区', '230900');
INSERT INTO `areas` VALUES ('230921', '勃利县', '230900');
INSERT INTO `areas` VALUES ('231001', '市辖区', '231000');
INSERT INTO `areas` VALUES ('231002', '东安区', '231000');
INSERT INTO `areas` VALUES ('231003', '阳明区', '231000');
INSERT INTO `areas` VALUES ('231004', '爱民区', '231000');
INSERT INTO `areas` VALUES ('231005', '西安区', '231000');
INSERT INTO `areas` VALUES ('231024', '东宁县', '231000');
INSERT INTO `areas` VALUES ('231025', '林口县', '231000');
INSERT INTO `areas` VALUES ('231081', '绥芬河市', '231000');
INSERT INTO `areas` VALUES ('231083', '海林市', '231000');
INSERT INTO `areas` VALUES ('231084', '宁安市', '231000');
INSERT INTO `areas` VALUES ('231085', '穆棱市', '231000');
INSERT INTO `areas` VALUES ('231101', '市辖区', '231100');
INSERT INTO `areas` VALUES ('231102', '爱辉区', '231100');
INSERT INTO `areas` VALUES ('231121', '嫩江县', '231100');
INSERT INTO `areas` VALUES ('231123', '逊克县', '231100');
INSERT INTO `areas` VALUES ('231124', '孙吴县', '231100');
INSERT INTO `areas` VALUES ('231181', '北安市', '231100');
INSERT INTO `areas` VALUES ('231182', '五大连池市', '231100');
INSERT INTO `areas` VALUES ('231201', '市辖区', '231200');
INSERT INTO `areas` VALUES ('231202', '北林区', '231200');
INSERT INTO `areas` VALUES ('231221', '望奎县', '231200');
INSERT INTO `areas` VALUES ('231222', '兰西县', '231200');
INSERT INTO `areas` VALUES ('231223', '青冈县', '231200');
INSERT INTO `areas` VALUES ('231224', '庆安县', '231200');
INSERT INTO `areas` VALUES ('231225', '明水县', '231200');
INSERT INTO `areas` VALUES ('231226', '绥棱县', '231200');
INSERT INTO `areas` VALUES ('231281', '安达市', '231200');
INSERT INTO `areas` VALUES ('231282', '肇东市', '231200');
INSERT INTO `areas` VALUES ('231283', '海伦市', '231200');
INSERT INTO `areas` VALUES ('232721', '呼玛县', '232700');
INSERT INTO `areas` VALUES ('232722', '塔河县', '232700');
INSERT INTO `areas` VALUES ('232723', '漠河县', '232700');
INSERT INTO `areas` VALUES ('310101', '黄浦区', '310100');
INSERT INTO `areas` VALUES ('310103', '卢湾区', '310100');
INSERT INTO `areas` VALUES ('310104', '徐汇区', '310100');
INSERT INTO `areas` VALUES ('310105', '长宁区', '310100');
INSERT INTO `areas` VALUES ('310106', '静安区', '310100');
INSERT INTO `areas` VALUES ('310107', '普陀区', '310100');
INSERT INTO `areas` VALUES ('310108', '闸北区', '310100');
INSERT INTO `areas` VALUES ('310109', '虹口区', '310100');
INSERT INTO `areas` VALUES ('310110', '杨浦区', '310100');
INSERT INTO `areas` VALUES ('310112', '闵行区', '310100');
INSERT INTO `areas` VALUES ('310113', '宝山区', '310100');
INSERT INTO `areas` VALUES ('310114', '嘉定区', '310100');
INSERT INTO `areas` VALUES ('310115', '浦东新区', '310100');
INSERT INTO `areas` VALUES ('310116', '金山区', '310100');
INSERT INTO `areas` VALUES ('310117', '松江区', '310100');
INSERT INTO `areas` VALUES ('310118', '青浦区', '310100');
INSERT INTO `areas` VALUES ('310119', '南汇区', '310100');
INSERT INTO `areas` VALUES ('310120', '奉贤区', '310100');
INSERT INTO `areas` VALUES ('310230', '崇明县', '310200');
INSERT INTO `areas` VALUES ('320101', '市辖区', '320100');
INSERT INTO `areas` VALUES ('320102', '玄武区', '320100');
INSERT INTO `areas` VALUES ('320103', '白下区', '320100');
INSERT INTO `areas` VALUES ('320104', '秦淮区', '320100');
INSERT INTO `areas` VALUES ('320105', '建邺区', '320100');
INSERT INTO `areas` VALUES ('320106', '鼓楼区', '320100');
INSERT INTO `areas` VALUES ('320107', '下关区', '320100');
INSERT INTO `areas` VALUES ('320111', '浦口区', '320100');
INSERT INTO `areas` VALUES ('320113', '栖霞区', '320100');
INSERT INTO `areas` VALUES ('320114', '雨花台区', '320100');
INSERT INTO `areas` VALUES ('320115', '江宁区', '320100');
INSERT INTO `areas` VALUES ('320116', '六合区', '320100');
INSERT INTO `areas` VALUES ('320124', '溧水县', '320100');
INSERT INTO `areas` VALUES ('320125', '高淳县', '320100');
INSERT INTO `areas` VALUES ('320201', '市辖区', '320200');
INSERT INTO `areas` VALUES ('320202', '崇安区', '320200');
INSERT INTO `areas` VALUES ('320203', '南长区', '320200');
INSERT INTO `areas` VALUES ('320204', '北塘区', '320200');
INSERT INTO `areas` VALUES ('320205', '锡山区', '320200');
INSERT INTO `areas` VALUES ('320206', '惠山区', '320200');
INSERT INTO `areas` VALUES ('320211', '滨湖区', '320200');
INSERT INTO `areas` VALUES ('320281', '江阴市', '320200');
INSERT INTO `areas` VALUES ('320282', '宜兴市', '320200');
INSERT INTO `areas` VALUES ('320301', '市辖区', '320300');
INSERT INTO `areas` VALUES ('320302', '鼓楼区', '320300');
INSERT INTO `areas` VALUES ('320303', '云龙区', '320300');
INSERT INTO `areas` VALUES ('320304', '九里区', '320300');
INSERT INTO `areas` VALUES ('320305', '贾汪区', '320300');
INSERT INTO `areas` VALUES ('320311', '泉山区', '320300');
INSERT INTO `areas` VALUES ('320321', '丰　县', '320300');
INSERT INTO `areas` VALUES ('320322', '沛　县', '320300');
INSERT INTO `areas` VALUES ('320323', '铜山县', '320300');
INSERT INTO `areas` VALUES ('320324', '睢宁县', '320300');
INSERT INTO `areas` VALUES ('320381', '新沂市', '320300');
INSERT INTO `areas` VALUES ('320382', '邳州市', '320300');
INSERT INTO `areas` VALUES ('320401', '市辖区', '320400');
INSERT INTO `areas` VALUES ('320402', '天宁区', '320400');
INSERT INTO `areas` VALUES ('320404', '钟楼区', '320400');
INSERT INTO `areas` VALUES ('320405', '戚墅堰区', '320400');
INSERT INTO `areas` VALUES ('320411', '新北区', '320400');
INSERT INTO `areas` VALUES ('320412', '武进区', '320400');
INSERT INTO `areas` VALUES ('320481', '溧阳市', '320400');
INSERT INTO `areas` VALUES ('320482', '金坛市', '320400');
INSERT INTO `areas` VALUES ('320501', '市辖区', '320500');
INSERT INTO `areas` VALUES ('320502', '沧浪区', '320500');
INSERT INTO `areas` VALUES ('320503', '平江区', '320500');
INSERT INTO `areas` VALUES ('320504', '金阊区', '320500');
INSERT INTO `areas` VALUES ('320505', '虎丘区', '320500');
INSERT INTO `areas` VALUES ('320506', '吴中区', '320500');
INSERT INTO `areas` VALUES ('320507', '相城区', '320500');
INSERT INTO `areas` VALUES ('320581', '常熟市', '320500');
INSERT INTO `areas` VALUES ('320582', '张家港市', '320500');
INSERT INTO `areas` VALUES ('320583', '昆山市', '320500');
INSERT INTO `areas` VALUES ('320584', '吴江市', '320500');
INSERT INTO `areas` VALUES ('320585', '太仓市', '320500');
INSERT INTO `areas` VALUES ('320601', '市辖区', '320600');
INSERT INTO `areas` VALUES ('320602', '崇川区', '320600');
INSERT INTO `areas` VALUES ('320611', '港闸区', '320600');
INSERT INTO `areas` VALUES ('320621', '海安县', '320600');
INSERT INTO `areas` VALUES ('320623', '如东县', '320600');
INSERT INTO `areas` VALUES ('320681', '启东市', '320600');
INSERT INTO `areas` VALUES ('320682', '如皋市', '320600');
INSERT INTO `areas` VALUES ('320683', '通州市', '320600');
INSERT INTO `areas` VALUES ('320684', '海门市', '320600');
INSERT INTO `areas` VALUES ('320701', '市辖区', '320700');
INSERT INTO `areas` VALUES ('320703', '连云区', '320700');
INSERT INTO `areas` VALUES ('320705', '新浦区', '320700');
INSERT INTO `areas` VALUES ('320706', '海州区', '320700');
INSERT INTO `areas` VALUES ('320721', '赣榆县', '320700');
INSERT INTO `areas` VALUES ('320722', '东海县', '320700');
INSERT INTO `areas` VALUES ('320723', '灌云县', '320700');
INSERT INTO `areas` VALUES ('320724', '灌南县', '320700');
INSERT INTO `areas` VALUES ('320801', '市辖区', '320800');
INSERT INTO `areas` VALUES ('320802', '清河区', '320800');
INSERT INTO `areas` VALUES ('320803', '楚州区', '320800');
INSERT INTO `areas` VALUES ('320804', '淮阴区', '320800');
INSERT INTO `areas` VALUES ('320811', '清浦区', '320800');
INSERT INTO `areas` VALUES ('320826', '涟水县', '320800');
INSERT INTO `areas` VALUES ('320829', '洪泽县', '320800');
INSERT INTO `areas` VALUES ('320830', '盱眙县', '320800');
INSERT INTO `areas` VALUES ('320831', '金湖县', '320800');
INSERT INTO `areas` VALUES ('320901', '市辖区', '320900');
INSERT INTO `areas` VALUES ('320902', '亭湖区', '320900');
INSERT INTO `areas` VALUES ('320903', '盐都区', '320900');
INSERT INTO `areas` VALUES ('320921', '响水县', '320900');
INSERT INTO `areas` VALUES ('320922', '滨海县', '320900');
INSERT INTO `areas` VALUES ('320923', '阜宁县', '320900');
INSERT INTO `areas` VALUES ('320924', '射阳县', '320900');
INSERT INTO `areas` VALUES ('320925', '建湖县', '320900');
INSERT INTO `areas` VALUES ('320981', '东台市', '320900');
INSERT INTO `areas` VALUES ('320982', '大丰市', '320900');
INSERT INTO `areas` VALUES ('321001', '市辖区', '321000');
INSERT INTO `areas` VALUES ('321002', '广陵区', '321000');
INSERT INTO `areas` VALUES ('321003', '邗江区', '321000');
INSERT INTO `areas` VALUES ('321011', '郊　区', '321000');
INSERT INTO `areas` VALUES ('321023', '宝应县', '321000');
INSERT INTO `areas` VALUES ('321081', '仪征市', '321000');
INSERT INTO `areas` VALUES ('321084', '高邮市', '321000');
INSERT INTO `areas` VALUES ('321088', '江都市', '321000');
INSERT INTO `areas` VALUES ('321101', '市辖区', '321100');
INSERT INTO `areas` VALUES ('321102', '京口区', '321100');
INSERT INTO `areas` VALUES ('321111', '润州区', '321100');
INSERT INTO `areas` VALUES ('321112', '丹徒区', '321100');
INSERT INTO `areas` VALUES ('321181', '丹阳市', '321100');
INSERT INTO `areas` VALUES ('321182', '扬中市', '321100');
INSERT INTO `areas` VALUES ('321183', '句容市', '321100');
INSERT INTO `areas` VALUES ('321201', '市辖区', '321200');
INSERT INTO `areas` VALUES ('321202', '海陵区', '321200');
INSERT INTO `areas` VALUES ('321203', '高港区', '321200');
INSERT INTO `areas` VALUES ('321281', '兴化市', '321200');
INSERT INTO `areas` VALUES ('321282', '靖江市', '321200');
INSERT INTO `areas` VALUES ('321283', '泰兴市', '321200');
INSERT INTO `areas` VALUES ('321284', '姜堰市', '321200');
INSERT INTO `areas` VALUES ('321301', '市辖区', '321300');
INSERT INTO `areas` VALUES ('321302', '宿城区', '321300');
INSERT INTO `areas` VALUES ('321311', '宿豫区', '321300');
INSERT INTO `areas` VALUES ('321322', '沭阳县', '321300');
INSERT INTO `areas` VALUES ('321323', '泗阳县', '321300');
INSERT INTO `areas` VALUES ('321324', '泗洪县', '321300');
INSERT INTO `areas` VALUES ('330101', '市辖区', '330100');
INSERT INTO `areas` VALUES ('330102', '上城区', '330100');
INSERT INTO `areas` VALUES ('330103', '下城区', '330100');
INSERT INTO `areas` VALUES ('330104', '江干区', '330100');
INSERT INTO `areas` VALUES ('330105', '拱墅区', '330100');
INSERT INTO `areas` VALUES ('330106', '西湖区', '330100');
INSERT INTO `areas` VALUES ('330108', '滨江区', '330100');
INSERT INTO `areas` VALUES ('330109', '萧山区', '330100');
INSERT INTO `areas` VALUES ('330110', '余杭区', '330100');
INSERT INTO `areas` VALUES ('330122', '桐庐县', '330100');
INSERT INTO `areas` VALUES ('330127', '淳安县', '330100');
INSERT INTO `areas` VALUES ('330182', '建德市', '330100');
INSERT INTO `areas` VALUES ('330183', '富阳市', '330100');
INSERT INTO `areas` VALUES ('330185', '临安市', '330100');
INSERT INTO `areas` VALUES ('330201', '市辖区', '330200');
INSERT INTO `areas` VALUES ('330203', '海曙区', '330200');
INSERT INTO `areas` VALUES ('330204', '江东区', '330200');
INSERT INTO `areas` VALUES ('330205', '江北区', '330200');
INSERT INTO `areas` VALUES ('330206', '北仑区', '330200');
INSERT INTO `areas` VALUES ('330211', '镇海区', '330200');
INSERT INTO `areas` VALUES ('330212', '鄞州区', '330200');
INSERT INTO `areas` VALUES ('330225', '象山县', '330200');
INSERT INTO `areas` VALUES ('330226', '宁海县', '330200');
INSERT INTO `areas` VALUES ('330281', '余姚市', '330200');
INSERT INTO `areas` VALUES ('330282', '慈溪市', '330200');
INSERT INTO `areas` VALUES ('330283', '奉化市', '330200');
INSERT INTO `areas` VALUES ('330301', '市辖区', '330300');
INSERT INTO `areas` VALUES ('330302', '鹿城区', '330300');
INSERT INTO `areas` VALUES ('330303', '龙湾区', '330300');
INSERT INTO `areas` VALUES ('330304', '瓯海区', '330300');
INSERT INTO `areas` VALUES ('330322', '洞头县', '330300');
INSERT INTO `areas` VALUES ('330324', '永嘉县', '330300');
INSERT INTO `areas` VALUES ('330326', '平阳县', '330300');
INSERT INTO `areas` VALUES ('330327', '苍南县', '330300');
INSERT INTO `areas` VALUES ('330328', '文成县', '330300');
INSERT INTO `areas` VALUES ('330329', '泰顺县', '330300');
INSERT INTO `areas` VALUES ('330381', '瑞安市', '330300');
INSERT INTO `areas` VALUES ('330382', '乐清市', '330300');
INSERT INTO `areas` VALUES ('330401', '市辖区', '330400');
INSERT INTO `areas` VALUES ('330402', '秀城区', '330400');
INSERT INTO `areas` VALUES ('330411', '秀洲区', '330400');
INSERT INTO `areas` VALUES ('330421', '嘉善县', '330400');
INSERT INTO `areas` VALUES ('330424', '海盐县', '330400');
INSERT INTO `areas` VALUES ('330481', '海宁市', '330400');
INSERT INTO `areas` VALUES ('330482', '平湖市', '330400');
INSERT INTO `areas` VALUES ('330483', '桐乡市', '330400');
INSERT INTO `areas` VALUES ('330501', '市辖区', '330500');
INSERT INTO `areas` VALUES ('330502', '吴兴区', '330500');
INSERT INTO `areas` VALUES ('330503', '南浔区', '330500');
INSERT INTO `areas` VALUES ('330521', '德清县', '330500');
INSERT INTO `areas` VALUES ('330522', '长兴县', '330500');
INSERT INTO `areas` VALUES ('330523', '安吉县', '330500');
INSERT INTO `areas` VALUES ('330601', '市辖区', '330600');
INSERT INTO `areas` VALUES ('330602', '越城区', '330600');
INSERT INTO `areas` VALUES ('330621', '绍兴县', '330600');
INSERT INTO `areas` VALUES ('330624', '新昌县', '330600');
INSERT INTO `areas` VALUES ('330681', '诸暨市', '330600');
INSERT INTO `areas` VALUES ('330682', '上虞市', '330600');
INSERT INTO `areas` VALUES ('330683', '嵊州市', '330600');
INSERT INTO `areas` VALUES ('330701', '市辖区', '330700');
INSERT INTO `areas` VALUES ('330702', '婺城区', '330700');
INSERT INTO `areas` VALUES ('330703', '金东区', '330700');
INSERT INTO `areas` VALUES ('330723', '武义县', '330700');
INSERT INTO `areas` VALUES ('330726', '浦江县', '330700');
INSERT INTO `areas` VALUES ('330727', '磐安县', '330700');
INSERT INTO `areas` VALUES ('330781', '兰溪市', '330700');
INSERT INTO `areas` VALUES ('330782', '义乌市', '330700');
INSERT INTO `areas` VALUES ('330783', '东阳市', '330700');
INSERT INTO `areas` VALUES ('330784', '永康市', '330700');
INSERT INTO `areas` VALUES ('330801', '市辖区', '330800');
INSERT INTO `areas` VALUES ('330802', '柯城区', '330800');
INSERT INTO `areas` VALUES ('330803', '衢江区', '330800');
INSERT INTO `areas` VALUES ('330822', '常山县', '330800');
INSERT INTO `areas` VALUES ('330824', '开化县', '330800');
INSERT INTO `areas` VALUES ('330825', '龙游县', '330800');
INSERT INTO `areas` VALUES ('330881', '江山市', '330800');
INSERT INTO `areas` VALUES ('330901', '市辖区', '330900');
INSERT INTO `areas` VALUES ('330902', '定海区', '330900');
INSERT INTO `areas` VALUES ('330903', '普陀区', '330900');
INSERT INTO `areas` VALUES ('330921', '岱山县', '330900');
INSERT INTO `areas` VALUES ('330922', '嵊泗县', '330900');
INSERT INTO `areas` VALUES ('331001', '市辖区', '331000');
INSERT INTO `areas` VALUES ('331002', '椒江区', '331000');
INSERT INTO `areas` VALUES ('331003', '黄岩区', '331000');
INSERT INTO `areas` VALUES ('331004', '路桥区', '331000');
INSERT INTO `areas` VALUES ('331021', '玉环县', '331000');
INSERT INTO `areas` VALUES ('331022', '三门县', '331000');
INSERT INTO `areas` VALUES ('331023', '天台县', '331000');
INSERT INTO `areas` VALUES ('331024', '仙居县', '331000');
INSERT INTO `areas` VALUES ('331081', '温岭市', '331000');
INSERT INTO `areas` VALUES ('331082', '临海市', '331000');
INSERT INTO `areas` VALUES ('331101', '市辖区', '331100');
INSERT INTO `areas` VALUES ('331102', '莲都区', '331100');
INSERT INTO `areas` VALUES ('331121', '青田县', '331100');
INSERT INTO `areas` VALUES ('331122', '缙云县', '331100');
INSERT INTO `areas` VALUES ('331123', '遂昌县', '331100');
INSERT INTO `areas` VALUES ('331124', '松阳县', '331100');
INSERT INTO `areas` VALUES ('331125', '云和县', '331100');
INSERT INTO `areas` VALUES ('331126', '庆元县', '331100');
INSERT INTO `areas` VALUES ('331127', '景宁畲族自治县', '331100');
INSERT INTO `areas` VALUES ('331181', '龙泉市', '331100');
INSERT INTO `areas` VALUES ('340101', '市辖区', '340100');
INSERT INTO `areas` VALUES ('340102', '瑶海区', '340100');
INSERT INTO `areas` VALUES ('340103', '庐阳区', '340100');
INSERT INTO `areas` VALUES ('340104', '蜀山区', '340100');
INSERT INTO `areas` VALUES ('340111', '包河区', '340100');
INSERT INTO `areas` VALUES ('340121', '长丰县', '340100');
INSERT INTO `areas` VALUES ('340122', '肥东县', '340100');
INSERT INTO `areas` VALUES ('340123', '肥西县', '340100');
INSERT INTO `areas` VALUES ('340201', '市辖区', '340200');
INSERT INTO `areas` VALUES ('340202', '镜湖区', '340200');
INSERT INTO `areas` VALUES ('340203', '马塘区', '340200');
INSERT INTO `areas` VALUES ('340204', '新芜区', '340200');
INSERT INTO `areas` VALUES ('340207', '鸠江区', '340200');
INSERT INTO `areas` VALUES ('340221', '芜湖县', '340200');
INSERT INTO `areas` VALUES ('340222', '繁昌县', '340200');
INSERT INTO `areas` VALUES ('340223', '南陵县', '340200');
INSERT INTO `areas` VALUES ('340301', '市辖区', '340300');
INSERT INTO `areas` VALUES ('340302', '龙子湖区', '340300');
INSERT INTO `areas` VALUES ('340303', '蚌山区', '340300');
INSERT INTO `areas` VALUES ('340304', '禹会区', '340300');
INSERT INTO `areas` VALUES ('340311', '淮上区', '340300');
INSERT INTO `areas` VALUES ('340321', '怀远县', '340300');
INSERT INTO `areas` VALUES ('340322', '五河县', '340300');
INSERT INTO `areas` VALUES ('340323', '固镇县', '340300');
INSERT INTO `areas` VALUES ('340401', '市辖区', '340400');
INSERT INTO `areas` VALUES ('340402', '大通区', '340400');
INSERT INTO `areas` VALUES ('340403', '田家庵区', '340400');
INSERT INTO `areas` VALUES ('340404', '谢家集区', '340400');
INSERT INTO `areas` VALUES ('340405', '八公山区', '340400');
INSERT INTO `areas` VALUES ('340406', '潘集区', '340400');
INSERT INTO `areas` VALUES ('340421', '凤台县', '340400');
INSERT INTO `areas` VALUES ('340501', '市辖区', '340500');
INSERT INTO `areas` VALUES ('340502', '金家庄区', '340500');
INSERT INTO `areas` VALUES ('340503', '花山区', '340500');
INSERT INTO `areas` VALUES ('340504', '雨山区', '340500');
INSERT INTO `areas` VALUES ('340521', '当涂县', '340500');
INSERT INTO `areas` VALUES ('340601', '市辖区', '340600');
INSERT INTO `areas` VALUES ('340602', '杜集区', '340600');
INSERT INTO `areas` VALUES ('340603', '相山区', '340600');
INSERT INTO `areas` VALUES ('340604', '烈山区', '340600');
INSERT INTO `areas` VALUES ('340621', '濉溪县', '340600');
INSERT INTO `areas` VALUES ('340701', '市辖区', '340700');
INSERT INTO `areas` VALUES ('340702', '铜官山区', '340700');
INSERT INTO `areas` VALUES ('340703', '狮子山区', '340700');
INSERT INTO `areas` VALUES ('340711', '郊　区', '340700');
INSERT INTO `areas` VALUES ('340721', '铜陵县', '340700');
INSERT INTO `areas` VALUES ('340801', '市辖区', '340800');
INSERT INTO `areas` VALUES ('340802', '迎江区', '340800');
INSERT INTO `areas` VALUES ('340803', '大观区', '340800');
INSERT INTO `areas` VALUES ('340811', '郊　区', '340800');
INSERT INTO `areas` VALUES ('340822', '怀宁县', '340800');
INSERT INTO `areas` VALUES ('340823', '枞阳县', '340800');
INSERT INTO `areas` VALUES ('340824', '潜山县', '340800');
INSERT INTO `areas` VALUES ('340825', '太湖县', '340800');
INSERT INTO `areas` VALUES ('340826', '宿松县', '340800');
INSERT INTO `areas` VALUES ('340827', '望江县', '340800');
INSERT INTO `areas` VALUES ('340828', '岳西县', '340800');
INSERT INTO `areas` VALUES ('340881', '桐城市', '340800');
INSERT INTO `areas` VALUES ('341001', '市辖区', '341000');
INSERT INTO `areas` VALUES ('341002', '屯溪区', '341000');
INSERT INTO `areas` VALUES ('341003', '黄山区', '341000');
INSERT INTO `areas` VALUES ('341004', '徽州区', '341000');
INSERT INTO `areas` VALUES ('341021', '歙　县', '341000');
INSERT INTO `areas` VALUES ('341022', '休宁县', '341000');
INSERT INTO `areas` VALUES ('341023', '黟　县', '341000');
INSERT INTO `areas` VALUES ('341024', '祁门县', '341000');
INSERT INTO `areas` VALUES ('341101', '市辖区', '341100');
INSERT INTO `areas` VALUES ('341102', '琅琊区', '341100');
INSERT INTO `areas` VALUES ('341103', '南谯区', '341100');
INSERT INTO `areas` VALUES ('341122', '来安县', '341100');
INSERT INTO `areas` VALUES ('341124', '全椒县', '341100');
INSERT INTO `areas` VALUES ('341125', '定远县', '341100');
INSERT INTO `areas` VALUES ('341126', '凤阳县', '341100');
INSERT INTO `areas` VALUES ('341181', '天长市', '341100');
INSERT INTO `areas` VALUES ('341182', '明光市', '341100');
INSERT INTO `areas` VALUES ('341201', '市辖区', '341200');
INSERT INTO `areas` VALUES ('341202', '颍州区', '341200');
INSERT INTO `areas` VALUES ('341203', '颍东区', '341200');
INSERT INTO `areas` VALUES ('341204', '颍泉区', '341200');
INSERT INTO `areas` VALUES ('341221', '临泉县', '341200');
INSERT INTO `areas` VALUES ('341222', '太和县', '341200');
INSERT INTO `areas` VALUES ('341225', '阜南县', '341200');
INSERT INTO `areas` VALUES ('341226', '颍上县', '341200');
INSERT INTO `areas` VALUES ('341282', '界首市', '341200');
INSERT INTO `areas` VALUES ('341301', '市辖区', '341300');
INSERT INTO `areas` VALUES ('341302', '墉桥区', '341300');
INSERT INTO `areas` VALUES ('341321', '砀山县', '341300');
INSERT INTO `areas` VALUES ('341322', '萧　县', '341300');
INSERT INTO `areas` VALUES ('341323', '灵璧县', '341300');
INSERT INTO `areas` VALUES ('341324', '泗　县', '341300');
INSERT INTO `areas` VALUES ('341401', '市辖区', '341400');
INSERT INTO `areas` VALUES ('341402', '居巢区', '341400');
INSERT INTO `areas` VALUES ('341421', '庐江县', '341400');
INSERT INTO `areas` VALUES ('341422', '无为县', '341400');
INSERT INTO `areas` VALUES ('341423', '含山县', '341400');
INSERT INTO `areas` VALUES ('341424', '和　县', '341400');
INSERT INTO `areas` VALUES ('341501', '市辖区', '341500');
INSERT INTO `areas` VALUES ('341502', '金安区', '341500');
INSERT INTO `areas` VALUES ('341503', '裕安区', '341500');
INSERT INTO `areas` VALUES ('341521', '寿　县', '341500');
INSERT INTO `areas` VALUES ('341522', '霍邱县', '341500');
INSERT INTO `areas` VALUES ('341523', '舒城县', '341500');
INSERT INTO `areas` VALUES ('341524', '金寨县', '341500');
INSERT INTO `areas` VALUES ('341525', '霍山县', '341500');
INSERT INTO `areas` VALUES ('341601', '市辖区', '341600');
INSERT INTO `areas` VALUES ('341602', '谯城区', '341600');
INSERT INTO `areas` VALUES ('341621', '涡阳县', '341600');
INSERT INTO `areas` VALUES ('341622', '蒙城县', '341600');
INSERT INTO `areas` VALUES ('341623', '利辛县', '341600');
INSERT INTO `areas` VALUES ('341701', '市辖区', '341700');
INSERT INTO `areas` VALUES ('341702', '贵池区', '341700');
INSERT INTO `areas` VALUES ('341721', '东至县', '341700');
INSERT INTO `areas` VALUES ('341722', '石台县', '341700');
INSERT INTO `areas` VALUES ('341723', '青阳县', '341700');
INSERT INTO `areas` VALUES ('341801', '市辖区', '341800');
INSERT INTO `areas` VALUES ('341802', '宣州区', '341800');
INSERT INTO `areas` VALUES ('341821', '郎溪县', '341800');
INSERT INTO `areas` VALUES ('341822', '广德县', '341800');
INSERT INTO `areas` VALUES ('341823', '泾　县', '341800');
INSERT INTO `areas` VALUES ('341824', '绩溪县', '341800');
INSERT INTO `areas` VALUES ('341825', '旌德县', '341800');
INSERT INTO `areas` VALUES ('341881', '宁国市', '341800');
INSERT INTO `areas` VALUES ('350101', '市辖区', '350100');
INSERT INTO `areas` VALUES ('350102', '鼓楼区', '350100');
INSERT INTO `areas` VALUES ('350103', '台江区', '350100');
INSERT INTO `areas` VALUES ('350104', '仓山区', '350100');
INSERT INTO `areas` VALUES ('350105', '马尾区', '350100');
INSERT INTO `areas` VALUES ('350111', '晋安区', '350100');
INSERT INTO `areas` VALUES ('350121', '闽侯县', '350100');
INSERT INTO `areas` VALUES ('350122', '连江县', '350100');
INSERT INTO `areas` VALUES ('350123', '罗源县', '350100');
INSERT INTO `areas` VALUES ('350124', '闽清县', '350100');
INSERT INTO `areas` VALUES ('350125', '永泰县', '350100');
INSERT INTO `areas` VALUES ('350128', '平潭县', '350100');
INSERT INTO `areas` VALUES ('350181', '福清市', '350100');
INSERT INTO `areas` VALUES ('350182', '长乐市', '350100');
INSERT INTO `areas` VALUES ('350201', '市辖区', '350200');
INSERT INTO `areas` VALUES ('350203', '思明区', '350200');
INSERT INTO `areas` VALUES ('350205', '海沧区', '350200');
INSERT INTO `areas` VALUES ('350206', '湖里区', '350200');
INSERT INTO `areas` VALUES ('350211', '集美区', '350200');
INSERT INTO `areas` VALUES ('350212', '同安区', '350200');
INSERT INTO `areas` VALUES ('350213', '翔安区', '350200');
INSERT INTO `areas` VALUES ('350301', '市辖区', '350300');
INSERT INTO `areas` VALUES ('350302', '城厢区', '350300');
INSERT INTO `areas` VALUES ('350303', '涵江区', '350300');
INSERT INTO `areas` VALUES ('350304', '荔城区', '350300');
INSERT INTO `areas` VALUES ('350305', '秀屿区', '350300');
INSERT INTO `areas` VALUES ('350322', '仙游县', '350300');
INSERT INTO `areas` VALUES ('350401', '市辖区', '350400');
INSERT INTO `areas` VALUES ('350402', '梅列区', '350400');
INSERT INTO `areas` VALUES ('350403', '三元区', '350400');
INSERT INTO `areas` VALUES ('350421', '明溪县', '350400');
INSERT INTO `areas` VALUES ('350423', '清流县', '350400');
INSERT INTO `areas` VALUES ('350424', '宁化县', '350400');
INSERT INTO `areas` VALUES ('350425', '大田县', '350400');
INSERT INTO `areas` VALUES ('350426', '尤溪县', '350400');
INSERT INTO `areas` VALUES ('350427', '沙　县', '350400');
INSERT INTO `areas` VALUES ('350428', '将乐县', '350400');
INSERT INTO `areas` VALUES ('350429', '泰宁县', '350400');
INSERT INTO `areas` VALUES ('350430', '建宁县', '350400');
INSERT INTO `areas` VALUES ('350481', '永安市', '350400');
INSERT INTO `areas` VALUES ('350501', '市辖区', '350500');
INSERT INTO `areas` VALUES ('350502', '鲤城区', '350500');
INSERT INTO `areas` VALUES ('350503', '丰泽区', '350500');
INSERT INTO `areas` VALUES ('350504', '洛江区', '350500');
INSERT INTO `areas` VALUES ('350505', '泉港区', '350500');
INSERT INTO `areas` VALUES ('350521', '惠安县', '350500');
INSERT INTO `areas` VALUES ('350524', '安溪县', '350500');
INSERT INTO `areas` VALUES ('350525', '永春县', '350500');
INSERT INTO `areas` VALUES ('350526', '德化县', '350500');
INSERT INTO `areas` VALUES ('350527', '金门县', '350500');
INSERT INTO `areas` VALUES ('350581', '石狮市', '350500');
INSERT INTO `areas` VALUES ('350582', '晋江市', '350500');
INSERT INTO `areas` VALUES ('350583', '南安市', '350500');
INSERT INTO `areas` VALUES ('350601', '市辖区', '350600');
INSERT INTO `areas` VALUES ('350602', '芗城区', '350600');
INSERT INTO `areas` VALUES ('350603', '龙文区', '350600');
INSERT INTO `areas` VALUES ('350622', '云霄县', '350600');
INSERT INTO `areas` VALUES ('350623', '漳浦县', '350600');
INSERT INTO `areas` VALUES ('350624', '诏安县', '350600');
INSERT INTO `areas` VALUES ('350625', '长泰县', '350600');
INSERT INTO `areas` VALUES ('350626', '东山县', '350600');
INSERT INTO `areas` VALUES ('350627', '南靖县', '350600');
INSERT INTO `areas` VALUES ('350628', '平和县', '350600');
INSERT INTO `areas` VALUES ('350629', '华安县', '350600');
INSERT INTO `areas` VALUES ('350681', '龙海市', '350600');
INSERT INTO `areas` VALUES ('350701', '市辖区', '350700');
INSERT INTO `areas` VALUES ('350702', '延平区', '350700');
INSERT INTO `areas` VALUES ('350721', '顺昌县', '350700');
INSERT INTO `areas` VALUES ('350722', '浦城县', '350700');
INSERT INTO `areas` VALUES ('350723', '光泽县', '350700');
INSERT INTO `areas` VALUES ('350724', '松溪县', '350700');
INSERT INTO `areas` VALUES ('350725', '政和县', '350700');
INSERT INTO `areas` VALUES ('350781', '邵武市', '350700');
INSERT INTO `areas` VALUES ('350782', '武夷山市', '350700');
INSERT INTO `areas` VALUES ('350783', '建瓯市', '350700');
INSERT INTO `areas` VALUES ('350784', '建阳市', '350700');
INSERT INTO `areas` VALUES ('350801', '市辖区', '350800');
INSERT INTO `areas` VALUES ('350802', '新罗区', '350800');
INSERT INTO `areas` VALUES ('350821', '长汀县', '350800');
INSERT INTO `areas` VALUES ('350822', '永定县', '350800');
INSERT INTO `areas` VALUES ('350823', '上杭县', '350800');
INSERT INTO `areas` VALUES ('350824', '武平县', '350800');
INSERT INTO `areas` VALUES ('350825', '连城县', '350800');
INSERT INTO `areas` VALUES ('350881', '漳平市', '350800');
INSERT INTO `areas` VALUES ('350901', '市辖区', '350900');
INSERT INTO `areas` VALUES ('350902', '蕉城区', '350900');
INSERT INTO `areas` VALUES ('350921', '霞浦县', '350900');
INSERT INTO `areas` VALUES ('350922', '古田县', '350900');
INSERT INTO `areas` VALUES ('350923', '屏南县', '350900');
INSERT INTO `areas` VALUES ('350924', '寿宁县', '350900');
INSERT INTO `areas` VALUES ('350925', '周宁县', '350900');
INSERT INTO `areas` VALUES ('350926', '柘荣县', '350900');
INSERT INTO `areas` VALUES ('350981', '福安市', '350900');
INSERT INTO `areas` VALUES ('350982', '福鼎市', '350900');
INSERT INTO `areas` VALUES ('360101', '市辖区', '360100');
INSERT INTO `areas` VALUES ('360102', '东湖区', '360100');
INSERT INTO `areas` VALUES ('360103', '西湖区', '360100');
INSERT INTO `areas` VALUES ('360104', '青云谱区', '360100');
INSERT INTO `areas` VALUES ('360105', '湾里区', '360100');
INSERT INTO `areas` VALUES ('360111', '青山湖区', '360100');
INSERT INTO `areas` VALUES ('360121', '南昌县', '360100');
INSERT INTO `areas` VALUES ('360122', '新建县', '360100');
INSERT INTO `areas` VALUES ('360123', '安义县', '360100');
INSERT INTO `areas` VALUES ('360124', '进贤县', '360100');
INSERT INTO `areas` VALUES ('360201', '市辖区', '360200');
INSERT INTO `areas` VALUES ('360202', '昌江区', '360200');
INSERT INTO `areas` VALUES ('360203', '珠山区', '360200');
INSERT INTO `areas` VALUES ('360222', '浮梁县', '360200');
INSERT INTO `areas` VALUES ('360281', '乐平市', '360200');
INSERT INTO `areas` VALUES ('360301', '市辖区', '360300');
INSERT INTO `areas` VALUES ('360302', '安源区', '360300');
INSERT INTO `areas` VALUES ('360313', '湘东区', '360300');
INSERT INTO `areas` VALUES ('360321', '莲花县', '360300');
INSERT INTO `areas` VALUES ('360322', '上栗县', '360300');
INSERT INTO `areas` VALUES ('360323', '芦溪县', '360300');
INSERT INTO `areas` VALUES ('360401', '市辖区', '360400');
INSERT INTO `areas` VALUES ('360402', '庐山区', '360400');
INSERT INTO `areas` VALUES ('360403', '浔阳区', '360400');
INSERT INTO `areas` VALUES ('360421', '九江县', '360400');
INSERT INTO `areas` VALUES ('360423', '武宁县', '360400');
INSERT INTO `areas` VALUES ('360424', '修水县', '360400');
INSERT INTO `areas` VALUES ('360425', '永修县', '360400');
INSERT INTO `areas` VALUES ('360426', '德安县', '360400');
INSERT INTO `areas` VALUES ('360427', '星子县', '360400');
INSERT INTO `areas` VALUES ('360428', '都昌县', '360400');
INSERT INTO `areas` VALUES ('360429', '湖口县', '360400');
INSERT INTO `areas` VALUES ('360430', '彭泽县', '360400');
INSERT INTO `areas` VALUES ('360481', '瑞昌市', '360400');
INSERT INTO `areas` VALUES ('360501', '市辖区', '360500');
INSERT INTO `areas` VALUES ('360502', '渝水区', '360500');
INSERT INTO `areas` VALUES ('360521', '分宜县', '360500');
INSERT INTO `areas` VALUES ('360601', '市辖区', '360600');
INSERT INTO `areas` VALUES ('360602', '月湖区', '360600');
INSERT INTO `areas` VALUES ('360622', '余江县', '360600');
INSERT INTO `areas` VALUES ('360681', '贵溪市', '360600');
INSERT INTO `areas` VALUES ('360701', '市辖区', '360700');
INSERT INTO `areas` VALUES ('360702', '章贡区', '360700');
INSERT INTO `areas` VALUES ('360721', '赣　县', '360700');
INSERT INTO `areas` VALUES ('360722', '信丰县', '360700');
INSERT INTO `areas` VALUES ('360723', '大余县', '360700');
INSERT INTO `areas` VALUES ('360724', '上犹县', '360700');
INSERT INTO `areas` VALUES ('360725', '崇义县', '360700');
INSERT INTO `areas` VALUES ('360726', '安远县', '360700');
INSERT INTO `areas` VALUES ('360727', '龙南县', '360700');
INSERT INTO `areas` VALUES ('360728', '定南县', '360700');
INSERT INTO `areas` VALUES ('360729', '全南县', '360700');
INSERT INTO `areas` VALUES ('360730', '宁都县', '360700');
INSERT INTO `areas` VALUES ('360731', '于都县', '360700');
INSERT INTO `areas` VALUES ('360732', '兴国县', '360700');
INSERT INTO `areas` VALUES ('360733', '会昌县', '360700');
INSERT INTO `areas` VALUES ('360734', '寻乌县', '360700');
INSERT INTO `areas` VALUES ('360735', '石城县', '360700');
INSERT INTO `areas` VALUES ('360781', '瑞金市', '360700');
INSERT INTO `areas` VALUES ('360782', '南康市', '360700');
INSERT INTO `areas` VALUES ('360801', '市辖区', '360800');
INSERT INTO `areas` VALUES ('360802', '吉州区', '360800');
INSERT INTO `areas` VALUES ('360803', '青原区', '360800');
INSERT INTO `areas` VALUES ('360821', '吉安县', '360800');
INSERT INTO `areas` VALUES ('360822', '吉水县', '360800');
INSERT INTO `areas` VALUES ('360823', '峡江县', '360800');
INSERT INTO `areas` VALUES ('360824', '新干县', '360800');
INSERT INTO `areas` VALUES ('360825', '永丰县', '360800');
INSERT INTO `areas` VALUES ('360826', '泰和县', '360800');
INSERT INTO `areas` VALUES ('360827', '遂川县', '360800');
INSERT INTO `areas` VALUES ('360828', '万安县', '360800');
INSERT INTO `areas` VALUES ('360829', '安福县', '360800');
INSERT INTO `areas` VALUES ('360830', '永新县', '360800');
INSERT INTO `areas` VALUES ('360881', '井冈山市', '360800');
INSERT INTO `areas` VALUES ('360901', '市辖区', '360900');
INSERT INTO `areas` VALUES ('360902', '袁州区', '360900');
INSERT INTO `areas` VALUES ('360921', '奉新县', '360900');
INSERT INTO `areas` VALUES ('360922', '万载县', '360900');
INSERT INTO `areas` VALUES ('360923', '上高县', '360900');
INSERT INTO `areas` VALUES ('360924', '宜丰县', '360900');
INSERT INTO `areas` VALUES ('360925', '靖安县', '360900');
INSERT INTO `areas` VALUES ('360926', '铜鼓县', '360900');
INSERT INTO `areas` VALUES ('360981', '丰城市', '360900');
INSERT INTO `areas` VALUES ('360982', '樟树市', '360900');
INSERT INTO `areas` VALUES ('360983', '高安市', '360900');
INSERT INTO `areas` VALUES ('361001', '市辖区', '361000');
INSERT INTO `areas` VALUES ('361002', '临川区', '361000');
INSERT INTO `areas` VALUES ('361021', '南城县', '361000');
INSERT INTO `areas` VALUES ('361022', '黎川县', '361000');
INSERT INTO `areas` VALUES ('361023', '南丰县', '361000');
INSERT INTO `areas` VALUES ('361024', '崇仁县', '361000');
INSERT INTO `areas` VALUES ('361025', '乐安县', '361000');
INSERT INTO `areas` VALUES ('361026', '宜黄县', '361000');
INSERT INTO `areas` VALUES ('361027', '金溪县', '361000');
INSERT INTO `areas` VALUES ('361028', '资溪县', '361000');
INSERT INTO `areas` VALUES ('361029', '东乡县', '361000');
INSERT INTO `areas` VALUES ('361030', '广昌县', '361000');
INSERT INTO `areas` VALUES ('361101', '市辖区', '361100');
INSERT INTO `areas` VALUES ('361102', '信州区', '361100');
INSERT INTO `areas` VALUES ('361121', '上饶县', '361100');
INSERT INTO `areas` VALUES ('361122', '广丰县', '361100');
INSERT INTO `areas` VALUES ('361123', '玉山县', '361100');
INSERT INTO `areas` VALUES ('361124', '铅山县', '361100');
INSERT INTO `areas` VALUES ('361125', '横峰县', '361100');
INSERT INTO `areas` VALUES ('361126', '弋阳县', '361100');
INSERT INTO `areas` VALUES ('361127', '余干县', '361100');
INSERT INTO `areas` VALUES ('361128', '鄱阳县', '361100');
INSERT INTO `areas` VALUES ('361129', '万年县', '361100');
INSERT INTO `areas` VALUES ('361130', '婺源县', '361100');
INSERT INTO `areas` VALUES ('361181', '德兴市', '361100');
INSERT INTO `areas` VALUES ('370101', '市辖区', '370100');
INSERT INTO `areas` VALUES ('370102', '历下区', '370100');
INSERT INTO `areas` VALUES ('370103', '市中区', '370100');
INSERT INTO `areas` VALUES ('370104', '槐荫区', '370100');
INSERT INTO `areas` VALUES ('370105', '天桥区', '370100');
INSERT INTO `areas` VALUES ('370112', '历城区', '370100');
INSERT INTO `areas` VALUES ('370113', '长清区', '370100');
INSERT INTO `areas` VALUES ('370124', '平阴县', '370100');
INSERT INTO `areas` VALUES ('370125', '济阳县', '370100');
INSERT INTO `areas` VALUES ('370126', '商河县', '370100');
INSERT INTO `areas` VALUES ('370181', '章丘市', '370100');
INSERT INTO `areas` VALUES ('370201', '市辖区', '370200');
INSERT INTO `areas` VALUES ('370202', '市南区', '370200');
INSERT INTO `areas` VALUES ('370203', '市北区', '370200');
INSERT INTO `areas` VALUES ('370205', '四方区', '370200');
INSERT INTO `areas` VALUES ('370211', '黄岛区', '370200');
INSERT INTO `areas` VALUES ('370212', '崂山区', '370200');
INSERT INTO `areas` VALUES ('370213', '李沧区', '370200');
INSERT INTO `areas` VALUES ('370214', '城阳区', '370200');
INSERT INTO `areas` VALUES ('370281', '胶州市', '370200');
INSERT INTO `areas` VALUES ('370282', '即墨市', '370200');
INSERT INTO `areas` VALUES ('370283', '平度市', '370200');
INSERT INTO `areas` VALUES ('370284', '胶南市', '370200');
INSERT INTO `areas` VALUES ('370285', '莱西市', '370200');
INSERT INTO `areas` VALUES ('370301', '市辖区', '370300');
INSERT INTO `areas` VALUES ('370302', '淄川区', '370300');
INSERT INTO `areas` VALUES ('370303', '张店区', '370300');
INSERT INTO `areas` VALUES ('370304', '博山区', '370300');
INSERT INTO `areas` VALUES ('370305', '临淄区', '370300');
INSERT INTO `areas` VALUES ('370306', '周村区', '370300');
INSERT INTO `areas` VALUES ('370321', '桓台县', '370300');
INSERT INTO `areas` VALUES ('370322', '高青县', '370300');
INSERT INTO `areas` VALUES ('370323', '沂源县', '370300');
INSERT INTO `areas` VALUES ('370401', '市辖区', '370400');
INSERT INTO `areas` VALUES ('370402', '市中区', '370400');
INSERT INTO `areas` VALUES ('370403', '薛城区', '370400');
INSERT INTO `areas` VALUES ('370404', '峄城区', '370400');
INSERT INTO `areas` VALUES ('370405', '台儿庄区', '370400');
INSERT INTO `areas` VALUES ('370406', '山亭区', '370400');
INSERT INTO `areas` VALUES ('370481', '滕州市', '370400');
INSERT INTO `areas` VALUES ('370501', '市辖区', '370500');
INSERT INTO `areas` VALUES ('370502', '东营区', '370500');
INSERT INTO `areas` VALUES ('370503', '河口区', '370500');
INSERT INTO `areas` VALUES ('370521', '垦利县', '370500');
INSERT INTO `areas` VALUES ('370522', '利津县', '370500');
INSERT INTO `areas` VALUES ('370523', '广饶县', '370500');
INSERT INTO `areas` VALUES ('370601', '市辖区', '370600');
INSERT INTO `areas` VALUES ('370602', '芝罘区', '370600');
INSERT INTO `areas` VALUES ('370611', '福山区', '370600');
INSERT INTO `areas` VALUES ('370612', '牟平区', '370600');
INSERT INTO `areas` VALUES ('370613', '莱山区', '370600');
INSERT INTO `areas` VALUES ('370634', '长岛县', '370600');
INSERT INTO `areas` VALUES ('370681', '龙口市', '370600');
INSERT INTO `areas` VALUES ('370682', '莱阳市', '370600');
INSERT INTO `areas` VALUES ('370683', '莱州市', '370600');
INSERT INTO `areas` VALUES ('370684', '蓬莱市', '370600');
INSERT INTO `areas` VALUES ('370685', '招远市', '370600');
INSERT INTO `areas` VALUES ('370686', '栖霞市', '370600');
INSERT INTO `areas` VALUES ('370687', '海阳市', '370600');
INSERT INTO `areas` VALUES ('370701', '市辖区', '370700');
INSERT INTO `areas` VALUES ('370702', '潍城区', '370700');
INSERT INTO `areas` VALUES ('370703', '寒亭区', '370700');
INSERT INTO `areas` VALUES ('370704', '坊子区', '370700');
INSERT INTO `areas` VALUES ('370705', '奎文区', '370700');
INSERT INTO `areas` VALUES ('370724', '临朐县', '370700');
INSERT INTO `areas` VALUES ('370725', '昌乐县', '370700');
INSERT INTO `areas` VALUES ('370781', '青州市', '370700');
INSERT INTO `areas` VALUES ('370782', '诸城市', '370700');
INSERT INTO `areas` VALUES ('370783', '寿光市', '370700');
INSERT INTO `areas` VALUES ('370784', '安丘市', '370700');
INSERT INTO `areas` VALUES ('370785', '高密市', '370700');
INSERT INTO `areas` VALUES ('370786', '昌邑市', '370700');
INSERT INTO `areas` VALUES ('370801', '市辖区', '370800');
INSERT INTO `areas` VALUES ('370802', '市中区', '370800');
INSERT INTO `areas` VALUES ('370811', '任城区', '370800');
INSERT INTO `areas` VALUES ('370826', '微山县', '370800');
INSERT INTO `areas` VALUES ('370827', '鱼台县', '370800');
INSERT INTO `areas` VALUES ('370828', '金乡县', '370800');
INSERT INTO `areas` VALUES ('370829', '嘉祥县', '370800');
INSERT INTO `areas` VALUES ('370830', '汶上县', '370800');
INSERT INTO `areas` VALUES ('370831', '泗水县', '370800');
INSERT INTO `areas` VALUES ('370832', '梁山县', '370800');
INSERT INTO `areas` VALUES ('370881', '曲阜市', '370800');
INSERT INTO `areas` VALUES ('370882', '兖州市', '370800');
INSERT INTO `areas` VALUES ('370883', '邹城市', '370800');
INSERT INTO `areas` VALUES ('370901', '市辖区', '370900');
INSERT INTO `areas` VALUES ('370902', '泰山区', '370900');
INSERT INTO `areas` VALUES ('370903', '岱岳区', '370900');
INSERT INTO `areas` VALUES ('370921', '宁阳县', '370900');
INSERT INTO `areas` VALUES ('370923', '东平县', '370900');
INSERT INTO `areas` VALUES ('370982', '新泰市', '370900');
INSERT INTO `areas` VALUES ('370983', '肥城市', '370900');
INSERT INTO `areas` VALUES ('371001', '市辖区', '371000');
INSERT INTO `areas` VALUES ('371002', '环翠区', '371000');
INSERT INTO `areas` VALUES ('371081', '文登市', '371000');
INSERT INTO `areas` VALUES ('371082', '荣成市', '371000');
INSERT INTO `areas` VALUES ('371083', '乳山市', '371000');
INSERT INTO `areas` VALUES ('371101', '市辖区', '371100');
INSERT INTO `areas` VALUES ('371102', '东港区', '371100');
INSERT INTO `areas` VALUES ('371103', '岚山区', '371100');
INSERT INTO `areas` VALUES ('371121', '五莲县', '371100');
INSERT INTO `areas` VALUES ('371122', '莒　县', '371100');
INSERT INTO `areas` VALUES ('371201', '市辖区', '371200');
INSERT INTO `areas` VALUES ('371202', '莱城区', '371200');
INSERT INTO `areas` VALUES ('371203', '钢城区', '371200');
INSERT INTO `areas` VALUES ('371301', '市辖区', '371300');
INSERT INTO `areas` VALUES ('371302', '兰山区', '371300');
INSERT INTO `areas` VALUES ('371311', '罗庄区', '371300');
INSERT INTO `areas` VALUES ('371312', '河东区', '371300');
INSERT INTO `areas` VALUES ('371321', '沂南县', '371300');
INSERT INTO `areas` VALUES ('371322', '郯城县', '371300');
INSERT INTO `areas` VALUES ('371323', '沂水县', '371300');
INSERT INTO `areas` VALUES ('371324', '苍山县', '371300');
INSERT INTO `areas` VALUES ('371325', '费　县', '371300');
INSERT INTO `areas` VALUES ('371326', '平邑县', '371300');
INSERT INTO `areas` VALUES ('371327', '莒南县', '371300');
INSERT INTO `areas` VALUES ('371328', '蒙阴县', '371300');
INSERT INTO `areas` VALUES ('371329', '临沭县', '371300');
INSERT INTO `areas` VALUES ('371401', '市辖区', '371400');
INSERT INTO `areas` VALUES ('371402', '德城区', '371400');
INSERT INTO `areas` VALUES ('371421', '陵　县', '371400');
INSERT INTO `areas` VALUES ('371422', '宁津县', '371400');
INSERT INTO `areas` VALUES ('371423', '庆云县', '371400');
INSERT INTO `areas` VALUES ('371424', '临邑县', '371400');
INSERT INTO `areas` VALUES ('371425', '齐河县', '371400');
INSERT INTO `areas` VALUES ('371426', '平原县', '371400');
INSERT INTO `areas` VALUES ('371427', '夏津县', '371400');
INSERT INTO `areas` VALUES ('371428', '武城县', '371400');
INSERT INTO `areas` VALUES ('371481', '乐陵市', '371400');
INSERT INTO `areas` VALUES ('371482', '禹城市', '371400');
INSERT INTO `areas` VALUES ('371501', '市辖区', '371500');
INSERT INTO `areas` VALUES ('371502', '东昌府区', '371500');
INSERT INTO `areas` VALUES ('371521', '阳谷县', '371500');
INSERT INTO `areas` VALUES ('371522', '莘　县', '371500');
INSERT INTO `areas` VALUES ('371523', '茌平县', '371500');
INSERT INTO `areas` VALUES ('371524', '东阿县', '371500');
INSERT INTO `areas` VALUES ('371525', '冠　县', '371500');
INSERT INTO `areas` VALUES ('371526', '高唐县', '371500');
INSERT INTO `areas` VALUES ('371581', '临清市', '371500');
INSERT INTO `areas` VALUES ('371601', '市辖区', '371600');
INSERT INTO `areas` VALUES ('371602', '滨城区', '371600');
INSERT INTO `areas` VALUES ('371621', '惠民县', '371600');
INSERT INTO `areas` VALUES ('371622', '阳信县', '371600');
INSERT INTO `areas` VALUES ('371623', '无棣县', '371600');
INSERT INTO `areas` VALUES ('371624', '沾化县', '371600');
INSERT INTO `areas` VALUES ('371625', '博兴县', '371600');
INSERT INTO `areas` VALUES ('371626', '邹平县', '371600');
INSERT INTO `areas` VALUES ('371701', '市辖区', '371700');
INSERT INTO `areas` VALUES ('371702', '牡丹区', '371700');
INSERT INTO `areas` VALUES ('371721', '曹　县', '371700');
INSERT INTO `areas` VALUES ('371722', '单　县', '371700');
INSERT INTO `areas` VALUES ('371723', '成武县', '371700');
INSERT INTO `areas` VALUES ('371724', '巨野县', '371700');
INSERT INTO `areas` VALUES ('371725', '郓城县', '371700');
INSERT INTO `areas` VALUES ('371726', '鄄城县', '371700');
INSERT INTO `areas` VALUES ('371727', '定陶县', '371700');
INSERT INTO `areas` VALUES ('371728', '东明县', '371700');
INSERT INTO `areas` VALUES ('410101', '市辖区', '410100');
INSERT INTO `areas` VALUES ('410102', '中原区', '410100');
INSERT INTO `areas` VALUES ('410103', '二七区', '410100');
INSERT INTO `areas` VALUES ('410104', '管城回族区', '410100');
INSERT INTO `areas` VALUES ('410105', '金水区', '410100');
INSERT INTO `areas` VALUES ('410106', '上街区', '410100');
INSERT INTO `areas` VALUES ('410108', '邙山区', '410100');
INSERT INTO `areas` VALUES ('410122', '中牟县', '410100');
INSERT INTO `areas` VALUES ('410181', '巩义市', '410100');
INSERT INTO `areas` VALUES ('410182', '荥阳市', '410100');
INSERT INTO `areas` VALUES ('410183', '新密市', '410100');
INSERT INTO `areas` VALUES ('410184', '新郑市', '410100');
INSERT INTO `areas` VALUES ('410185', '登封市', '410100');
INSERT INTO `areas` VALUES ('410201', '市辖区', '410200');
INSERT INTO `areas` VALUES ('410202', '龙亭区', '410200');
INSERT INTO `areas` VALUES ('410203', '顺河回族区', '410200');
INSERT INTO `areas` VALUES ('410204', '鼓楼区', '410200');
INSERT INTO `areas` VALUES ('410205', '南关区', '410200');
INSERT INTO `areas` VALUES ('410211', '郊　区', '410200');
INSERT INTO `areas` VALUES ('410221', '杞　县', '410200');
INSERT INTO `areas` VALUES ('410222', '通许县', '410200');
INSERT INTO `areas` VALUES ('410223', '尉氏县', '410200');
INSERT INTO `areas` VALUES ('410224', '开封县', '410200');
INSERT INTO `areas` VALUES ('410225', '兰考县', '410200');
INSERT INTO `areas` VALUES ('410301', '市辖区', '410300');
INSERT INTO `areas` VALUES ('410302', '老城区', '410300');
INSERT INTO `areas` VALUES ('410303', '西工区', '410300');
INSERT INTO `areas` VALUES ('410304', '廛河回族区', '410300');
INSERT INTO `areas` VALUES ('410305', '涧西区', '410300');
INSERT INTO `areas` VALUES ('410306', '吉利区', '410300');
INSERT INTO `areas` VALUES ('410307', '洛龙区', '410300');
INSERT INTO `areas` VALUES ('410322', '孟津县', '410300');
INSERT INTO `areas` VALUES ('410323', '新安县', '410300');
INSERT INTO `areas` VALUES ('410324', '栾川县', '410300');
INSERT INTO `areas` VALUES ('410325', '嵩　县', '410300');
INSERT INTO `areas` VALUES ('410326', '汝阳县', '410300');
INSERT INTO `areas` VALUES ('410327', '宜阳县', '410300');
INSERT INTO `areas` VALUES ('410328', '洛宁县', '410300');
INSERT INTO `areas` VALUES ('410329', '伊川县', '410300');
INSERT INTO `areas` VALUES ('410381', '偃师市', '410300');
INSERT INTO `areas` VALUES ('410401', '市辖区', '410400');
INSERT INTO `areas` VALUES ('410402', '新华区', '410400');
INSERT INTO `areas` VALUES ('410403', '卫东区', '410400');
INSERT INTO `areas` VALUES ('410404', '石龙区', '410400');
INSERT INTO `areas` VALUES ('410411', '湛河区', '410400');
INSERT INTO `areas` VALUES ('410421', '宝丰县', '410400');
INSERT INTO `areas` VALUES ('410422', '叶　县', '410400');
INSERT INTO `areas` VALUES ('410423', '鲁山县', '410400');
INSERT INTO `areas` VALUES ('410425', '郏　县', '410400');
INSERT INTO `areas` VALUES ('410481', '舞钢市', '410400');
INSERT INTO `areas` VALUES ('410482', '汝州市', '410400');
INSERT INTO `areas` VALUES ('410501', '市辖区', '410500');
INSERT INTO `areas` VALUES ('410502', '文峰区', '410500');
INSERT INTO `areas` VALUES ('410503', '北关区', '410500');
INSERT INTO `areas` VALUES ('410505', '殷都区', '410500');
INSERT INTO `areas` VALUES ('410506', '龙安区', '410500');
INSERT INTO `areas` VALUES ('410522', '安阳县', '410500');
INSERT INTO `areas` VALUES ('410523', '汤阴县', '410500');
INSERT INTO `areas` VALUES ('410526', '滑　县', '410500');
INSERT INTO `areas` VALUES ('410527', '内黄县', '410500');
INSERT INTO `areas` VALUES ('410581', '林州市', '410500');
INSERT INTO `areas` VALUES ('410601', '市辖区', '410600');
INSERT INTO `areas` VALUES ('410602', '鹤山区', '410600');
INSERT INTO `areas` VALUES ('410603', '山城区', '410600');
INSERT INTO `areas` VALUES ('410611', '淇滨区', '410600');
INSERT INTO `areas` VALUES ('410621', '浚　县', '410600');
INSERT INTO `areas` VALUES ('410622', '淇　县', '410600');
INSERT INTO `areas` VALUES ('410701', '市辖区', '410700');
INSERT INTO `areas` VALUES ('410702', '红旗区', '410700');
INSERT INTO `areas` VALUES ('410703', '卫滨区', '410700');
INSERT INTO `areas` VALUES ('410704', '凤泉区', '410700');
INSERT INTO `areas` VALUES ('410711', '牧野区', '410700');
INSERT INTO `areas` VALUES ('410721', '新乡县', '410700');
INSERT INTO `areas` VALUES ('410724', '获嘉县', '410700');
INSERT INTO `areas` VALUES ('410725', '原阳县', '410700');
INSERT INTO `areas` VALUES ('410726', '延津县', '410700');
INSERT INTO `areas` VALUES ('410727', '封丘县', '410700');
INSERT INTO `areas` VALUES ('410728', '长垣县', '410700');
INSERT INTO `areas` VALUES ('410781', '卫辉市', '410700');
INSERT INTO `areas` VALUES ('410782', '辉县市', '410700');
INSERT INTO `areas` VALUES ('410801', '市辖区', '410800');
INSERT INTO `areas` VALUES ('410802', '解放区', '410800');
INSERT INTO `areas` VALUES ('410803', '中站区', '410800');
INSERT INTO `areas` VALUES ('410804', '马村区', '410800');
INSERT INTO `areas` VALUES ('410811', '山阳区', '410800');
INSERT INTO `areas` VALUES ('410821', '修武县', '410800');
INSERT INTO `areas` VALUES ('410822', '博爱县', '410800');
INSERT INTO `areas` VALUES ('410823', '武陟县', '410800');
INSERT INTO `areas` VALUES ('410825', '温　县', '410800');
INSERT INTO `areas` VALUES ('410881', '济源市', '410800');
INSERT INTO `areas` VALUES ('410882', '沁阳市', '410800');
INSERT INTO `areas` VALUES ('410883', '孟州市', '410800');
INSERT INTO `areas` VALUES ('410901', '市辖区', '410900');
INSERT INTO `areas` VALUES ('410902', '华龙区', '410900');
INSERT INTO `areas` VALUES ('410922', '清丰县', '410900');
INSERT INTO `areas` VALUES ('410923', '南乐县', '410900');
INSERT INTO `areas` VALUES ('410926', '范　县', '410900');
INSERT INTO `areas` VALUES ('410927', '台前县', '410900');
INSERT INTO `areas` VALUES ('410928', '濮阳县', '410900');
INSERT INTO `areas` VALUES ('411001', '市辖区', '411000');
INSERT INTO `areas` VALUES ('411002', '魏都区', '411000');
INSERT INTO `areas` VALUES ('411023', '许昌县', '411000');
INSERT INTO `areas` VALUES ('411024', '鄢陵县', '411000');
INSERT INTO `areas` VALUES ('411025', '襄城县', '411000');
INSERT INTO `areas` VALUES ('411081', '禹州市', '411000');
INSERT INTO `areas` VALUES ('411082', '长葛市', '411000');
INSERT INTO `areas` VALUES ('411101', '市辖区', '411100');
INSERT INTO `areas` VALUES ('411102', '源汇区', '411100');
INSERT INTO `areas` VALUES ('411103', '郾城区', '411100');
INSERT INTO `areas` VALUES ('411104', '召陵区', '411100');
INSERT INTO `areas` VALUES ('411121', '舞阳县', '411100');
INSERT INTO `areas` VALUES ('411122', '临颍县', '411100');
INSERT INTO `areas` VALUES ('411201', '市辖区', '411200');
INSERT INTO `areas` VALUES ('411202', '湖滨区', '411200');
INSERT INTO `areas` VALUES ('411221', '渑池县', '411200');
INSERT INTO `areas` VALUES ('411222', '陕　县', '411200');
INSERT INTO `areas` VALUES ('411224', '卢氏县', '411200');
INSERT INTO `areas` VALUES ('411281', '义马市', '411200');
INSERT INTO `areas` VALUES ('411282', '灵宝市', '411200');
INSERT INTO `areas` VALUES ('411301', '市辖区', '411300');
INSERT INTO `areas` VALUES ('411302', '宛城区', '411300');
INSERT INTO `areas` VALUES ('411303', '卧龙区', '411300');
INSERT INTO `areas` VALUES ('411321', '南召县', '411300');
INSERT INTO `areas` VALUES ('411322', '方城县', '411300');
INSERT INTO `areas` VALUES ('411323', '西峡县', '411300');
INSERT INTO `areas` VALUES ('411324', '镇平县', '411300');
INSERT INTO `areas` VALUES ('411325', '内乡县', '411300');
INSERT INTO `areas` VALUES ('411326', '淅川县', '411300');
INSERT INTO `areas` VALUES ('411327', '社旗县', '411300');
INSERT INTO `areas` VALUES ('411328', '唐河县', '411300');
INSERT INTO `areas` VALUES ('411329', '新野县', '411300');
INSERT INTO `areas` VALUES ('411330', '桐柏县', '411300');
INSERT INTO `areas` VALUES ('411381', '邓州市', '411300');
INSERT INTO `areas` VALUES ('411401', '市辖区', '411400');
INSERT INTO `areas` VALUES ('411402', '梁园区', '411400');
INSERT INTO `areas` VALUES ('411403', '睢阳区', '411400');
INSERT INTO `areas` VALUES ('411421', '民权县', '411400');
INSERT INTO `areas` VALUES ('411422', '睢　县', '411400');
INSERT INTO `areas` VALUES ('411423', '宁陵县', '411400');
INSERT INTO `areas` VALUES ('411424', '柘城县', '411400');
INSERT INTO `areas` VALUES ('411425', '虞城县', '411400');
INSERT INTO `areas` VALUES ('411426', '夏邑县', '411400');
INSERT INTO `areas` VALUES ('411481', '永城市', '411400');
INSERT INTO `areas` VALUES ('411501', '市辖区', '411500');
INSERT INTO `areas` VALUES ('411502', '师河区', '411500');
INSERT INTO `areas` VALUES ('411503', '平桥区', '411500');
INSERT INTO `areas` VALUES ('411521', '罗山县', '411500');
INSERT INTO `areas` VALUES ('411522', '光山县', '411500');
INSERT INTO `areas` VALUES ('411523', '新　县', '411500');
INSERT INTO `areas` VALUES ('411524', '商城县', '411500');
INSERT INTO `areas` VALUES ('411525', '固始县', '411500');
INSERT INTO `areas` VALUES ('411526', '潢川县', '411500');
INSERT INTO `areas` VALUES ('411527', '淮滨县', '411500');
INSERT INTO `areas` VALUES ('411528', '息　县', '411500');
INSERT INTO `areas` VALUES ('411601', '市辖区', '411600');
INSERT INTO `areas` VALUES ('411602', '川汇区', '411600');
INSERT INTO `areas` VALUES ('411621', '扶沟县', '411600');
INSERT INTO `areas` VALUES ('411622', '西华县', '411600');
INSERT INTO `areas` VALUES ('411623', '商水县', '411600');
INSERT INTO `areas` VALUES ('411624', '沈丘县', '411600');
INSERT INTO `areas` VALUES ('411625', '郸城县', '411600');
INSERT INTO `areas` VALUES ('411626', '淮阳县', '411600');
INSERT INTO `areas` VALUES ('411627', '太康县', '411600');
INSERT INTO `areas` VALUES ('411628', '鹿邑县', '411600');
INSERT INTO `areas` VALUES ('411681', '项城市', '411600');
INSERT INTO `areas` VALUES ('411701', '市辖区', '411700');
INSERT INTO `areas` VALUES ('411702', '驿城区', '411700');
INSERT INTO `areas` VALUES ('411721', '西平县', '411700');
INSERT INTO `areas` VALUES ('411722', '上蔡县', '411700');
INSERT INTO `areas` VALUES ('411723', '平舆县', '411700');
INSERT INTO `areas` VALUES ('411724', '正阳县', '411700');
INSERT INTO `areas` VALUES ('411725', '确山县', '411700');
INSERT INTO `areas` VALUES ('411726', '泌阳县', '411700');
INSERT INTO `areas` VALUES ('411727', '汝南县', '411700');
INSERT INTO `areas` VALUES ('411728', '遂平县', '411700');
INSERT INTO `areas` VALUES ('411729', '新蔡县', '411700');
INSERT INTO `areas` VALUES ('420101', '市辖区', '420100');
INSERT INTO `areas` VALUES ('420102', '江岸区', '420100');
INSERT INTO `areas` VALUES ('420103', '江汉区', '420100');
INSERT INTO `areas` VALUES ('420104', '乔口区', '420100');
INSERT INTO `areas` VALUES ('420105', '汉阳区', '420100');
INSERT INTO `areas` VALUES ('420106', '武昌区', '420100');
INSERT INTO `areas` VALUES ('420107', '青山区', '420100');
INSERT INTO `areas` VALUES ('420111', '洪山区', '420100');
INSERT INTO `areas` VALUES ('420112', '东西湖区', '420100');
INSERT INTO `areas` VALUES ('420113', '汉南区', '420100');
INSERT INTO `areas` VALUES ('420114', '蔡甸区', '420100');
INSERT INTO `areas` VALUES ('420115', '江夏区', '420100');
INSERT INTO `areas` VALUES ('420116', '黄陂区', '420100');
INSERT INTO `areas` VALUES ('420117', '新洲区', '420100');
INSERT INTO `areas` VALUES ('420201', '市辖区', '420200');
INSERT INTO `areas` VALUES ('420202', '黄石港区', '420200');
INSERT INTO `areas` VALUES ('420203', '西塞山区', '420200');
INSERT INTO `areas` VALUES ('420204', '下陆区', '420200');
INSERT INTO `areas` VALUES ('420205', '铁山区', '420200');
INSERT INTO `areas` VALUES ('420222', '阳新县', '420200');
INSERT INTO `areas` VALUES ('420281', '大冶市', '420200');
INSERT INTO `areas` VALUES ('420301', '市辖区', '420300');
INSERT INTO `areas` VALUES ('420302', '茅箭区', '420300');
INSERT INTO `areas` VALUES ('420303', '张湾区', '420300');
INSERT INTO `areas` VALUES ('420321', '郧　县', '420300');
INSERT INTO `areas` VALUES ('420322', '郧西县', '420300');
INSERT INTO `areas` VALUES ('420323', '竹山县', '420300');
INSERT INTO `areas` VALUES ('420324', '竹溪县', '420300');
INSERT INTO `areas` VALUES ('420325', '房　县', '420300');
INSERT INTO `areas` VALUES ('420381', '丹江口市', '420300');
INSERT INTO `areas` VALUES ('420501', '市辖区', '420500');
INSERT INTO `areas` VALUES ('420502', '西陵区', '420500');
INSERT INTO `areas` VALUES ('420503', '伍家岗区', '420500');
INSERT INTO `areas` VALUES ('420504', '点军区', '420500');
INSERT INTO `areas` VALUES ('420505', '猇亭区', '420500');
INSERT INTO `areas` VALUES ('420506', '夷陵区', '420500');
INSERT INTO `areas` VALUES ('420525', '远安县', '420500');
INSERT INTO `areas` VALUES ('420526', '兴山县', '420500');
INSERT INTO `areas` VALUES ('420527', '秭归县', '420500');
INSERT INTO `areas` VALUES ('420528', '长阳土家族自治县', '420500');
INSERT INTO `areas` VALUES ('420529', '五峰土家族自治县', '420500');
INSERT INTO `areas` VALUES ('420581', '宜都市', '420500');
INSERT INTO `areas` VALUES ('420582', '当阳市', '420500');
INSERT INTO `areas` VALUES ('420583', '枝江市', '420500');
INSERT INTO `areas` VALUES ('420601', '市辖区', '420600');
INSERT INTO `areas` VALUES ('420602', '襄城区', '420600');
INSERT INTO `areas` VALUES ('420606', '樊城区', '420600');
INSERT INTO `areas` VALUES ('420607', '襄阳区', '420600');
INSERT INTO `areas` VALUES ('420624', '南漳县', '420600');
INSERT INTO `areas` VALUES ('420625', '谷城县', '420600');
INSERT INTO `areas` VALUES ('420626', '保康县', '420600');
INSERT INTO `areas` VALUES ('420682', '老河口市', '420600');
INSERT INTO `areas` VALUES ('420683', '枣阳市', '420600');
INSERT INTO `areas` VALUES ('420684', '宜城市', '420600');
INSERT INTO `areas` VALUES ('420701', '市辖区', '420700');
INSERT INTO `areas` VALUES ('420702', '梁子湖区', '420700');
INSERT INTO `areas` VALUES ('420703', '华容区', '420700');
INSERT INTO `areas` VALUES ('420704', '鄂城区', '420700');
INSERT INTO `areas` VALUES ('420801', '市辖区', '420800');
INSERT INTO `areas` VALUES ('420802', '东宝区', '420800');
INSERT INTO `areas` VALUES ('420804', '掇刀区', '420800');
INSERT INTO `areas` VALUES ('420821', '京山县', '420800');
INSERT INTO `areas` VALUES ('420822', '沙洋县', '420800');
INSERT INTO `areas` VALUES ('420881', '钟祥市', '420800');
INSERT INTO `areas` VALUES ('420901', '市辖区', '420900');
INSERT INTO `areas` VALUES ('420902', '孝南区', '420900');
INSERT INTO `areas` VALUES ('420921', '孝昌县', '420900');
INSERT INTO `areas` VALUES ('420922', '大悟县', '420900');
INSERT INTO `areas` VALUES ('420923', '云梦县', '420900');
INSERT INTO `areas` VALUES ('420981', '应城市', '420900');
INSERT INTO `areas` VALUES ('420982', '安陆市', '420900');
INSERT INTO `areas` VALUES ('420984', '汉川市', '420900');
INSERT INTO `areas` VALUES ('421001', '市辖区', '421000');
INSERT INTO `areas` VALUES ('421002', '沙市区', '421000');
INSERT INTO `areas` VALUES ('421003', '荆州区', '421000');
INSERT INTO `areas` VALUES ('421022', '公安县', '421000');
INSERT INTO `areas` VALUES ('421023', '监利县', '421000');
INSERT INTO `areas` VALUES ('421024', '江陵县', '421000');
INSERT INTO `areas` VALUES ('421081', '石首市', '421000');
INSERT INTO `areas` VALUES ('421083', '洪湖市', '421000');
INSERT INTO `areas` VALUES ('421087', '松滋市', '421000');
INSERT INTO `areas` VALUES ('421101', '市辖区', '421100');
INSERT INTO `areas` VALUES ('421102', '黄州区', '421100');
INSERT INTO `areas` VALUES ('421121', '团风县', '421100');
INSERT INTO `areas` VALUES ('421122', '红安县', '421100');
INSERT INTO `areas` VALUES ('421123', '罗田县', '421100');
INSERT INTO `areas` VALUES ('421124', '英山县', '421100');
INSERT INTO `areas` VALUES ('421125', '浠水县', '421100');
INSERT INTO `areas` VALUES ('421126', '蕲春县', '421100');
INSERT INTO `areas` VALUES ('421127', '黄梅县', '421100');
INSERT INTO `areas` VALUES ('421181', '麻城市', '421100');
INSERT INTO `areas` VALUES ('421182', '武穴市', '421100');
INSERT INTO `areas` VALUES ('421201', '市辖区', '421200');
INSERT INTO `areas` VALUES ('421202', '咸安区', '421200');
INSERT INTO `areas` VALUES ('421221', '嘉鱼县', '421200');
INSERT INTO `areas` VALUES ('421222', '通城县', '421200');
INSERT INTO `areas` VALUES ('421223', '崇阳县', '421200');
INSERT INTO `areas` VALUES ('421224', '通山县', '421200');
INSERT INTO `areas` VALUES ('421281', '赤壁市', '421200');
INSERT INTO `areas` VALUES ('421301', '市辖区', '421300');
INSERT INTO `areas` VALUES ('421302', '曾都区', '421300');
INSERT INTO `areas` VALUES ('421381', '广水市', '421300');
INSERT INTO `areas` VALUES ('422801', '恩施市', '422800');
INSERT INTO `areas` VALUES ('422802', '利川市', '422800');
INSERT INTO `areas` VALUES ('422822', '建始县', '422800');
INSERT INTO `areas` VALUES ('422823', '巴东县', '422800');
INSERT INTO `areas` VALUES ('422825', '宣恩县', '422800');
INSERT INTO `areas` VALUES ('422826', '咸丰县', '422800');
INSERT INTO `areas` VALUES ('422827', '来凤县', '422800');
INSERT INTO `areas` VALUES ('422828', '鹤峰县', '422800');
INSERT INTO `areas` VALUES ('429004', '仙桃市', '429000');
INSERT INTO `areas` VALUES ('429005', '潜江市', '429000');
INSERT INTO `areas` VALUES ('429006', '天门市', '429000');
INSERT INTO `areas` VALUES ('429021', '神农架林区', '429000');
INSERT INTO `areas` VALUES ('430101', '市辖区', '430100');
INSERT INTO `areas` VALUES ('430102', '芙蓉区', '430100');
INSERT INTO `areas` VALUES ('430103', '天心区', '430100');
INSERT INTO `areas` VALUES ('430104', '岳麓区', '430100');
INSERT INTO `areas` VALUES ('430105', '开福区', '430100');
INSERT INTO `areas` VALUES ('430111', '雨花区', '430100');
INSERT INTO `areas` VALUES ('430121', '长沙县', '430100');
INSERT INTO `areas` VALUES ('430122', '望城县', '430100');
INSERT INTO `areas` VALUES ('430124', '宁乡县', '430100');
INSERT INTO `areas` VALUES ('430181', '浏阳市', '430100');
INSERT INTO `areas` VALUES ('430201', '市辖区', '430200');
INSERT INTO `areas` VALUES ('430202', '荷塘区', '430200');
INSERT INTO `areas` VALUES ('430203', '芦淞区', '430200');
INSERT INTO `areas` VALUES ('430204', '石峰区', '430200');
INSERT INTO `areas` VALUES ('430211', '天元区', '430200');
INSERT INTO `areas` VALUES ('430221', '株洲县', '430200');
INSERT INTO `areas` VALUES ('430223', '攸　县', '430200');
INSERT INTO `areas` VALUES ('430224', '茶陵县', '430200');
INSERT INTO `areas` VALUES ('430225', '炎陵县', '430200');
INSERT INTO `areas` VALUES ('430281', '醴陵市', '430200');
INSERT INTO `areas` VALUES ('430301', '市辖区', '430300');
INSERT INTO `areas` VALUES ('430302', '雨湖区', '430300');
INSERT INTO `areas` VALUES ('430304', '岳塘区', '430300');
INSERT INTO `areas` VALUES ('430321', '湘潭县', '430300');
INSERT INTO `areas` VALUES ('430381', '湘乡市', '430300');
INSERT INTO `areas` VALUES ('430382', '韶山市', '430300');
INSERT INTO `areas` VALUES ('430401', '市辖区', '430400');
INSERT INTO `areas` VALUES ('430405', '珠晖区', '430400');
INSERT INTO `areas` VALUES ('430406', '雁峰区', '430400');
INSERT INTO `areas` VALUES ('430407', '石鼓区', '430400');
INSERT INTO `areas` VALUES ('430408', '蒸湘区', '430400');
INSERT INTO `areas` VALUES ('430412', '南岳区', '430400');
INSERT INTO `areas` VALUES ('430421', '衡阳县', '430400');
INSERT INTO `areas` VALUES ('430422', '衡南县', '430400');
INSERT INTO `areas` VALUES ('430423', '衡山县', '430400');
INSERT INTO `areas` VALUES ('430424', '衡东县', '430400');
INSERT INTO `areas` VALUES ('430426', '祁东县', '430400');
INSERT INTO `areas` VALUES ('430481', '耒阳市', '430400');
INSERT INTO `areas` VALUES ('430482', '常宁市', '430400');
INSERT INTO `areas` VALUES ('430501', '市辖区', '430500');
INSERT INTO `areas` VALUES ('430502', '双清区', '430500');
INSERT INTO `areas` VALUES ('430503', '大祥区', '430500');
INSERT INTO `areas` VALUES ('430511', '北塔区', '430500');
INSERT INTO `areas` VALUES ('430521', '邵东县', '430500');
INSERT INTO `areas` VALUES ('430522', '新邵县', '430500');
INSERT INTO `areas` VALUES ('430523', '邵阳县', '430500');
INSERT INTO `areas` VALUES ('430524', '隆回县', '430500');
INSERT INTO `areas` VALUES ('430525', '洞口县', '430500');
INSERT INTO `areas` VALUES ('430527', '绥宁县', '430500');
INSERT INTO `areas` VALUES ('430528', '新宁县', '430500');
INSERT INTO `areas` VALUES ('430529', '城步苗族自治县', '430500');
INSERT INTO `areas` VALUES ('430581', '武冈市', '430500');
INSERT INTO `areas` VALUES ('430601', '市辖区', '430600');
INSERT INTO `areas` VALUES ('430602', '岳阳楼区', '430600');
INSERT INTO `areas` VALUES ('430603', '云溪区', '430600');
INSERT INTO `areas` VALUES ('430611', '君山区', '430600');
INSERT INTO `areas` VALUES ('430621', '岳阳县', '430600');
INSERT INTO `areas` VALUES ('430623', '华容县', '430600');
INSERT INTO `areas` VALUES ('430624', '湘阴县', '430600');
INSERT INTO `areas` VALUES ('430626', '平江县', '430600');
INSERT INTO `areas` VALUES ('430681', '汨罗市', '430600');
INSERT INTO `areas` VALUES ('430682', '临湘市', '430600');
INSERT INTO `areas` VALUES ('430701', '市辖区', '430700');
INSERT INTO `areas` VALUES ('430702', '武陵区', '430700');
INSERT INTO `areas` VALUES ('430703', '鼎城区', '430700');
INSERT INTO `areas` VALUES ('430721', '安乡县', '430700');
INSERT INTO `areas` VALUES ('430722', '汉寿县', '430700');
INSERT INTO `areas` VALUES ('430723', '澧　县', '430700');
INSERT INTO `areas` VALUES ('430724', '临澧县', '430700');
INSERT INTO `areas` VALUES ('430725', '桃源县', '430700');
INSERT INTO `areas` VALUES ('430726', '石门县', '430700');
INSERT INTO `areas` VALUES ('430781', '津市市', '430700');
INSERT INTO `areas` VALUES ('430801', '市辖区', '430800');
INSERT INTO `areas` VALUES ('430802', '永定区', '430800');
INSERT INTO `areas` VALUES ('430811', '武陵源区', '430800');
INSERT INTO `areas` VALUES ('430821', '慈利县', '430800');
INSERT INTO `areas` VALUES ('430822', '桑植县', '430800');
INSERT INTO `areas` VALUES ('430901', '市辖区', '430900');
INSERT INTO `areas` VALUES ('430902', '资阳区', '430900');
INSERT INTO `areas` VALUES ('430903', '赫山区', '430900');
INSERT INTO `areas` VALUES ('430921', '南　县', '430900');
INSERT INTO `areas` VALUES ('430922', '桃江县', '430900');
INSERT INTO `areas` VALUES ('430923', '安化县', '430900');
INSERT INTO `areas` VALUES ('430981', '沅江市', '430900');
INSERT INTO `areas` VALUES ('431001', '市辖区', '431000');
INSERT INTO `areas` VALUES ('431002', '北湖区', '431000');
INSERT INTO `areas` VALUES ('431003', '苏仙区', '431000');
INSERT INTO `areas` VALUES ('431021', '桂阳县', '431000');
INSERT INTO `areas` VALUES ('431022', '宜章县', '431000');
INSERT INTO `areas` VALUES ('431023', '永兴县', '431000');
INSERT INTO `areas` VALUES ('431024', '嘉禾县', '431000');
INSERT INTO `areas` VALUES ('431025', '临武县', '431000');
INSERT INTO `areas` VALUES ('431026', '汝城县', '431000');
INSERT INTO `areas` VALUES ('431027', '桂东县', '431000');
INSERT INTO `areas` VALUES ('431028', '安仁县', '431000');
INSERT INTO `areas` VALUES ('431081', '资兴市', '431000');
INSERT INTO `areas` VALUES ('431101', '市辖区', '431100');
INSERT INTO `areas` VALUES ('431102', '芝山区', '431100');
INSERT INTO `areas` VALUES ('431103', '冷水滩区', '431100');
INSERT INTO `areas` VALUES ('431121', '祁阳县', '431100');
INSERT INTO `areas` VALUES ('431122', '东安县', '431100');
INSERT INTO `areas` VALUES ('431123', '双牌县', '431100');
INSERT INTO `areas` VALUES ('431124', '道　县', '431100');
INSERT INTO `areas` VALUES ('431125', '江永县', '431100');
INSERT INTO `areas` VALUES ('431126', '宁远县', '431100');
INSERT INTO `areas` VALUES ('431127', '蓝山县', '431100');
INSERT INTO `areas` VALUES ('431128', '新田县', '431100');
INSERT INTO `areas` VALUES ('431129', '江华瑶族自治县', '431100');
INSERT INTO `areas` VALUES ('431201', '市辖区', '431200');
INSERT INTO `areas` VALUES ('431202', '鹤城区', '431200');
INSERT INTO `areas` VALUES ('431221', '中方县', '431200');
INSERT INTO `areas` VALUES ('431222', '沅陵县', '431200');
INSERT INTO `areas` VALUES ('431223', '辰溪县', '431200');
INSERT INTO `areas` VALUES ('431224', '溆浦县', '431200');
INSERT INTO `areas` VALUES ('431225', '会同县', '431200');
INSERT INTO `areas` VALUES ('431226', '麻阳苗族自治县', '431200');
INSERT INTO `areas` VALUES ('431227', '新晃侗族自治县', '431200');
INSERT INTO `areas` VALUES ('431228', '芷江侗族自治县', '431200');
INSERT INTO `areas` VALUES ('431229', '靖州苗族侗族自治县', '431200');
INSERT INTO `areas` VALUES ('431230', '通道侗族自治县', '431200');
INSERT INTO `areas` VALUES ('431281', '洪江市', '431200');
INSERT INTO `areas` VALUES ('431301', '市辖区', '431300');
INSERT INTO `areas` VALUES ('431302', '娄星区', '431300');
INSERT INTO `areas` VALUES ('431321', '双峰县', '431300');
INSERT INTO `areas` VALUES ('431322', '新化县', '431300');
INSERT INTO `areas` VALUES ('431381', '冷水江市', '431300');
INSERT INTO `areas` VALUES ('431382', '涟源市', '431300');
INSERT INTO `areas` VALUES ('433101', '吉首市', '433100');
INSERT INTO `areas` VALUES ('433122', '泸溪县', '433100');
INSERT INTO `areas` VALUES ('433123', '凤凰县', '433100');
INSERT INTO `areas` VALUES ('433124', '花垣县', '433100');
INSERT INTO `areas` VALUES ('433125', '保靖县', '433100');
INSERT INTO `areas` VALUES ('433126', '古丈县', '433100');
INSERT INTO `areas` VALUES ('433127', '永顺县', '433100');
INSERT INTO `areas` VALUES ('433130', '龙山县', '433100');
INSERT INTO `areas` VALUES ('440101', '市辖区', '440100');
INSERT INTO `areas` VALUES ('440102', '东山区', '440100');
INSERT INTO `areas` VALUES ('440103', '荔湾区', '440100');
INSERT INTO `areas` VALUES ('440104', '越秀区', '440100');
INSERT INTO `areas` VALUES ('440105', '海珠区', '440100');
INSERT INTO `areas` VALUES ('440106', '天河区', '440100');
INSERT INTO `areas` VALUES ('440107', '芳村区', '440100');
INSERT INTO `areas` VALUES ('440111', '白云区', '440100');
INSERT INTO `areas` VALUES ('440112', '黄埔区', '440100');
INSERT INTO `areas` VALUES ('440113', '番禺区', '440100');
INSERT INTO `areas` VALUES ('440114', '花都区', '440100');
INSERT INTO `areas` VALUES ('440183', '增城市', '440100');
INSERT INTO `areas` VALUES ('440184', '从化市', '440100');
INSERT INTO `areas` VALUES ('440201', '市辖区', '440200');
INSERT INTO `areas` VALUES ('440203', '武江区', '440200');
INSERT INTO `areas` VALUES ('440204', '浈江区', '440200');
INSERT INTO `areas` VALUES ('440205', '曲江区', '440200');
INSERT INTO `areas` VALUES ('440222', '始兴县', '440200');
INSERT INTO `areas` VALUES ('440224', '仁化县', '440200');
INSERT INTO `areas` VALUES ('440229', '翁源县', '440200');
INSERT INTO `areas` VALUES ('440232', '乳源瑶族自治县', '440200');
INSERT INTO `areas` VALUES ('440233', '新丰县', '440200');
INSERT INTO `areas` VALUES ('440281', '乐昌市', '440200');
INSERT INTO `areas` VALUES ('440282', '南雄市', '440200');
INSERT INTO `areas` VALUES ('440301', '市辖区', '440300');
INSERT INTO `areas` VALUES ('440303', '罗湖区', '440300');
INSERT INTO `areas` VALUES ('440304', '福田区', '440300');
INSERT INTO `areas` VALUES ('440305', '南山区', '440300');
INSERT INTO `areas` VALUES ('440306', '宝安区', '440300');
INSERT INTO `areas` VALUES ('440307', '龙岗区', '440300');
INSERT INTO `areas` VALUES ('440308', '盐田区', '440300');
INSERT INTO `areas` VALUES ('440401', '市辖区', '440400');
INSERT INTO `areas` VALUES ('440402', '香洲区', '440400');
INSERT INTO `areas` VALUES ('440403', '斗门区', '440400');
INSERT INTO `areas` VALUES ('440404', '金湾区', '440400');
INSERT INTO `areas` VALUES ('440501', '市辖区', '440500');
INSERT INTO `areas` VALUES ('440507', '龙湖区', '440500');
INSERT INTO `areas` VALUES ('440511', '金平区', '440500');
INSERT INTO `areas` VALUES ('440512', '濠江区', '440500');
INSERT INTO `areas` VALUES ('440513', '潮阳区', '440500');
INSERT INTO `areas` VALUES ('440514', '潮南区', '440500');
INSERT INTO `areas` VALUES ('440515', '澄海区', '440500');
INSERT INTO `areas` VALUES ('440523', '南澳县', '440500');
INSERT INTO `areas` VALUES ('440601', '市辖区', '440600');
INSERT INTO `areas` VALUES ('440604', '禅城区', '440600');
INSERT INTO `areas` VALUES ('440605', '南海区', '440600');
INSERT INTO `areas` VALUES ('440606', '顺德区', '440600');
INSERT INTO `areas` VALUES ('440607', '三水区', '440600');
INSERT INTO `areas` VALUES ('440608', '高明区', '440600');
INSERT INTO `areas` VALUES ('440701', '市辖区', '440700');
INSERT INTO `areas` VALUES ('440703', '蓬江区', '440700');
INSERT INTO `areas` VALUES ('440704', '江海区', '440700');
INSERT INTO `areas` VALUES ('440705', '新会区', '440700');
INSERT INTO `areas` VALUES ('440781', '台山市', '440700');
INSERT INTO `areas` VALUES ('440783', '开平市', '440700');
INSERT INTO `areas` VALUES ('440784', '鹤山市', '440700');
INSERT INTO `areas` VALUES ('440785', '恩平市', '440700');
INSERT INTO `areas` VALUES ('440801', '市辖区', '440800');
INSERT INTO `areas` VALUES ('440802', '赤坎区', '440800');
INSERT INTO `areas` VALUES ('440803', '霞山区', '440800');
INSERT INTO `areas` VALUES ('440804', '坡头区', '440800');
INSERT INTO `areas` VALUES ('440811', '麻章区', '440800');
INSERT INTO `areas` VALUES ('440823', '遂溪县', '440800');
INSERT INTO `areas` VALUES ('440825', '徐闻县', '440800');
INSERT INTO `areas` VALUES ('440881', '廉江市', '440800');
INSERT INTO `areas` VALUES ('440882', '雷州市', '440800');
INSERT INTO `areas` VALUES ('440883', '吴川市', '440800');
INSERT INTO `areas` VALUES ('440901', '市辖区', '440900');
INSERT INTO `areas` VALUES ('440902', '茂南区', '440900');
INSERT INTO `areas` VALUES ('440903', '茂港区', '440900');
INSERT INTO `areas` VALUES ('440923', '电白县', '440900');
INSERT INTO `areas` VALUES ('440981', '高州市', '440900');
INSERT INTO `areas` VALUES ('440982', '化州市', '440900');
INSERT INTO `areas` VALUES ('440983', '信宜市', '440900');
INSERT INTO `areas` VALUES ('441201', '市辖区', '441200');
INSERT INTO `areas` VALUES ('441202', '端州区', '441200');
INSERT INTO `areas` VALUES ('441203', '鼎湖区', '441200');
INSERT INTO `areas` VALUES ('441223', '广宁县', '441200');
INSERT INTO `areas` VALUES ('441224', '怀集县', '441200');
INSERT INTO `areas` VALUES ('441225', '封开县', '441200');
INSERT INTO `areas` VALUES ('441226', '德庆县', '441200');
INSERT INTO `areas` VALUES ('441283', '高要市', '441200');
INSERT INTO `areas` VALUES ('441284', '四会市', '441200');
INSERT INTO `areas` VALUES ('441301', '市辖区', '441300');
INSERT INTO `areas` VALUES ('441302', '惠城区', '441300');
INSERT INTO `areas` VALUES ('441303', '惠阳区', '441300');
INSERT INTO `areas` VALUES ('441322', '博罗县', '441300');
INSERT INTO `areas` VALUES ('441323', '惠东县', '441300');
INSERT INTO `areas` VALUES ('441324', '龙门县', '441300');
INSERT INTO `areas` VALUES ('441401', '市辖区', '441400');
INSERT INTO `areas` VALUES ('441402', '梅江区', '441400');
INSERT INTO `areas` VALUES ('441421', '梅　县', '441400');
INSERT INTO `areas` VALUES ('441422', '大埔县', '441400');
INSERT INTO `areas` VALUES ('441423', '丰顺县', '441400');
INSERT INTO `areas` VALUES ('441424', '五华县', '441400');
INSERT INTO `areas` VALUES ('441426', '平远县', '441400');
INSERT INTO `areas` VALUES ('441427', '蕉岭县', '441400');
INSERT INTO `areas` VALUES ('441481', '兴宁市', '441400');
INSERT INTO `areas` VALUES ('441501', '市辖区', '441500');
INSERT INTO `areas` VALUES ('441502', '城　区', '441500');
INSERT INTO `areas` VALUES ('441521', '海丰县', '441500');
INSERT INTO `areas` VALUES ('441523', '陆河县', '441500');
INSERT INTO `areas` VALUES ('441581', '陆丰市', '441500');
INSERT INTO `areas` VALUES ('441601', '市辖区', '441600');
INSERT INTO `areas` VALUES ('441602', '源城区', '441600');
INSERT INTO `areas` VALUES ('441621', '紫金县', '441600');
INSERT INTO `areas` VALUES ('441622', '龙川县', '441600');
INSERT INTO `areas` VALUES ('441623', '连平县', '441600');
INSERT INTO `areas` VALUES ('441624', '和平县', '441600');
INSERT INTO `areas` VALUES ('441625', '东源县', '441600');
INSERT INTO `areas` VALUES ('441701', '市辖区', '441700');
INSERT INTO `areas` VALUES ('441702', '江城区', '441700');
INSERT INTO `areas` VALUES ('441721', '阳西县', '441700');
INSERT INTO `areas` VALUES ('441723', '阳东县', '441700');
INSERT INTO `areas` VALUES ('441781', '阳春市', '441700');
INSERT INTO `areas` VALUES ('441801', '市辖区', '441800');
INSERT INTO `areas` VALUES ('441802', '清城区', '441800');
INSERT INTO `areas` VALUES ('441821', '佛冈县', '441800');
INSERT INTO `areas` VALUES ('441823', '阳山县', '441800');
INSERT INTO `areas` VALUES ('441825', '连山壮族瑶族自治县', '441800');
INSERT INTO `areas` VALUES ('441826', '连南瑶族自治县', '441800');
INSERT INTO `areas` VALUES ('441827', '清新县', '441800');
INSERT INTO `areas` VALUES ('441881', '英德市', '441800');
INSERT INTO `areas` VALUES ('441882', '连州市', '441800');
INSERT INTO `areas` VALUES ('445101', '市辖区', '445100');
INSERT INTO `areas` VALUES ('445102', '湘桥区', '445100');
INSERT INTO `areas` VALUES ('445121', '潮安县', '445100');
INSERT INTO `areas` VALUES ('445122', '饶平县', '445100');
INSERT INTO `areas` VALUES ('445201', '市辖区', '445200');
INSERT INTO `areas` VALUES ('445202', '榕城区', '445200');
INSERT INTO `areas` VALUES ('445221', '揭东县', '445200');
INSERT INTO `areas` VALUES ('445222', '揭西县', '445200');
INSERT INTO `areas` VALUES ('445224', '惠来县', '445200');
INSERT INTO `areas` VALUES ('445281', '普宁市', '445200');
INSERT INTO `areas` VALUES ('445301', '市辖区', '445300');
INSERT INTO `areas` VALUES ('445302', '云城区', '445300');
INSERT INTO `areas` VALUES ('445321', '新兴县', '445300');
INSERT INTO `areas` VALUES ('445322', '郁南县', '445300');
INSERT INTO `areas` VALUES ('445323', '云安县', '445300');
INSERT INTO `areas` VALUES ('445381', '罗定市', '445300');
INSERT INTO `areas` VALUES ('450101', '市辖区', '450100');
INSERT INTO `areas` VALUES ('450102', '兴宁区', '450100');
INSERT INTO `areas` VALUES ('450103', '青秀区', '450100');
INSERT INTO `areas` VALUES ('450105', '江南区', '450100');
INSERT INTO `areas` VALUES ('450107', '西乡塘区', '450100');
INSERT INTO `areas` VALUES ('450108', '良庆区', '450100');
INSERT INTO `areas` VALUES ('450109', '邕宁区', '450100');
INSERT INTO `areas` VALUES ('450122', '武鸣县', '450100');
INSERT INTO `areas` VALUES ('450123', '隆安县', '450100');
INSERT INTO `areas` VALUES ('450124', '马山县', '450100');
INSERT INTO `areas` VALUES ('450125', '上林县', '450100');
INSERT INTO `areas` VALUES ('450126', '宾阳县', '450100');
INSERT INTO `areas` VALUES ('450127', '横　县', '450100');
INSERT INTO `areas` VALUES ('450201', '市辖区', '450200');
INSERT INTO `areas` VALUES ('450202', '城中区', '450200');
INSERT INTO `areas` VALUES ('450203', '鱼峰区', '450200');
INSERT INTO `areas` VALUES ('450204', '柳南区', '450200');
INSERT INTO `areas` VALUES ('450205', '柳北区', '450200');
INSERT INTO `areas` VALUES ('450221', '柳江县', '450200');
INSERT INTO `areas` VALUES ('450222', '柳城县', '450200');
INSERT INTO `areas` VALUES ('450223', '鹿寨县', '450200');
INSERT INTO `areas` VALUES ('450224', '融安县', '450200');
INSERT INTO `areas` VALUES ('450225', '融水苗族自治县', '450200');
INSERT INTO `areas` VALUES ('450226', '三江侗族自治县', '450200');
INSERT INTO `areas` VALUES ('450301', '市辖区', '450300');
INSERT INTO `areas` VALUES ('450302', '秀峰区', '450300');
INSERT INTO `areas` VALUES ('450303', '叠彩区', '450300');
INSERT INTO `areas` VALUES ('450304', '象山区', '450300');
INSERT INTO `areas` VALUES ('450305', '七星区', '450300');
INSERT INTO `areas` VALUES ('450311', '雁山区', '450300');
INSERT INTO `areas` VALUES ('450321', '阳朔县', '450300');
INSERT INTO `areas` VALUES ('450322', '临桂县', '450300');
INSERT INTO `areas` VALUES ('450323', '灵川县', '450300');
INSERT INTO `areas` VALUES ('450324', '全州县', '450300');
INSERT INTO `areas` VALUES ('450325', '兴安县', '450300');
INSERT INTO `areas` VALUES ('450326', '永福县', '450300');
INSERT INTO `areas` VALUES ('450327', '灌阳县', '450300');
INSERT INTO `areas` VALUES ('450328', '龙胜各族自治县', '450300');
INSERT INTO `areas` VALUES ('450329', '资源县', '450300');
INSERT INTO `areas` VALUES ('450330', '平乐县', '450300');
INSERT INTO `areas` VALUES ('450331', '荔蒲县', '450300');
INSERT INTO `areas` VALUES ('450332', '恭城瑶族自治县', '450300');
INSERT INTO `areas` VALUES ('450401', '市辖区', '450400');
INSERT INTO `areas` VALUES ('450403', '万秀区', '450400');
INSERT INTO `areas` VALUES ('450404', '蝶山区', '450400');
INSERT INTO `areas` VALUES ('450405', '长洲区', '450400');
INSERT INTO `areas` VALUES ('450421', '苍梧县', '450400');
INSERT INTO `areas` VALUES ('450422', '藤　县', '450400');
INSERT INTO `areas` VALUES ('450423', '蒙山县', '450400');
INSERT INTO `areas` VALUES ('450481', '岑溪市', '450400');
INSERT INTO `areas` VALUES ('450501', '市辖区', '450500');
INSERT INTO `areas` VALUES ('450502', '海城区', '450500');
INSERT INTO `areas` VALUES ('450503', '银海区', '450500');
INSERT INTO `areas` VALUES ('450512', '铁山港区', '450500');
INSERT INTO `areas` VALUES ('450521', '合浦县', '450500');
INSERT INTO `areas` VALUES ('450601', '市辖区', '450600');
INSERT INTO `areas` VALUES ('450602', '港口区', '450600');
INSERT INTO `areas` VALUES ('450603', '防城区', '450600');
INSERT INTO `areas` VALUES ('450621', '上思县', '450600');
INSERT INTO `areas` VALUES ('450681', '东兴市', '450600');
INSERT INTO `areas` VALUES ('450701', '市辖区', '450700');
INSERT INTO `areas` VALUES ('450702', '钦南区', '450700');
INSERT INTO `areas` VALUES ('450703', '钦北区', '450700');
INSERT INTO `areas` VALUES ('450721', '灵山县', '450700');
INSERT INTO `areas` VALUES ('450722', '浦北县', '450700');
INSERT INTO `areas` VALUES ('450801', '市辖区', '450800');
INSERT INTO `areas` VALUES ('450802', '港北区', '450800');
INSERT INTO `areas` VALUES ('450803', '港南区', '450800');
INSERT INTO `areas` VALUES ('450804', '覃塘区', '450800');
INSERT INTO `areas` VALUES ('450821', '平南县', '450800');
INSERT INTO `areas` VALUES ('450881', '桂平市', '450800');
INSERT INTO `areas` VALUES ('450901', '市辖区', '450900');
INSERT INTO `areas` VALUES ('450902', '玉州区', '450900');
INSERT INTO `areas` VALUES ('450921', '容　县', '450900');
INSERT INTO `areas` VALUES ('450922', '陆川县', '450900');
INSERT INTO `areas` VALUES ('450923', '博白县', '450900');
INSERT INTO `areas` VALUES ('450924', '兴业县', '450900');
INSERT INTO `areas` VALUES ('450981', '北流市', '450900');
INSERT INTO `areas` VALUES ('451001', '市辖区', '451000');
INSERT INTO `areas` VALUES ('451002', '右江区', '451000');
INSERT INTO `areas` VALUES ('451021', '田阳县', '451000');
INSERT INTO `areas` VALUES ('451022', '田东县', '451000');
INSERT INTO `areas` VALUES ('451023', '平果县', '451000');
INSERT INTO `areas` VALUES ('451024', '德保县', '451000');
INSERT INTO `areas` VALUES ('451025', '靖西县', '451000');
INSERT INTO `areas` VALUES ('451026', '那坡县', '451000');
INSERT INTO `areas` VALUES ('451027', '凌云县', '451000');
INSERT INTO `areas` VALUES ('451028', '乐业县', '451000');
INSERT INTO `areas` VALUES ('451029', '田林县', '451000');
INSERT INTO `areas` VALUES ('451030', '西林县', '451000');
INSERT INTO `areas` VALUES ('451031', '隆林各族自治县', '451000');
INSERT INTO `areas` VALUES ('451101', '市辖区', '451100');
INSERT INTO `areas` VALUES ('451102', '八步区', '451100');
INSERT INTO `areas` VALUES ('451121', '昭平县', '451100');
INSERT INTO `areas` VALUES ('451122', '钟山县', '451100');
INSERT INTO `areas` VALUES ('451123', '富川瑶族自治县', '451100');
INSERT INTO `areas` VALUES ('451201', '市辖区', '451200');
INSERT INTO `areas` VALUES ('451202', '金城江区', '451200');
INSERT INTO `areas` VALUES ('451221', '南丹县', '451200');
INSERT INTO `areas` VALUES ('451222', '天峨县', '451200');
INSERT INTO `areas` VALUES ('451223', '凤山县', '451200');
INSERT INTO `areas` VALUES ('451224', '东兰县', '451200');
INSERT INTO `areas` VALUES ('451225', '罗城仫佬族自治县', '451200');
INSERT INTO `areas` VALUES ('451226', '环江毛南族自治县', '451200');
INSERT INTO `areas` VALUES ('451227', '巴马瑶族自治县', '451200');
INSERT INTO `areas` VALUES ('451228', '都安瑶族自治县', '451200');
INSERT INTO `areas` VALUES ('451229', '大化瑶族自治县', '451200');
INSERT INTO `areas` VALUES ('451281', '宜州市', '451200');
INSERT INTO `areas` VALUES ('451301', '市辖区', '451300');
INSERT INTO `areas` VALUES ('451302', '兴宾区', '451300');
INSERT INTO `areas` VALUES ('451321', '忻城县', '451300');
INSERT INTO `areas` VALUES ('451322', '象州县', '451300');
INSERT INTO `areas` VALUES ('451323', '武宣县', '451300');
INSERT INTO `areas` VALUES ('451324', '金秀瑶族自治县', '451300');
INSERT INTO `areas` VALUES ('451381', '合山市', '451300');
INSERT INTO `areas` VALUES ('451401', '市辖区', '451400');
INSERT INTO `areas` VALUES ('451402', '江洲区', '451400');
INSERT INTO `areas` VALUES ('451421', '扶绥县', '451400');
INSERT INTO `areas` VALUES ('451422', '宁明县', '451400');
INSERT INTO `areas` VALUES ('451423', '龙州县', '451400');
INSERT INTO `areas` VALUES ('451424', '大新县', '451400');
INSERT INTO `areas` VALUES ('451425', '天等县', '451400');
INSERT INTO `areas` VALUES ('451481', '凭祥市', '451400');
INSERT INTO `areas` VALUES ('460101', '市辖区', '460100');
INSERT INTO `areas` VALUES ('460105', '秀英区', '460100');
INSERT INTO `areas` VALUES ('460106', '龙华区', '460100');
INSERT INTO `areas` VALUES ('460107', '琼山区', '460100');
INSERT INTO `areas` VALUES ('460108', '美兰区', '460100');
INSERT INTO `areas` VALUES ('460201', '市辖区', '460200');
INSERT INTO `areas` VALUES ('469001', '五指山市', '469000');
INSERT INTO `areas` VALUES ('469002', '琼海市', '469000');
INSERT INTO `areas` VALUES ('469003', '儋州市', '469000');
INSERT INTO `areas` VALUES ('469005', '文昌市', '469000');
INSERT INTO `areas` VALUES ('469006', '万宁市', '469000');
INSERT INTO `areas` VALUES ('469007', '东方市', '469000');
INSERT INTO `areas` VALUES ('469025', '定安县', '469000');
INSERT INTO `areas` VALUES ('469026', '屯昌县', '469000');
INSERT INTO `areas` VALUES ('469027', '澄迈县', '469000');
INSERT INTO `areas` VALUES ('469028', '临高县', '469000');
INSERT INTO `areas` VALUES ('469030', '白沙黎族自治县', '469000');
INSERT INTO `areas` VALUES ('469031', '昌江黎族自治县', '469000');
INSERT INTO `areas` VALUES ('469033', '乐东黎族自治县', '469000');
INSERT INTO `areas` VALUES ('469034', '陵水黎族自治县', '469000');
INSERT INTO `areas` VALUES ('469035', '保亭黎族苗族自治县', '469000');
INSERT INTO `areas` VALUES ('469036', '琼中黎族苗族自治县', '469000');
INSERT INTO `areas` VALUES ('469037', '西沙群岛', '469000');
INSERT INTO `areas` VALUES ('469038', '南沙群岛', '469000');
INSERT INTO `areas` VALUES ('469039', '中沙群岛的岛礁及其海域', '469000');
INSERT INTO `areas` VALUES ('500101', '万州区', '500100');
INSERT INTO `areas` VALUES ('500102', '涪陵区', '500100');
INSERT INTO `areas` VALUES ('500103', '渝中区', '500100');
INSERT INTO `areas` VALUES ('500104', '大渡口区', '500100');
INSERT INTO `areas` VALUES ('500105', '江北区', '500100');
INSERT INTO `areas` VALUES ('500106', '沙坪坝区', '500100');
INSERT INTO `areas` VALUES ('500107', '九龙坡区', '500100');
INSERT INTO `areas` VALUES ('500108', '南岸区', '500100');
INSERT INTO `areas` VALUES ('500109', '北碚区', '500100');
INSERT INTO `areas` VALUES ('500110', '万盛区', '500100');
INSERT INTO `areas` VALUES ('500111', '双桥区', '500100');
INSERT INTO `areas` VALUES ('500112', '渝北区', '500100');
INSERT INTO `areas` VALUES ('500113', '巴南区', '500100');
INSERT INTO `areas` VALUES ('500114', '黔江区', '500100');
INSERT INTO `areas` VALUES ('500115', '长寿区', '500100');
INSERT INTO `areas` VALUES ('500222', '綦江县', '500200');
INSERT INTO `areas` VALUES ('500223', '潼南县', '500200');
INSERT INTO `areas` VALUES ('500224', '铜梁县', '500200');
INSERT INTO `areas` VALUES ('500225', '大足县', '500200');
INSERT INTO `areas` VALUES ('500226', '荣昌县', '500200');
INSERT INTO `areas` VALUES ('500227', '璧山县', '500200');
INSERT INTO `areas` VALUES ('500228', '梁平县', '500200');
INSERT INTO `areas` VALUES ('500229', '城口县', '500200');
INSERT INTO `areas` VALUES ('500230', '丰都县', '500200');
INSERT INTO `areas` VALUES ('500231', '垫江县', '500200');
INSERT INTO `areas` VALUES ('500232', '武隆县', '500200');
INSERT INTO `areas` VALUES ('500233', '忠　县', '500200');
INSERT INTO `areas` VALUES ('500234', '开　县', '500200');
INSERT INTO `areas` VALUES ('500235', '云阳县', '500200');
INSERT INTO `areas` VALUES ('500236', '奉节县', '500200');
INSERT INTO `areas` VALUES ('500237', '巫山县', '500200');
INSERT INTO `areas` VALUES ('500238', '巫溪县', '500200');
INSERT INTO `areas` VALUES ('500240', '石柱土家族自治县', '500200');
INSERT INTO `areas` VALUES ('500241', '秀山土家族苗族自治县', '500200');
INSERT INTO `areas` VALUES ('500242', '酉阳土家族苗族自治县', '500200');
INSERT INTO `areas` VALUES ('500243', '彭水苗族土家族自治县', '500200');
INSERT INTO `areas` VALUES ('500381', '江津市', '500300');
INSERT INTO `areas` VALUES ('500382', '合川市', '500300');
INSERT INTO `areas` VALUES ('500383', '永川市', '500300');
INSERT INTO `areas` VALUES ('500384', '南川市', '500300');
INSERT INTO `areas` VALUES ('510101', '市辖区', '510100');
INSERT INTO `areas` VALUES ('510104', '锦江区', '510100');
INSERT INTO `areas` VALUES ('510105', '青羊区', '510100');
INSERT INTO `areas` VALUES ('510106', '金牛区', '510100');
INSERT INTO `areas` VALUES ('510107', '武侯区', '510100');
INSERT INTO `areas` VALUES ('510108', '成华区', '510100');
INSERT INTO `areas` VALUES ('510112', '龙泉驿区', '510100');
INSERT INTO `areas` VALUES ('510113', '青白江区', '510100');
INSERT INTO `areas` VALUES ('510114', '新都区', '510100');
INSERT INTO `areas` VALUES ('510115', '温江县', '510100');
INSERT INTO `areas` VALUES ('510121', '金堂县', '510100');
INSERT INTO `areas` VALUES ('510122', '双流县', '510100');
INSERT INTO `areas` VALUES ('510124', '郫　县', '510100');
INSERT INTO `areas` VALUES ('510129', '大邑县', '510100');
INSERT INTO `areas` VALUES ('510131', '蒲江县', '510100');
INSERT INTO `areas` VALUES ('510132', '新津县', '510100');
INSERT INTO `areas` VALUES ('510181', '都江堰市', '510100');
INSERT INTO `areas` VALUES ('510182', '彭州市', '510100');
INSERT INTO `areas` VALUES ('510183', '邛崃市', '510100');
INSERT INTO `areas` VALUES ('510184', '崇州市', '510100');
INSERT INTO `areas` VALUES ('510301', '市辖区', '510300');
INSERT INTO `areas` VALUES ('510302', '自流井区', '510300');
INSERT INTO `areas` VALUES ('510303', '贡井区', '510300');
INSERT INTO `areas` VALUES ('510304', '大安区', '510300');
INSERT INTO `areas` VALUES ('510311', '沿滩区', '510300');
INSERT INTO `areas` VALUES ('510321', '荣　县', '510300');
INSERT INTO `areas` VALUES ('510322', '富顺县', '510300');
INSERT INTO `areas` VALUES ('510401', '市辖区', '510400');
INSERT INTO `areas` VALUES ('510402', '东　区', '510400');
INSERT INTO `areas` VALUES ('510403', '西　区', '510400');
INSERT INTO `areas` VALUES ('510411', '仁和区', '510400');
INSERT INTO `areas` VALUES ('510421', '米易县', '510400');
INSERT INTO `areas` VALUES ('510422', '盐边县', '510400');
INSERT INTO `areas` VALUES ('510501', '市辖区', '510500');
INSERT INTO `areas` VALUES ('510502', '江阳区', '510500');
INSERT INTO `areas` VALUES ('510503', '纳溪区', '510500');
INSERT INTO `areas` VALUES ('510504', '龙马潭区', '510500');
INSERT INTO `areas` VALUES ('510521', '泸　县', '510500');
INSERT INTO `areas` VALUES ('510522', '合江县', '510500');
INSERT INTO `areas` VALUES ('510524', '叙永县', '510500');
INSERT INTO `areas` VALUES ('510525', '古蔺县', '510500');
INSERT INTO `areas` VALUES ('510601', '市辖区', '510600');
INSERT INTO `areas` VALUES ('510603', '旌阳区', '510600');
INSERT INTO `areas` VALUES ('510623', '中江县', '510600');
INSERT INTO `areas` VALUES ('510626', '罗江县', '510600');
INSERT INTO `areas` VALUES ('510681', '广汉市', '510600');
INSERT INTO `areas` VALUES ('510682', '什邡市', '510600');
INSERT INTO `areas` VALUES ('510683', '绵竹市', '510600');
INSERT INTO `areas` VALUES ('510701', '市辖区', '510700');
INSERT INTO `areas` VALUES ('510703', '涪城区', '510700');
INSERT INTO `areas` VALUES ('510704', '游仙区', '510700');
INSERT INTO `areas` VALUES ('510722', '三台县', '510700');
INSERT INTO `areas` VALUES ('510723', '盐亭县', '510700');
INSERT INTO `areas` VALUES ('510724', '安　县', '510700');
INSERT INTO `areas` VALUES ('510725', '梓潼县', '510700');
INSERT INTO `areas` VALUES ('510726', '北川羌族自治县', '510700');
INSERT INTO `areas` VALUES ('510727', '平武县', '510700');
INSERT INTO `areas` VALUES ('510781', '江油市', '510700');
INSERT INTO `areas` VALUES ('510801', '市辖区', '510800');
INSERT INTO `areas` VALUES ('510802', '市中区', '510800');
INSERT INTO `areas` VALUES ('510811', '元坝区', '510800');
INSERT INTO `areas` VALUES ('510812', '朝天区', '510800');
INSERT INTO `areas` VALUES ('510821', '旺苍县', '510800');
INSERT INTO `areas` VALUES ('510822', '青川县', '510800');
INSERT INTO `areas` VALUES ('510823', '剑阁县', '510800');
INSERT INTO `areas` VALUES ('510824', '苍溪县', '510800');
INSERT INTO `areas` VALUES ('510901', '市辖区', '510900');
INSERT INTO `areas` VALUES ('510903', '船山区', '510900');
INSERT INTO `areas` VALUES ('510904', '安居区', '510900');
INSERT INTO `areas` VALUES ('510921', '蓬溪县', '510900');
INSERT INTO `areas` VALUES ('510922', '射洪县', '510900');
INSERT INTO `areas` VALUES ('510923', '大英县', '510900');
INSERT INTO `areas` VALUES ('511001', '市辖区', '511000');
INSERT INTO `areas` VALUES ('511002', '市中区', '511000');
INSERT INTO `areas` VALUES ('511011', '东兴区', '511000');
INSERT INTO `areas` VALUES ('511024', '威远县', '511000');
INSERT INTO `areas` VALUES ('511025', '资中县', '511000');
INSERT INTO `areas` VALUES ('511028', '隆昌县', '511000');
INSERT INTO `areas` VALUES ('511101', '市辖区', '511100');
INSERT INTO `areas` VALUES ('511102', '市中区', '511100');
INSERT INTO `areas` VALUES ('511111', '沙湾区', '511100');
INSERT INTO `areas` VALUES ('511112', '五通桥区', '511100');
INSERT INTO `areas` VALUES ('511113', '金口河区', '511100');
INSERT INTO `areas` VALUES ('511123', '犍为县', '511100');
INSERT INTO `areas` VALUES ('511124', '井研县', '511100');
INSERT INTO `areas` VALUES ('511126', '夹江县', '511100');
INSERT INTO `areas` VALUES ('511129', '沐川县', '511100');
INSERT INTO `areas` VALUES ('511132', '峨边彝族自治县', '511100');
INSERT INTO `areas` VALUES ('511133', '马边彝族自治县', '511100');
INSERT INTO `areas` VALUES ('511181', '峨眉山市', '511100');
INSERT INTO `areas` VALUES ('511301', '市辖区', '511300');
INSERT INTO `areas` VALUES ('511302', '顺庆区', '511300');
INSERT INTO `areas` VALUES ('511303', '高坪区', '511300');
INSERT INTO `areas` VALUES ('511304', '嘉陵区', '511300');
INSERT INTO `areas` VALUES ('511321', '南部县', '511300');
INSERT INTO `areas` VALUES ('511322', '营山县', '511300');
INSERT INTO `areas` VALUES ('511323', '蓬安县', '511300');
INSERT INTO `areas` VALUES ('511324', '仪陇县', '511300');
INSERT INTO `areas` VALUES ('511325', '西充县', '511300');
INSERT INTO `areas` VALUES ('511381', '阆中市', '511300');
INSERT INTO `areas` VALUES ('511401', '市辖区', '511400');
INSERT INTO `areas` VALUES ('511402', '东坡区', '511400');
INSERT INTO `areas` VALUES ('511421', '仁寿县', '511400');
INSERT INTO `areas` VALUES ('511422', '彭山县', '511400');
INSERT INTO `areas` VALUES ('511423', '洪雅县', '511400');
INSERT INTO `areas` VALUES ('511424', '丹棱县', '511400');
INSERT INTO `areas` VALUES ('511425', '青神县', '511400');
INSERT INTO `areas` VALUES ('511501', '市辖区', '511500');
INSERT INTO `areas` VALUES ('511502', '翠屏区', '511500');
INSERT INTO `areas` VALUES ('511521', '宜宾县', '511500');
INSERT INTO `areas` VALUES ('511522', '南溪县', '511500');
INSERT INTO `areas` VALUES ('511523', '江安县', '511500');
INSERT INTO `areas` VALUES ('511524', '长宁县', '511500');
INSERT INTO `areas` VALUES ('511525', '高　县', '511500');
INSERT INTO `areas` VALUES ('511526', '珙　县', '511500');
INSERT INTO `areas` VALUES ('511527', '筠连县', '511500');
INSERT INTO `areas` VALUES ('511528', '兴文县', '511500');
INSERT INTO `areas` VALUES ('511529', '屏山县', '511500');
INSERT INTO `areas` VALUES ('511601', '市辖区', '511600');
INSERT INTO `areas` VALUES ('511602', '广安区', '511600');
INSERT INTO `areas` VALUES ('511621', '岳池县', '511600');
INSERT INTO `areas` VALUES ('511622', '武胜县', '511600');
INSERT INTO `areas` VALUES ('511623', '邻水县', '511600');
INSERT INTO `areas` VALUES ('511681', '华莹市', '511600');
INSERT INTO `areas` VALUES ('511701', '市辖区', '511700');
INSERT INTO `areas` VALUES ('511702', '通川区', '511700');
INSERT INTO `areas` VALUES ('511721', '达　县', '511700');
INSERT INTO `areas` VALUES ('511722', '宣汉县', '511700');
INSERT INTO `areas` VALUES ('511723', '开江县', '511700');
INSERT INTO `areas` VALUES ('511724', '大竹县', '511700');
INSERT INTO `areas` VALUES ('511725', '渠　县', '511700');
INSERT INTO `areas` VALUES ('511781', '万源市', '511700');
INSERT INTO `areas` VALUES ('511801', '市辖区', '511800');
INSERT INTO `areas` VALUES ('511802', '雨城区', '511800');
INSERT INTO `areas` VALUES ('511821', '名山县', '511800');
INSERT INTO `areas` VALUES ('511822', '荥经县', '511800');
INSERT INTO `areas` VALUES ('511823', '汉源县', '511800');
INSERT INTO `areas` VALUES ('511824', '石棉县', '511800');
INSERT INTO `areas` VALUES ('511825', '天全县', '511800');
INSERT INTO `areas` VALUES ('511826', '芦山县', '511800');
INSERT INTO `areas` VALUES ('511827', '宝兴县', '511800');
INSERT INTO `areas` VALUES ('511901', '市辖区', '511900');
INSERT INTO `areas` VALUES ('511902', '巴州区', '511900');
INSERT INTO `areas` VALUES ('511921', '通江县', '511900');
INSERT INTO `areas` VALUES ('511922', '南江县', '511900');
INSERT INTO `areas` VALUES ('511923', '平昌县', '511900');
INSERT INTO `areas` VALUES ('512001', '市辖区', '512000');
INSERT INTO `areas` VALUES ('512002', '雁江区', '512000');
INSERT INTO `areas` VALUES ('512021', '安岳县', '512000');
INSERT INTO `areas` VALUES ('512022', '乐至县', '512000');
INSERT INTO `areas` VALUES ('512081', '简阳市', '512000');
INSERT INTO `areas` VALUES ('513221', '汶川县', '513200');
INSERT INTO `areas` VALUES ('513222', '理　县', '513200');
INSERT INTO `areas` VALUES ('513223', '茂　县', '513200');
INSERT INTO `areas` VALUES ('513224', '松潘县', '513200');
INSERT INTO `areas` VALUES ('513225', '九寨沟县', '513200');
INSERT INTO `areas` VALUES ('513226', '金川县', '513200');
INSERT INTO `areas` VALUES ('513227', '小金县', '513200');
INSERT INTO `areas` VALUES ('513228', '黑水县', '513200');
INSERT INTO `areas` VALUES ('513229', '马尔康县', '513200');
INSERT INTO `areas` VALUES ('513230', '壤塘县', '513200');
INSERT INTO `areas` VALUES ('513231', '阿坝县', '513200');
INSERT INTO `areas` VALUES ('513232', '若尔盖县', '513200');
INSERT INTO `areas` VALUES ('513233', '红原县', '513200');
INSERT INTO `areas` VALUES ('513321', '康定县', '513300');
INSERT INTO `areas` VALUES ('513322', '泸定县', '513300');
INSERT INTO `areas` VALUES ('513323', '丹巴县', '513300');
INSERT INTO `areas` VALUES ('513324', '九龙县', '513300');
INSERT INTO `areas` VALUES ('513325', '雅江县', '513300');
INSERT INTO `areas` VALUES ('513326', '道孚县', '513300');
INSERT INTO `areas` VALUES ('513327', '炉霍县', '513300');
INSERT INTO `areas` VALUES ('513328', '甘孜县', '513300');
INSERT INTO `areas` VALUES ('513329', '新龙县', '513300');
INSERT INTO `areas` VALUES ('513330', '德格县', '513300');
INSERT INTO `areas` VALUES ('513331', '白玉县', '513300');
INSERT INTO `areas` VALUES ('513332', '石渠县', '513300');
INSERT INTO `areas` VALUES ('513333', '色达县', '513300');
INSERT INTO `areas` VALUES ('513334', '理塘县', '513300');
INSERT INTO `areas` VALUES ('513335', '巴塘县', '513300');
INSERT INTO `areas` VALUES ('513336', '乡城县', '513300');
INSERT INTO `areas` VALUES ('513337', '稻城县', '513300');
INSERT INTO `areas` VALUES ('513338', '得荣县', '513300');
INSERT INTO `areas` VALUES ('513401', '西昌市', '513400');
INSERT INTO `areas` VALUES ('513422', '木里藏族自治县', '513400');
INSERT INTO `areas` VALUES ('513423', '盐源县', '513400');
INSERT INTO `areas` VALUES ('513424', '德昌县', '513400');
INSERT INTO `areas` VALUES ('513425', '会理县', '513400');
INSERT INTO `areas` VALUES ('513426', '会东县', '513400');
INSERT INTO `areas` VALUES ('513427', '宁南县', '513400');
INSERT INTO `areas` VALUES ('513428', '普格县', '513400');
INSERT INTO `areas` VALUES ('513429', '布拖县', '513400');
INSERT INTO `areas` VALUES ('513430', '金阳县', '513400');
INSERT INTO `areas` VALUES ('513431', '昭觉县', '513400');
INSERT INTO `areas` VALUES ('513432', '喜德县', '513400');
INSERT INTO `areas` VALUES ('513433', '冕宁县', '513400');
INSERT INTO `areas` VALUES ('513434', '越西县', '513400');
INSERT INTO `areas` VALUES ('513435', '甘洛县', '513400');
INSERT INTO `areas` VALUES ('513436', '美姑县', '513400');
INSERT INTO `areas` VALUES ('513437', '雷波县', '513400');
INSERT INTO `areas` VALUES ('520101', '市辖区', '520100');
INSERT INTO `areas` VALUES ('520102', '南明区', '520100');
INSERT INTO `areas` VALUES ('520103', '云岩区', '520100');
INSERT INTO `areas` VALUES ('520111', '花溪区', '520100');
INSERT INTO `areas` VALUES ('520112', '乌当区', '520100');
INSERT INTO `areas` VALUES ('520113', '白云区', '520100');
INSERT INTO `areas` VALUES ('520114', '小河区', '520100');
INSERT INTO `areas` VALUES ('520121', '开阳县', '520100');
INSERT INTO `areas` VALUES ('520122', '息烽县', '520100');
INSERT INTO `areas` VALUES ('520123', '修文县', '520100');
INSERT INTO `areas` VALUES ('520181', '清镇市', '520100');
INSERT INTO `areas` VALUES ('520201', '钟山区', '520200');
INSERT INTO `areas` VALUES ('520203', '六枝特区', '520200');
INSERT INTO `areas` VALUES ('520221', '水城县', '520200');
INSERT INTO `areas` VALUES ('520222', '盘　县', '520200');
INSERT INTO `areas` VALUES ('520301', '市辖区', '520300');
INSERT INTO `areas` VALUES ('520302', '红花岗区', '520300');
INSERT INTO `areas` VALUES ('520303', '汇川区', '520300');
INSERT INTO `areas` VALUES ('520321', '遵义县', '520300');
INSERT INTO `areas` VALUES ('520322', '桐梓县', '520300');
INSERT INTO `areas` VALUES ('520323', '绥阳县', '520300');
INSERT INTO `areas` VALUES ('520324', '正安县', '520300');
INSERT INTO `areas` VALUES ('520325', '道真仡佬族苗族自治县', '520300');
INSERT INTO `areas` VALUES ('520326', '务川仡佬族苗族自治县', '520300');
INSERT INTO `areas` VALUES ('520327', '凤冈县', '520300');
INSERT INTO `areas` VALUES ('520328', '湄潭县', '520300');
INSERT INTO `areas` VALUES ('520329', '余庆县', '520300');
INSERT INTO `areas` VALUES ('520330', '习水县', '520300');
INSERT INTO `areas` VALUES ('520381', '赤水市', '520300');
INSERT INTO `areas` VALUES ('520382', '仁怀市', '520300');
INSERT INTO `areas` VALUES ('520401', '市辖区', '520400');
INSERT INTO `areas` VALUES ('520402', '西秀区', '520400');
INSERT INTO `areas` VALUES ('520421', '平坝县', '520400');
INSERT INTO `areas` VALUES ('520422', '普定县', '520400');
INSERT INTO `areas` VALUES ('520423', '镇宁布依族苗族自治县', '520400');
INSERT INTO `areas` VALUES ('520424', '关岭布依族苗族自治县', '520400');
INSERT INTO `areas` VALUES ('520425', '紫云苗族布依族自治县', '520400');
INSERT INTO `areas` VALUES ('522201', '铜仁市', '522200');
INSERT INTO `areas` VALUES ('522222', '江口县', '522200');
INSERT INTO `areas` VALUES ('522223', '玉屏侗族自治县', '522200');
INSERT INTO `areas` VALUES ('522224', '石阡县', '522200');
INSERT INTO `areas` VALUES ('522225', '思南县', '522200');
INSERT INTO `areas` VALUES ('522226', '印江土家族苗族自治县', '522200');
INSERT INTO `areas` VALUES ('522227', '德江县', '522200');
INSERT INTO `areas` VALUES ('522228', '沿河土家族自治县', '522200');
INSERT INTO `areas` VALUES ('522229', '松桃苗族自治县', '522200');
INSERT INTO `areas` VALUES ('522230', '万山特区', '522200');
INSERT INTO `areas` VALUES ('522301', '兴义市', '522300');
INSERT INTO `areas` VALUES ('522322', '兴仁县', '522300');
INSERT INTO `areas` VALUES ('522323', '普安县', '522300');
INSERT INTO `areas` VALUES ('522324', '晴隆县', '522300');
INSERT INTO `areas` VALUES ('522325', '贞丰县', '522300');
INSERT INTO `areas` VALUES ('522326', '望谟县', '522300');
INSERT INTO `areas` VALUES ('522327', '册亨县', '522300');
INSERT INTO `areas` VALUES ('522328', '安龙县', '522300');
INSERT INTO `areas` VALUES ('522401', '毕节市', '522400');
INSERT INTO `areas` VALUES ('522422', '大方县', '522400');
INSERT INTO `areas` VALUES ('522423', '黔西县', '522400');
INSERT INTO `areas` VALUES ('522424', '金沙县', '522400');
INSERT INTO `areas` VALUES ('522425', '织金县', '522400');
INSERT INTO `areas` VALUES ('522426', '纳雍县', '522400');
INSERT INTO `areas` VALUES ('522427', '威宁彝族回族苗族自治县', '522400');
INSERT INTO `areas` VALUES ('522428', '赫章县', '522400');
INSERT INTO `areas` VALUES ('522601', '凯里市', '522600');
INSERT INTO `areas` VALUES ('522622', '黄平县', '522600');
INSERT INTO `areas` VALUES ('522623', '施秉县', '522600');
INSERT INTO `areas` VALUES ('522624', '三穗县', '522600');
INSERT INTO `areas` VALUES ('522625', '镇远县', '522600');
INSERT INTO `areas` VALUES ('522626', '岑巩县', '522600');
INSERT INTO `areas` VALUES ('522627', '天柱县', '522600');
INSERT INTO `areas` VALUES ('522628', '锦屏县', '522600');
INSERT INTO `areas` VALUES ('522629', '剑河县', '522600');
INSERT INTO `areas` VALUES ('522630', '台江县', '522600');
INSERT INTO `areas` VALUES ('522631', '黎平县', '522600');
INSERT INTO `areas` VALUES ('522632', '榕江县', '522600');
INSERT INTO `areas` VALUES ('522633', '从江县', '522600');
INSERT INTO `areas` VALUES ('522634', '雷山县', '522600');
INSERT INTO `areas` VALUES ('522635', '麻江县', '522600');
INSERT INTO `areas` VALUES ('522636', '丹寨县', '522600');
INSERT INTO `areas` VALUES ('522701', '都匀市', '522700');
INSERT INTO `areas` VALUES ('522702', '福泉市', '522700');
INSERT INTO `areas` VALUES ('522722', '荔波县', '522700');
INSERT INTO `areas` VALUES ('522723', '贵定县', '522700');
INSERT INTO `areas` VALUES ('522725', '瓮安县', '522700');
INSERT INTO `areas` VALUES ('522726', '独山县', '522700');
INSERT INTO `areas` VALUES ('522727', '平塘县', '522700');
INSERT INTO `areas` VALUES ('522728', '罗甸县', '522700');
INSERT INTO `areas` VALUES ('522729', '长顺县', '522700');
INSERT INTO `areas` VALUES ('522730', '龙里县', '522700');
INSERT INTO `areas` VALUES ('522731', '惠水县', '522700');
INSERT INTO `areas` VALUES ('522732', '三都水族自治县', '522700');
INSERT INTO `areas` VALUES ('530101', '市辖区', '530100');
INSERT INTO `areas` VALUES ('530102', '五华区', '530100');
INSERT INTO `areas` VALUES ('530103', '盘龙区', '530100');
INSERT INTO `areas` VALUES ('530111', '官渡区', '530100');
INSERT INTO `areas` VALUES ('530112', '西山区', '530100');
INSERT INTO `areas` VALUES ('530113', '东川区', '530100');
INSERT INTO `areas` VALUES ('530121', '呈贡县', '530100');
INSERT INTO `areas` VALUES ('530122', '晋宁县', '530100');
INSERT INTO `areas` VALUES ('530124', '富民县', '530100');
INSERT INTO `areas` VALUES ('530125', '宜良县', '530100');
INSERT INTO `areas` VALUES ('530126', '石林彝族自治县', '530100');
INSERT INTO `areas` VALUES ('530127', '嵩明县', '530100');
INSERT INTO `areas` VALUES ('530128', '禄劝彝族苗族自治县', '530100');
INSERT INTO `areas` VALUES ('530129', '寻甸回族彝族自治县', '530100');
INSERT INTO `areas` VALUES ('530181', '安宁市', '530100');
INSERT INTO `areas` VALUES ('530301', '市辖区', '530300');
INSERT INTO `areas` VALUES ('530302', '麒麟区', '530300');
INSERT INTO `areas` VALUES ('530321', '马龙县', '530300');
INSERT INTO `areas` VALUES ('530322', '陆良县', '530300');
INSERT INTO `areas` VALUES ('530323', '师宗县', '530300');
INSERT INTO `areas` VALUES ('530324', '罗平县', '530300');
INSERT INTO `areas` VALUES ('530325', '富源县', '530300');
INSERT INTO `areas` VALUES ('530326', '会泽县', '530300');
INSERT INTO `areas` VALUES ('530328', '沾益县', '530300');
INSERT INTO `areas` VALUES ('530381', '宣威市', '530300');
INSERT INTO `areas` VALUES ('530401', '市辖区', '530400');
INSERT INTO `areas` VALUES ('530402', '红塔区', '530400');
INSERT INTO `areas` VALUES ('530421', '江川县', '530400');
INSERT INTO `areas` VALUES ('530422', '澄江县', '530400');
INSERT INTO `areas` VALUES ('530423', '通海县', '530400');
INSERT INTO `areas` VALUES ('530424', '华宁县', '530400');
INSERT INTO `areas` VALUES ('530425', '易门县', '530400');
INSERT INTO `areas` VALUES ('530426', '峨山彝族自治县', '530400');
INSERT INTO `areas` VALUES ('530427', '新平彝族傣族自治县', '530400');
INSERT INTO `areas` VALUES ('530428', '元江哈尼族彝族傣族自治县', '530400');
INSERT INTO `areas` VALUES ('530501', '市辖区', '530500');
INSERT INTO `areas` VALUES ('530502', '隆阳区', '530500');
INSERT INTO `areas` VALUES ('530521', '施甸县', '530500');
INSERT INTO `areas` VALUES ('530522', '腾冲县', '530500');
INSERT INTO `areas` VALUES ('530523', '龙陵县', '530500');
INSERT INTO `areas` VALUES ('530524', '昌宁县', '530500');
INSERT INTO `areas` VALUES ('530601', '市辖区', '530600');
INSERT INTO `areas` VALUES ('530602', '昭阳区', '530600');
INSERT INTO `areas` VALUES ('530621', '鲁甸县', '530600');
INSERT INTO `areas` VALUES ('530622', '巧家县', '530600');
INSERT INTO `areas` VALUES ('530623', '盐津县', '530600');
INSERT INTO `areas` VALUES ('530624', '大关县', '530600');
INSERT INTO `areas` VALUES ('530625', '永善县', '530600');
INSERT INTO `areas` VALUES ('530626', '绥江县', '530600');
INSERT INTO `areas` VALUES ('530627', '镇雄县', '530600');
INSERT INTO `areas` VALUES ('530628', '彝良县', '530600');
INSERT INTO `areas` VALUES ('530629', '威信县', '530600');
INSERT INTO `areas` VALUES ('530630', '水富县', '530600');
INSERT INTO `areas` VALUES ('530701', '市辖区', '530700');
INSERT INTO `areas` VALUES ('530702', '古城区', '530700');
INSERT INTO `areas` VALUES ('530721', '玉龙纳西族自治县', '530700');
INSERT INTO `areas` VALUES ('530722', '永胜县', '530700');
INSERT INTO `areas` VALUES ('530723', '华坪县', '530700');
INSERT INTO `areas` VALUES ('530724', '宁蒗彝族自治县', '530700');
INSERT INTO `areas` VALUES ('530801', '市辖区', '530800');
INSERT INTO `areas` VALUES ('530802', '翠云区', '530800');
INSERT INTO `areas` VALUES ('530821', '普洱哈尼族彝族自治县', '530800');
INSERT INTO `areas` VALUES ('530822', '墨江哈尼族自治县', '530800');
INSERT INTO `areas` VALUES ('530823', '景东彝族自治县', '530800');
INSERT INTO `areas` VALUES ('530824', '景谷傣族彝族自治县', '530800');
INSERT INTO `areas` VALUES ('530825', '镇沅彝族哈尼族拉祜族自治县', '530800');
INSERT INTO `areas` VALUES ('530826', '江城哈尼族彝族自治县', '530800');
INSERT INTO `areas` VALUES ('530827', '孟连傣族拉祜族佤族自治县', '530800');
INSERT INTO `areas` VALUES ('530828', '澜沧拉祜族自治县', '530800');
INSERT INTO `areas` VALUES ('530829', '西盟佤族自治县', '530800');
INSERT INTO `areas` VALUES ('530901', '市辖区', '530900');
INSERT INTO `areas` VALUES ('530902', '临翔区', '530900');
INSERT INTO `areas` VALUES ('530921', '凤庆县', '530900');
INSERT INTO `areas` VALUES ('530922', '云　县', '530900');
INSERT INTO `areas` VALUES ('530923', '永德县', '530900');
INSERT INTO `areas` VALUES ('530924', '镇康县', '530900');
INSERT INTO `areas` VALUES ('530925', '双江拉祜族佤族布朗族傣族自治县', '530900');
INSERT INTO `areas` VALUES ('530926', '耿马傣族佤族自治县', '530900');
INSERT INTO `areas` VALUES ('530927', '沧源佤族自治县', '530900');
INSERT INTO `areas` VALUES ('532301', '楚雄市', '532300');
INSERT INTO `areas` VALUES ('532322', '双柏县', '532300');
INSERT INTO `areas` VALUES ('532323', '牟定县', '532300');
INSERT INTO `areas` VALUES ('532324', '南华县', '532300');
INSERT INTO `areas` VALUES ('532325', '姚安县', '532300');
INSERT INTO `areas` VALUES ('532326', '大姚县', '532300');
INSERT INTO `areas` VALUES ('532327', '永仁县', '532300');
INSERT INTO `areas` VALUES ('532328', '元谋县', '532300');
INSERT INTO `areas` VALUES ('532329', '武定县', '532300');
INSERT INTO `areas` VALUES ('532331', '禄丰县', '532300');
INSERT INTO `areas` VALUES ('532501', '个旧市', '532500');
INSERT INTO `areas` VALUES ('532502', '开远市', '532500');
INSERT INTO `areas` VALUES ('532522', '蒙自县', '532500');
INSERT INTO `areas` VALUES ('532523', '屏边苗族自治县', '532500');
INSERT INTO `areas` VALUES ('532524', '建水县', '532500');
INSERT INTO `areas` VALUES ('532525', '石屏县', '532500');
INSERT INTO `areas` VALUES ('532526', '弥勒县', '532500');
INSERT INTO `areas` VALUES ('532527', '泸西县', '532500');
INSERT INTO `areas` VALUES ('532528', '元阳县', '532500');
INSERT INTO `areas` VALUES ('532529', '红河县', '532500');
INSERT INTO `areas` VALUES ('532530', '金平苗族瑶族傣族自治县', '532500');
INSERT INTO `areas` VALUES ('532531', '绿春县', '532500');
INSERT INTO `areas` VALUES ('532532', '河口瑶族自治县', '532500');
INSERT INTO `areas` VALUES ('532621', '文山县', '532600');
INSERT INTO `areas` VALUES ('532622', '砚山县', '532600');
INSERT INTO `areas` VALUES ('532623', '西畴县', '532600');
INSERT INTO `areas` VALUES ('532624', '麻栗坡县', '532600');
INSERT INTO `areas` VALUES ('532625', '马关县', '532600');
INSERT INTO `areas` VALUES ('532626', '丘北县', '532600');
INSERT INTO `areas` VALUES ('532627', '广南县', '532600');
INSERT INTO `areas` VALUES ('532628', '富宁县', '532600');
INSERT INTO `areas` VALUES ('532801', '景洪市', '532800');
INSERT INTO `areas` VALUES ('532822', '勐海县', '532800');
INSERT INTO `areas` VALUES ('532823', '勐腊县', '532800');
INSERT INTO `areas` VALUES ('532901', '大理市', '532900');
INSERT INTO `areas` VALUES ('532922', '漾濞彝族自治县', '532900');
INSERT INTO `areas` VALUES ('532923', '祥云县', '532900');
INSERT INTO `areas` VALUES ('532924', '宾川县', '532900');
INSERT INTO `areas` VALUES ('532925', '弥渡县', '532900');
INSERT INTO `areas` VALUES ('532926', '南涧彝族自治县', '532900');
INSERT INTO `areas` VALUES ('532927', '巍山彝族回族自治县', '532900');
INSERT INTO `areas` VALUES ('532928', '永平县', '532900');
INSERT INTO `areas` VALUES ('532929', '云龙县', '532900');
INSERT INTO `areas` VALUES ('532930', '洱源县', '532900');
INSERT INTO `areas` VALUES ('532931', '剑川县', '532900');
INSERT INTO `areas` VALUES ('532932', '鹤庆县', '532900');
INSERT INTO `areas` VALUES ('533102', '瑞丽市', '533100');
INSERT INTO `areas` VALUES ('533103', '潞西市', '533100');
INSERT INTO `areas` VALUES ('533122', '梁河县', '533100');
INSERT INTO `areas` VALUES ('533123', '盈江县', '533100');
INSERT INTO `areas` VALUES ('533124', '陇川县', '533100');
INSERT INTO `areas` VALUES ('533321', '泸水县', '533300');
INSERT INTO `areas` VALUES ('533323', '福贡县', '533300');
INSERT INTO `areas` VALUES ('533324', '贡山独龙族怒族自治县', '533300');
INSERT INTO `areas` VALUES ('533325', '兰坪白族普米族自治县', '533300');
INSERT INTO `areas` VALUES ('533421', '香格里拉县', '533400');
INSERT INTO `areas` VALUES ('533422', '德钦县', '533400');
INSERT INTO `areas` VALUES ('533423', '维西傈僳族自治县', '533400');
INSERT INTO `areas` VALUES ('540101', '市辖区', '540100');
INSERT INTO `areas` VALUES ('540102', '城关区', '540100');
INSERT INTO `areas` VALUES ('540121', '林周县', '540100');
INSERT INTO `areas` VALUES ('540122', '当雄县', '540100');
INSERT INTO `areas` VALUES ('540123', '尼木县', '540100');
INSERT INTO `areas` VALUES ('540124', '曲水县', '540100');
INSERT INTO `areas` VALUES ('540125', '堆龙德庆县', '540100');
INSERT INTO `areas` VALUES ('540126', '达孜县', '540100');
INSERT INTO `areas` VALUES ('540127', '墨竹工卡县', '540100');
INSERT INTO `areas` VALUES ('542121', '昌都县', '542100');
INSERT INTO `areas` VALUES ('542122', '江达县', '542100');
INSERT INTO `areas` VALUES ('542123', '贡觉县', '542100');
INSERT INTO `areas` VALUES ('542124', '类乌齐县', '542100');
INSERT INTO `areas` VALUES ('542125', '丁青县', '542100');
INSERT INTO `areas` VALUES ('542126', '察雅县', '542100');
INSERT INTO `areas` VALUES ('542127', '八宿县', '542100');
INSERT INTO `areas` VALUES ('542128', '左贡县', '542100');
INSERT INTO `areas` VALUES ('542129', '芒康县', '542100');
INSERT INTO `areas` VALUES ('542132', '洛隆县', '542100');
INSERT INTO `areas` VALUES ('542133', '边坝县', '542100');
INSERT INTO `areas` VALUES ('542221', '乃东县', '542200');
INSERT INTO `areas` VALUES ('542222', '扎囊县', '542200');
INSERT INTO `areas` VALUES ('542223', '贡嘎县', '542200');
INSERT INTO `areas` VALUES ('542224', '桑日县', '542200');
INSERT INTO `areas` VALUES ('542225', '琼结县', '542200');
INSERT INTO `areas` VALUES ('542226', '曲松县', '542200');
INSERT INTO `areas` VALUES ('542227', '措美县', '542200');
INSERT INTO `areas` VALUES ('542228', '洛扎县', '542200');
INSERT INTO `areas` VALUES ('542229', '加查县', '542200');
INSERT INTO `areas` VALUES ('542231', '隆子县', '542200');
INSERT INTO `areas` VALUES ('542232', '错那县', '542200');
INSERT INTO `areas` VALUES ('542233', '浪卡子县', '542200');
INSERT INTO `areas` VALUES ('542301', '日喀则市', '542300');
INSERT INTO `areas` VALUES ('542322', '南木林县', '542300');
INSERT INTO `areas` VALUES ('542323', '江孜县', '542300');
INSERT INTO `areas` VALUES ('542324', '定日县', '542300');
INSERT INTO `areas` VALUES ('542325', '萨迦县', '542300');
INSERT INTO `areas` VALUES ('542326', '拉孜县', '542300');
INSERT INTO `areas` VALUES ('542327', '昂仁县', '542300');
INSERT INTO `areas` VALUES ('542328', '谢通门县', '542300');
INSERT INTO `areas` VALUES ('542329', '白朗县', '542300');
INSERT INTO `areas` VALUES ('542330', '仁布县', '542300');
INSERT INTO `areas` VALUES ('542331', '康马县', '542300');
INSERT INTO `areas` VALUES ('542332', '定结县', '542300');
INSERT INTO `areas` VALUES ('542333', '仲巴县', '542300');
INSERT INTO `areas` VALUES ('542334', '亚东县', '542300');
INSERT INTO `areas` VALUES ('542335', '吉隆县', '542300');
INSERT INTO `areas` VALUES ('542336', '聂拉木县', '542300');
INSERT INTO `areas` VALUES ('542337', '萨嘎县', '542300');
INSERT INTO `areas` VALUES ('542338', '岗巴县', '542300');
INSERT INTO `areas` VALUES ('542421', '那曲县', '542400');
INSERT INTO `areas` VALUES ('542422', '嘉黎县', '542400');
INSERT INTO `areas` VALUES ('542423', '比如县', '542400');
INSERT INTO `areas` VALUES ('542424', '聂荣县', '542400');
INSERT INTO `areas` VALUES ('542425', '安多县', '542400');
INSERT INTO `areas` VALUES ('542426', '申扎县', '542400');
INSERT INTO `areas` VALUES ('542427', '索　县', '542400');
INSERT INTO `areas` VALUES ('542428', '班戈县', '542400');
INSERT INTO `areas` VALUES ('542429', '巴青县', '542400');
INSERT INTO `areas` VALUES ('542430', '尼玛县', '542400');
INSERT INTO `areas` VALUES ('542521', '普兰县', '542500');
INSERT INTO `areas` VALUES ('542522', '札达县', '542500');
INSERT INTO `areas` VALUES ('542523', '噶尔县', '542500');
INSERT INTO `areas` VALUES ('542524', '日土县', '542500');
INSERT INTO `areas` VALUES ('542525', '革吉县', '542500');
INSERT INTO `areas` VALUES ('542526', '改则县', '542500');
INSERT INTO `areas` VALUES ('542527', '措勤县', '542500');
INSERT INTO `areas` VALUES ('542621', '林芝县', '542600');
INSERT INTO `areas` VALUES ('542622', '工布江达县', '542600');
INSERT INTO `areas` VALUES ('542623', '米林县', '542600');
INSERT INTO `areas` VALUES ('542624', '墨脱县', '542600');
INSERT INTO `areas` VALUES ('542625', '波密县', '542600');
INSERT INTO `areas` VALUES ('542626', '察隅县', '542600');
INSERT INTO `areas` VALUES ('542627', '朗　县', '542600');
INSERT INTO `areas` VALUES ('610101', '市辖区', '610100');
INSERT INTO `areas` VALUES ('610102', '新城区', '610100');
INSERT INTO `areas` VALUES ('610103', '碑林区', '610100');
INSERT INTO `areas` VALUES ('610104', '莲湖区', '610100');
INSERT INTO `areas` VALUES ('610111', '灞桥区', '610100');
INSERT INTO `areas` VALUES ('610112', '未央区', '610100');
INSERT INTO `areas` VALUES ('610113', '雁塔区', '610100');
INSERT INTO `areas` VALUES ('610114', '阎良区', '610100');
INSERT INTO `areas` VALUES ('610115', '临潼区', '610100');
INSERT INTO `areas` VALUES ('610116', '长安区', '610100');
INSERT INTO `areas` VALUES ('610122', '蓝田县', '610100');
INSERT INTO `areas` VALUES ('610124', '周至县', '610100');
INSERT INTO `areas` VALUES ('610125', '户　县', '610100');
INSERT INTO `areas` VALUES ('610126', '高陵县', '610100');
INSERT INTO `areas` VALUES ('610201', '市辖区', '610200');
INSERT INTO `areas` VALUES ('610202', '王益区', '610200');
INSERT INTO `areas` VALUES ('610203', '印台区', '610200');
INSERT INTO `areas` VALUES ('610204', '耀州区', '610200');
INSERT INTO `areas` VALUES ('610222', '宜君县', '610200');
INSERT INTO `areas` VALUES ('610301', '市辖区', '610300');
INSERT INTO `areas` VALUES ('610302', '渭滨区', '610300');
INSERT INTO `areas` VALUES ('610303', '金台区', '610300');
INSERT INTO `areas` VALUES ('610304', '陈仓区', '610300');
INSERT INTO `areas` VALUES ('610322', '凤翔县', '610300');
INSERT INTO `areas` VALUES ('610323', '岐山县', '610300');
INSERT INTO `areas` VALUES ('610324', '扶风县', '610300');
INSERT INTO `areas` VALUES ('610326', '眉　县', '610300');
INSERT INTO `areas` VALUES ('610327', '陇　县', '610300');
INSERT INTO `areas` VALUES ('610328', '千阳县', '610300');
INSERT INTO `areas` VALUES ('610329', '麟游县', '610300');
INSERT INTO `areas` VALUES ('610330', '凤　县', '610300');
INSERT INTO `areas` VALUES ('610331', '太白县', '610300');
INSERT INTO `areas` VALUES ('610401', '市辖区', '610400');
INSERT INTO `areas` VALUES ('610402', '秦都区', '610400');
INSERT INTO `areas` VALUES ('610403', '杨凌区', '610400');
INSERT INTO `areas` VALUES ('610404', '渭城区', '610400');
INSERT INTO `areas` VALUES ('610422', '三原县', '610400');
INSERT INTO `areas` VALUES ('610423', '泾阳县', '610400');
INSERT INTO `areas` VALUES ('610424', '乾　县', '610400');
INSERT INTO `areas` VALUES ('610425', '礼泉县', '610400');
INSERT INTO `areas` VALUES ('610426', '永寿县', '610400');
INSERT INTO `areas` VALUES ('610427', '彬　县', '610400');
INSERT INTO `areas` VALUES ('610428', '长武县', '610400');
INSERT INTO `areas` VALUES ('610429', '旬邑县', '610400');
INSERT INTO `areas` VALUES ('610430', '淳化县', '610400');
INSERT INTO `areas` VALUES ('610431', '武功县', '610400');
INSERT INTO `areas` VALUES ('610481', '兴平市', '610400');
INSERT INTO `areas` VALUES ('610501', '市辖区', '610500');
INSERT INTO `areas` VALUES ('610502', '临渭区', '610500');
INSERT INTO `areas` VALUES ('610521', '华　县', '610500');
INSERT INTO `areas` VALUES ('610522', '潼关县', '610500');
INSERT INTO `areas` VALUES ('610523', '大荔县', '610500');
INSERT INTO `areas` VALUES ('610524', '合阳县', '610500');
INSERT INTO `areas` VALUES ('610525', '澄城县', '610500');
INSERT INTO `areas` VALUES ('610526', '蒲城县', '610500');
INSERT INTO `areas` VALUES ('610527', '白水县', '610500');
INSERT INTO `areas` VALUES ('610528', '富平县', '610500');
INSERT INTO `areas` VALUES ('610581', '韩城市', '610500');
INSERT INTO `areas` VALUES ('610582', '华阴市', '610500');
INSERT INTO `areas` VALUES ('610601', '市辖区', '610600');
INSERT INTO `areas` VALUES ('610602', '宝塔区', '610600');
INSERT INTO `areas` VALUES ('610621', '延长县', '610600');
INSERT INTO `areas` VALUES ('610622', '延川县', '610600');
INSERT INTO `areas` VALUES ('610623', '子长县', '610600');
INSERT INTO `areas` VALUES ('610624', '安塞县', '610600');
INSERT INTO `areas` VALUES ('610625', '志丹县', '610600');
INSERT INTO `areas` VALUES ('610626', '吴旗县', '610600');
INSERT INTO `areas` VALUES ('610627', '甘泉县', '610600');
INSERT INTO `areas` VALUES ('610628', '富　县', '610600');
INSERT INTO `areas` VALUES ('610629', '洛川县', '610600');
INSERT INTO `areas` VALUES ('610630', '宜川县', '610600');
INSERT INTO `areas` VALUES ('610631', '黄龙县', '610600');
INSERT INTO `areas` VALUES ('610632', '黄陵县', '610600');
INSERT INTO `areas` VALUES ('610701', '市辖区', '610700');
INSERT INTO `areas` VALUES ('610702', '汉台区', '610700');
INSERT INTO `areas` VALUES ('610721', '南郑县', '610700');
INSERT INTO `areas` VALUES ('610722', '城固县', '610700');
INSERT INTO `areas` VALUES ('610723', '洋　县', '610700');
INSERT INTO `areas` VALUES ('610724', '西乡县', '610700');
INSERT INTO `areas` VALUES ('610725', '勉　县', '610700');
INSERT INTO `areas` VALUES ('610726', '宁强县', '610700');
INSERT INTO `areas` VALUES ('610727', '略阳县', '610700');
INSERT INTO `areas` VALUES ('610728', '镇巴县', '610700');
INSERT INTO `areas` VALUES ('610729', '留坝县', '610700');
INSERT INTO `areas` VALUES ('610730', '佛坪县', '610700');
INSERT INTO `areas` VALUES ('610801', '市辖区', '610800');
INSERT INTO `areas` VALUES ('610802', '榆阳区', '610800');
INSERT INTO `areas` VALUES ('610821', '神木县', '610800');
INSERT INTO `areas` VALUES ('610822', '府谷县', '610800');
INSERT INTO `areas` VALUES ('610823', '横山县', '610800');
INSERT INTO `areas` VALUES ('610824', '靖边县', '610800');
INSERT INTO `areas` VALUES ('610825', '定边县', '610800');
INSERT INTO `areas` VALUES ('610826', '绥德县', '610800');
INSERT INTO `areas` VALUES ('610827', '米脂县', '610800');
INSERT INTO `areas` VALUES ('610828', '佳　县', '610800');
INSERT INTO `areas` VALUES ('610829', '吴堡县', '610800');
INSERT INTO `areas` VALUES ('610830', '清涧县', '610800');
INSERT INTO `areas` VALUES ('610831', '子洲县', '610800');
INSERT INTO `areas` VALUES ('610901', '市辖区', '610900');
INSERT INTO `areas` VALUES ('610902', '汉滨区', '610900');
INSERT INTO `areas` VALUES ('610921', '汉阴县', '610900');
INSERT INTO `areas` VALUES ('610922', '石泉县', '610900');
INSERT INTO `areas` VALUES ('610923', '宁陕县', '610900');
INSERT INTO `areas` VALUES ('610924', '紫阳县', '610900');
INSERT INTO `areas` VALUES ('610925', '岚皋县', '610900');
INSERT INTO `areas` VALUES ('610926', '平利县', '610900');
INSERT INTO `areas` VALUES ('610927', '镇坪县', '610900');
INSERT INTO `areas` VALUES ('610928', '旬阳县', '610900');
INSERT INTO `areas` VALUES ('610929', '白河县', '610900');
INSERT INTO `areas` VALUES ('611001', '市辖区', '611000');
INSERT INTO `areas` VALUES ('611002', '商州区', '611000');
INSERT INTO `areas` VALUES ('611021', '洛南县', '611000');
INSERT INTO `areas` VALUES ('611022', '丹凤县', '611000');
INSERT INTO `areas` VALUES ('611023', '商南县', '611000');
INSERT INTO `areas` VALUES ('611024', '山阳县', '611000');
INSERT INTO `areas` VALUES ('611025', '镇安县', '611000');
INSERT INTO `areas` VALUES ('611026', '柞水县', '611000');
INSERT INTO `areas` VALUES ('620101', '市辖区', '620100');
INSERT INTO `areas` VALUES ('620102', '城关区', '620100');
INSERT INTO `areas` VALUES ('620103', '七里河区', '620100');
INSERT INTO `areas` VALUES ('620104', '西固区', '620100');
INSERT INTO `areas` VALUES ('620105', '安宁区', '620100');
INSERT INTO `areas` VALUES ('620111', '红古区', '620100');
INSERT INTO `areas` VALUES ('620121', '永登县', '620100');
INSERT INTO `areas` VALUES ('620122', '皋兰县', '620100');
INSERT INTO `areas` VALUES ('620123', '榆中县', '620100');
INSERT INTO `areas` VALUES ('620201', '市辖区', '620200');
INSERT INTO `areas` VALUES ('620301', '市辖区', '620300');
INSERT INTO `areas` VALUES ('620302', '金川区', '620300');
INSERT INTO `areas` VALUES ('620321', '永昌县', '620300');
INSERT INTO `areas` VALUES ('620401', '市辖区', '620400');
INSERT INTO `areas` VALUES ('620402', '白银区', '620400');
INSERT INTO `areas` VALUES ('620403', '平川区', '620400');
INSERT INTO `areas` VALUES ('620421', '靖远县', '620400');
INSERT INTO `areas` VALUES ('620422', '会宁县', '620400');
INSERT INTO `areas` VALUES ('620423', '景泰县', '620400');
INSERT INTO `areas` VALUES ('620501', '市辖区', '620500');
INSERT INTO `areas` VALUES ('620502', '秦城区', '620500');
INSERT INTO `areas` VALUES ('620503', '北道区', '620500');
INSERT INTO `areas` VALUES ('620521', '清水县', '620500');
INSERT INTO `areas` VALUES ('620522', '秦安县', '620500');
INSERT INTO `areas` VALUES ('620523', '甘谷县', '620500');
INSERT INTO `areas` VALUES ('620524', '武山县', '620500');
INSERT INTO `areas` VALUES ('620525', '张家川回族自治县', '620500');
INSERT INTO `areas` VALUES ('620601', '市辖区', '620600');
INSERT INTO `areas` VALUES ('620602', '凉州区', '620600');
INSERT INTO `areas` VALUES ('620621', '民勤县', '620600');
INSERT INTO `areas` VALUES ('620622', '古浪县', '620600');
INSERT INTO `areas` VALUES ('620623', '天祝藏族自治县', '620600');
INSERT INTO `areas` VALUES ('620701', '市辖区', '620700');
INSERT INTO `areas` VALUES ('620702', '甘州区', '620700');
INSERT INTO `areas` VALUES ('620721', '肃南裕固族自治县', '620700');
INSERT INTO `areas` VALUES ('620722', '民乐县', '620700');
INSERT INTO `areas` VALUES ('620723', '临泽县', '620700');
INSERT INTO `areas` VALUES ('620724', '高台县', '620700');
INSERT INTO `areas` VALUES ('620725', '山丹县', '620700');
INSERT INTO `areas` VALUES ('620801', '市辖区', '620800');
INSERT INTO `areas` VALUES ('620802', '崆峒区', '620800');
INSERT INTO `areas` VALUES ('620821', '泾川县', '620800');
INSERT INTO `areas` VALUES ('620822', '灵台县', '620800');
INSERT INTO `areas` VALUES ('620823', '崇信县', '620800');
INSERT INTO `areas` VALUES ('620824', '华亭县', '620800');
INSERT INTO `areas` VALUES ('620825', '庄浪县', '620800');
INSERT INTO `areas` VALUES ('620826', '静宁县', '620800');
INSERT INTO `areas` VALUES ('620901', '市辖区', '620900');
INSERT INTO `areas` VALUES ('620902', '肃州区', '620900');
INSERT INTO `areas` VALUES ('620921', '金塔县', '620900');
INSERT INTO `areas` VALUES ('620922', '安西县', '620900');
INSERT INTO `areas` VALUES ('620923', '肃北蒙古族自治县', '620900');
INSERT INTO `areas` VALUES ('620924', '阿克塞哈萨克族自治县', '620900');
INSERT INTO `areas` VALUES ('620981', '玉门市', '620900');
INSERT INTO `areas` VALUES ('620982', '敦煌市', '620900');
INSERT INTO `areas` VALUES ('621001', '市辖区', '621000');
INSERT INTO `areas` VALUES ('621002', '西峰区', '621000');
INSERT INTO `areas` VALUES ('621021', '庆城县', '621000');
INSERT INTO `areas` VALUES ('621022', '环　县', '621000');
INSERT INTO `areas` VALUES ('621023', '华池县', '621000');
INSERT INTO `areas` VALUES ('621024', '合水县', '621000');
INSERT INTO `areas` VALUES ('621025', '正宁县', '621000');
INSERT INTO `areas` VALUES ('621026', '宁　县', '621000');
INSERT INTO `areas` VALUES ('621027', '镇原县', '621000');
INSERT INTO `areas` VALUES ('621101', '市辖区', '621100');
INSERT INTO `areas` VALUES ('621102', '安定区', '621100');
INSERT INTO `areas` VALUES ('621121', '通渭县', '621100');
INSERT INTO `areas` VALUES ('621122', '陇西县', '621100');
INSERT INTO `areas` VALUES ('621123', '渭源县', '621100');
INSERT INTO `areas` VALUES ('621124', '临洮县', '621100');
INSERT INTO `areas` VALUES ('621125', '漳　县', '621100');
INSERT INTO `areas` VALUES ('621126', '岷　县', '621100');
INSERT INTO `areas` VALUES ('621201', '市辖区', '621200');
INSERT INTO `areas` VALUES ('621202', '武都区', '621200');
INSERT INTO `areas` VALUES ('621221', '成　县', '621200');
INSERT INTO `areas` VALUES ('621222', '文　县', '621200');
INSERT INTO `areas` VALUES ('621223', '宕昌县', '621200');
INSERT INTO `areas` VALUES ('621224', '康　县', '621200');
INSERT INTO `areas` VALUES ('621225', '西和县', '621200');
INSERT INTO `areas` VALUES ('621226', '礼　县', '621200');
INSERT INTO `areas` VALUES ('621227', '徽　县', '621200');
INSERT INTO `areas` VALUES ('621228', '两当县', '621200');
INSERT INTO `areas` VALUES ('622901', '临夏市', '622900');
INSERT INTO `areas` VALUES ('622921', '临夏县', '622900');
INSERT INTO `areas` VALUES ('622922', '康乐县', '622900');
INSERT INTO `areas` VALUES ('622923', '永靖县', '622900');
INSERT INTO `areas` VALUES ('622924', '广河县', '622900');
INSERT INTO `areas` VALUES ('622925', '和政县', '622900');
INSERT INTO `areas` VALUES ('622926', '东乡族自治县', '622900');
INSERT INTO `areas` VALUES ('622927', '积石山保安族东乡族撒拉族自治县', '622900');
INSERT INTO `areas` VALUES ('623001', '合作市', '623000');
INSERT INTO `areas` VALUES ('623021', '临潭县', '623000');
INSERT INTO `areas` VALUES ('623022', '卓尼县', '623000');
INSERT INTO `areas` VALUES ('623023', '舟曲县', '623000');
INSERT INTO `areas` VALUES ('623024', '迭部县', '623000');
INSERT INTO `areas` VALUES ('623025', '玛曲县', '623000');
INSERT INTO `areas` VALUES ('623026', '碌曲县', '623000');
INSERT INTO `areas` VALUES ('623027', '夏河县', '623000');
INSERT INTO `areas` VALUES ('630101', '市辖区', '630100');
INSERT INTO `areas` VALUES ('630102', '城东区', '630100');
INSERT INTO `areas` VALUES ('630103', '城中区', '630100');
INSERT INTO `areas` VALUES ('630104', '城西区', '630100');
INSERT INTO `areas` VALUES ('630105', '城北区', '630100');
INSERT INTO `areas` VALUES ('630121', '大通回族土族自治县', '630100');
INSERT INTO `areas` VALUES ('630122', '湟中县', '630100');
INSERT INTO `areas` VALUES ('630123', '湟源县', '630100');
INSERT INTO `areas` VALUES ('632121', '平安县', '632100');
INSERT INTO `areas` VALUES ('632122', '民和回族土族自治县', '632100');
INSERT INTO `areas` VALUES ('632123', '乐都县', '632100');
INSERT INTO `areas` VALUES ('632126', '互助土族自治县', '632100');
INSERT INTO `areas` VALUES ('632127', '化隆回族自治县', '632100');
INSERT INTO `areas` VALUES ('632128', '循化撒拉族自治县', '632100');
INSERT INTO `areas` VALUES ('632221', '门源回族自治县', '632200');
INSERT INTO `areas` VALUES ('632222', '祁连县', '632200');
INSERT INTO `areas` VALUES ('632223', '海晏县', '632200');
INSERT INTO `areas` VALUES ('632224', '刚察县', '632200');
INSERT INTO `areas` VALUES ('632321', '同仁县', '632300');
INSERT INTO `areas` VALUES ('632322', '尖扎县', '632300');
INSERT INTO `areas` VALUES ('632323', '泽库县', '632300');
INSERT INTO `areas` VALUES ('632324', '河南蒙古族自治县', '632300');
INSERT INTO `areas` VALUES ('632521', '共和县', '632500');
INSERT INTO `areas` VALUES ('632522', '同德县', '632500');
INSERT INTO `areas` VALUES ('632523', '贵德县', '632500');
INSERT INTO `areas` VALUES ('632524', '兴海县', '632500');
INSERT INTO `areas` VALUES ('632525', '贵南县', '632500');
INSERT INTO `areas` VALUES ('632621', '玛沁县', '632600');
INSERT INTO `areas` VALUES ('632622', '班玛县', '632600');
INSERT INTO `areas` VALUES ('632623', '甘德县', '632600');
INSERT INTO `areas` VALUES ('632624', '达日县', '632600');
INSERT INTO `areas` VALUES ('632625', '久治县', '632600');
INSERT INTO `areas` VALUES ('632626', '玛多县', '632600');
INSERT INTO `areas` VALUES ('632721', '玉树县', '632700');
INSERT INTO `areas` VALUES ('632722', '杂多县', '632700');
INSERT INTO `areas` VALUES ('632723', '称多县', '632700');
INSERT INTO `areas` VALUES ('632724', '治多县', '632700');
INSERT INTO `areas` VALUES ('632725', '囊谦县', '632700');
INSERT INTO `areas` VALUES ('632726', '曲麻莱县', '632700');
INSERT INTO `areas` VALUES ('632801', '格尔木市', '632800');
INSERT INTO `areas` VALUES ('632802', '德令哈市', '632800');
INSERT INTO `areas` VALUES ('632821', '乌兰县', '632800');
INSERT INTO `areas` VALUES ('632822', '都兰县', '632800');
INSERT INTO `areas` VALUES ('632823', '天峻县', '632800');
INSERT INTO `areas` VALUES ('640101', '市辖区', '640100');
INSERT INTO `areas` VALUES ('640104', '兴庆区', '640100');
INSERT INTO `areas` VALUES ('640105', '西夏区', '640100');
INSERT INTO `areas` VALUES ('640106', '金凤区', '640100');
INSERT INTO `areas` VALUES ('640121', '永宁县', '640100');
INSERT INTO `areas` VALUES ('640122', '贺兰县', '640100');
INSERT INTO `areas` VALUES ('640181', '灵武市', '640100');
INSERT INTO `areas` VALUES ('640201', '市辖区', '640200');
INSERT INTO `areas` VALUES ('640202', '大武口区', '640200');
INSERT INTO `areas` VALUES ('640205', '惠农区', '640200');
INSERT INTO `areas` VALUES ('640221', '平罗县', '640200');
INSERT INTO `areas` VALUES ('640301', '市辖区', '640300');
INSERT INTO `areas` VALUES ('640302', '利通区', '640300');
INSERT INTO `areas` VALUES ('640323', '盐池县', '640300');
INSERT INTO `areas` VALUES ('640324', '同心县', '640300');
INSERT INTO `areas` VALUES ('640381', '青铜峡市', '640300');
INSERT INTO `areas` VALUES ('640401', '市辖区', '640400');
INSERT INTO `areas` VALUES ('640402', '原州区', '640400');
INSERT INTO `areas` VALUES ('640422', '西吉县', '640400');
INSERT INTO `areas` VALUES ('640423', '隆德县', '640400');
INSERT INTO `areas` VALUES ('640424', '泾源县', '640400');
INSERT INTO `areas` VALUES ('640425', '彭阳县', '640400');
INSERT INTO `areas` VALUES ('640501', '市辖区', '640500');
INSERT INTO `areas` VALUES ('640502', '沙坡头区', '640500');
INSERT INTO `areas` VALUES ('640521', '中宁县', '640500');
INSERT INTO `areas` VALUES ('640522', '海原县', '640400');
INSERT INTO `areas` VALUES ('650101', '市辖区', '650100');
INSERT INTO `areas` VALUES ('650102', '天山区', '650100');
INSERT INTO `areas` VALUES ('650103', '沙依巴克区', '650100');
INSERT INTO `areas` VALUES ('650104', '新市区', '650100');
INSERT INTO `areas` VALUES ('650105', '水磨沟区', '650100');
INSERT INTO `areas` VALUES ('650106', '头屯河区', '650100');
INSERT INTO `areas` VALUES ('650107', '达坂城区', '650100');
INSERT INTO `areas` VALUES ('650108', '东山区', '650100');
INSERT INTO `areas` VALUES ('650121', '乌鲁木齐县', '650100');
INSERT INTO `areas` VALUES ('650201', '市辖区', '650200');
INSERT INTO `areas` VALUES ('650202', '独山子区', '650200');
INSERT INTO `areas` VALUES ('650203', '克拉玛依区', '650200');
INSERT INTO `areas` VALUES ('650204', '白碱滩区', '650200');
INSERT INTO `areas` VALUES ('650205', '乌尔禾区', '650200');
INSERT INTO `areas` VALUES ('652101', '吐鲁番市', '652100');
INSERT INTO `areas` VALUES ('652122', '鄯善县', '652100');
INSERT INTO `areas` VALUES ('652123', '托克逊县', '652100');
INSERT INTO `areas` VALUES ('652201', '哈密市', '652200');
INSERT INTO `areas` VALUES ('652222', '巴里坤哈萨克自治县', '652200');
INSERT INTO `areas` VALUES ('652223', '伊吾县', '652200');
INSERT INTO `areas` VALUES ('652301', '昌吉市', '652300');
INSERT INTO `areas` VALUES ('652302', '阜康市', '652300');
INSERT INTO `areas` VALUES ('652303', '米泉市', '652300');
INSERT INTO `areas` VALUES ('652323', '呼图壁县', '652300');
INSERT INTO `areas` VALUES ('652324', '玛纳斯县', '652300');
INSERT INTO `areas` VALUES ('652325', '奇台县', '652300');
INSERT INTO `areas` VALUES ('652327', '吉木萨尔县', '652300');
INSERT INTO `areas` VALUES ('652328', '木垒哈萨克自治县', '652300');
INSERT INTO `areas` VALUES ('652701', '博乐市', '652700');
INSERT INTO `areas` VALUES ('652722', '精河县', '652700');
INSERT INTO `areas` VALUES ('652723', '温泉县', '652700');
INSERT INTO `areas` VALUES ('652801', '库尔勒市', '652800');
INSERT INTO `areas` VALUES ('652822', '轮台县', '652800');
INSERT INTO `areas` VALUES ('652823', '尉犁县', '652800');
INSERT INTO `areas` VALUES ('652824', '若羌县', '652800');
INSERT INTO `areas` VALUES ('652825', '且末县', '652800');
INSERT INTO `areas` VALUES ('652826', '焉耆回族自治县', '652800');
INSERT INTO `areas` VALUES ('652827', '和静县', '652800');
INSERT INTO `areas` VALUES ('652828', '和硕县', '652800');
INSERT INTO `areas` VALUES ('652829', '博湖县', '652800');
INSERT INTO `areas` VALUES ('652901', '阿克苏市', '652900');
INSERT INTO `areas` VALUES ('652922', '温宿县', '652900');
INSERT INTO `areas` VALUES ('652923', '库车县', '652900');
INSERT INTO `areas` VALUES ('652924', '沙雅县', '652900');
INSERT INTO `areas` VALUES ('652925', '新和县', '652900');
INSERT INTO `areas` VALUES ('652926', '拜城县', '652900');
INSERT INTO `areas` VALUES ('652927', '乌什县', '652900');
INSERT INTO `areas` VALUES ('652928', '阿瓦提县', '652900');
INSERT INTO `areas` VALUES ('652929', '柯坪县', '652900');
INSERT INTO `areas` VALUES ('653001', '阿图什市', '653000');
INSERT INTO `areas` VALUES ('653022', '阿克陶县', '653000');
INSERT INTO `areas` VALUES ('653023', '阿合奇县', '653000');
INSERT INTO `areas` VALUES ('653024', '乌恰县', '653000');
INSERT INTO `areas` VALUES ('653101', '喀什市', '653100');
INSERT INTO `areas` VALUES ('653121', '疏附县', '653100');
INSERT INTO `areas` VALUES ('653122', '疏勒县', '653100');
INSERT INTO `areas` VALUES ('653123', '英吉沙县', '653100');
INSERT INTO `areas` VALUES ('653124', '泽普县', '653100');
INSERT INTO `areas` VALUES ('653125', '莎车县', '653100');
INSERT INTO `areas` VALUES ('653126', '叶城县', '653100');
INSERT INTO `areas` VALUES ('653127', '麦盖提县', '653100');
INSERT INTO `areas` VALUES ('653128', '岳普湖县', '653100');
INSERT INTO `areas` VALUES ('653129', '伽师县', '653100');
INSERT INTO `areas` VALUES ('653130', '巴楚县', '653100');
INSERT INTO `areas` VALUES ('653131', '塔什库尔干塔吉克自治县', '653100');
INSERT INTO `areas` VALUES ('653201', '和田市', '653200');
INSERT INTO `areas` VALUES ('653221', '和田县', '653200');
INSERT INTO `areas` VALUES ('653222', '墨玉县', '653200');
INSERT INTO `areas` VALUES ('653223', '皮山县', '653200');
INSERT INTO `areas` VALUES ('653224', '洛浦县', '653200');
INSERT INTO `areas` VALUES ('653225', '策勒县', '653200');
INSERT INTO `areas` VALUES ('653226', '于田县', '653200');
INSERT INTO `areas` VALUES ('653227', '民丰县', '653200');
INSERT INTO `areas` VALUES ('654002', '伊宁市', '654000');
INSERT INTO `areas` VALUES ('654003', '奎屯市', '654000');
INSERT INTO `areas` VALUES ('654021', '伊宁县', '654000');
INSERT INTO `areas` VALUES ('654022', '察布查尔锡伯自治县', '654000');
INSERT INTO `areas` VALUES ('654023', '霍城县', '654000');
INSERT INTO `areas` VALUES ('654024', '巩留县', '654000');
INSERT INTO `areas` VALUES ('654025', '新源县', '654000');
INSERT INTO `areas` VALUES ('654026', '昭苏县', '654000');
INSERT INTO `areas` VALUES ('654027', '特克斯县', '654000');
INSERT INTO `areas` VALUES ('654028', '尼勒克县', '654000');
INSERT INTO `areas` VALUES ('654201', '塔城市', '654200');
INSERT INTO `areas` VALUES ('654202', '乌苏市', '654200');
INSERT INTO `areas` VALUES ('654221', '额敏县', '654200');
INSERT INTO `areas` VALUES ('654223', '沙湾县', '654200');
INSERT INTO `areas` VALUES ('654224', '托里县', '654200');
INSERT INTO `areas` VALUES ('654225', '裕民县', '654200');
INSERT INTO `areas` VALUES ('654226', '和布克赛尔蒙古自治县', '654200');
INSERT INTO `areas` VALUES ('654301', '阿勒泰市', '654300');
INSERT INTO `areas` VALUES ('654321', '布尔津县', '654300');
INSERT INTO `areas` VALUES ('654322', '富蕴县', '654300');
INSERT INTO `areas` VALUES ('654323', '福海县', '654300');
INSERT INTO `areas` VALUES ('654324', '哈巴河县', '654300');
INSERT INTO `areas` VALUES ('654325', '青河县', '654300');
INSERT INTO `areas` VALUES ('654326', '吉木乃县', '654300');
INSERT INTO `areas` VALUES ('659001', '石河子市', '659000');
INSERT INTO `areas` VALUES ('659002', '阿拉尔市', '659000');
INSERT INTO `areas` VALUES ('659003', '图木舒克市', '659000');
INSERT INTO `areas` VALUES ('659004', '五家渠市', '659000');

-- ----------------------------
-- Table structure for banner
-- ----------------------------
DROP TABLE IF EXISTS `banner`;
CREATE TABLE `banner` (
  `banner_Id` int(11) NOT NULL AUTO_INCREMENT,
  `banner_Name` varchar(255) DEFAULT NULL,
  `banner_Url` varchar(255) DEFAULT NULL,
  `banner_Img` varchar(255) DEFAULT NULL,
  `banner_State` int(11) DEFAULT '1' COMMENT '1正常 -1删除 2禁用',
  PRIMARY KEY (`banner_Id`)
) ENGINE=InnoDB AUTO_INCREMENT=9 DEFAULT CHARSET=utf8;

-- ----------------------------
-- Records of banner
-- ----------------------------
INSERT INTO `banner` VALUES ('1', '海王-海洋世界的王者', 'goods/detail?goodsId=26', '746c07cef18940bba2c5fd5f3e22ebe3.jpg', '1');
INSERT INTO `banner` VALUES ('2', '大黄蜂', 'goods/detail?goodsId=6', 'b0d7b3b9204e4454a847f64610d25f0b.jpg', '1');
INSERT INTO `banner` VALUES ('3', '绝命岛', 'goods/detail?goodsId=12', '1117231cac944cf4a16d057778d67315.jpg', '1');
INSERT INTO `banner` VALUES ('4', 'JACK', 'goods/detail?goodsId=16', 'ba8dd32e8a7a41bcadb86cdcbc80432f.jpg', '1');
INSERT INTO `banner` VALUES ('5', '冰河追凶', 'goods/detail?goodsId=18', '8bff9aa79f174b9e9d7d9e582530f46f.jpg', '2');
INSERT INTO `banner` VALUES ('6', '大兵小将', 'goods/detail?goodsId=9', 'bfe9056a94d84a55bd719aa221fd8e23.jpg', '1');
INSERT INTO `banner` VALUES ('8', '假如时光能倒流', 'goods/detail?goodsId=4', 'cd561b7f1ec8470da62da8eefe8fe2c9.jpg', '1');

-- ----------------------------
-- Table structure for cart
-- ----------------------------
DROP TABLE IF EXISTS `cart`;
CREATE TABLE `cart` (
  `cart_Id` int(11) NOT NULL AUTO_INCREMENT,
  `cart_Goods` int(11) DEFAULT NULL,
  `cart_Num` int(11) DEFAULT NULL,
  `cart_Price` double DEFAULT NULL,
  `cart_User` int(11) DEFAULT NULL,
  `user_seat` varchar(500) DEFAULT NULL COMMENT '座位情况',
  `cart_remark` varchar(500) DEFAULT NULL COMMENT '描述',
  PRIMARY KEY (`cart_Id`),
  KEY `cartGoods` (`cart_Goods`),
  KEY `cartUser` (`cart_User`),
  CONSTRAINT `cart_ibfk_1` FOREIGN KEY (`cart_User`) REFERENCES `users` (`user_Id`),
  CONSTRAINT `cart_ibfk_2` FOREIGN KEY (`cart_Goods`) REFERENCES `goods` (`goods_Id`)
) ENGINE=InnoDB AUTO_INCREMENT=63 DEFAULT CHARSET=utf8;

-- ----------------------------
-- Records of cart
-- ----------------------------
INSERT INTO `cart` VALUES ('51', '19', '1', '2199', '9', null, null);
INSERT INTO `cart` VALUES ('58', '20', '4', '33', '14', '3_6,3_8,4_8,4_10', '<li id=\"cart-item-3_6\">3排6座</li><li id=\"cart-item-3_8\">3排8座</li><li id=\"cart-item-4_8\">4排8座</li><li id=\"cart-item-4_10\">4排10座</li>');
INSERT INTO `cart` VALUES ('60', '3', '6', '23', '14', '3_2,4_5,4_6,5_7,6_6,5_4', '<li id=\"cart-item-3_2\">3排2座</li><li id=\"cart-item-4_5\">4排5座</li><li id=\"cart-item-4_6\">4排6座</li><li id=\"cart-item-5_7\">5排7座</li><li id=\"cart-item-6_6\">6排6座</li><li id=\"cart-item-5_4\">5排4座</li>');

-- ----------------------------
-- Table structure for chaozan
-- ----------------------------
DROP TABLE IF EXISTS `chaozan`;
CREATE TABLE `chaozan` (
  `chaozan_id` int(11) NOT NULL AUTO_INCREMENT,
  `chaozan_goods` int(11) DEFAULT NULL,
  `chaozan_num` int(11) DEFAULT NULL,
  `chaozan_user` int(11) NOT NULL,
  `chaozan_time` datetime DEFAULT NULL,
  PRIMARY KEY (`chaozan_id`)
) ENGINE=InnoDB DEFAULT CHARSET=utf8 COLLATE=utf8_unicode_ci;

-- ----------------------------
-- Records of chaozan
-- ----------------------------

-- ----------------------------
-- Table structure for cities
-- ----------------------------
DROP TABLE IF EXISTS `cities`;
CREATE TABLE `cities` (
  `city_Id` varchar(20) NOT NULL,
  `city_Name` varchar(50) NOT NULL,
  `province_Id` varchar(20) NOT NULL,
  PRIMARY KEY (`city_Id`),
  KEY `cityid` (`city_Id`),
  KEY `provinceId` (`province_Id`)
) ENGINE=MyISAM DEFAULT CHARSET=utf8 COMMENT='行政区域地州市信息表';

-- ----------------------------
-- Records of cities
-- ----------------------------
INSERT INTO `cities` VALUES ('110100', '市辖区', '110000');
INSERT INTO `cities` VALUES ('110200', '县', '110000');
INSERT INTO `cities` VALUES ('120100', '市辖区', '120000');
INSERT INTO `cities` VALUES ('120200', '县', '120000');
INSERT INTO `cities` VALUES ('130100', '石家庄市', '130000');
INSERT INTO `cities` VALUES ('130200', '唐山市', '130000');
INSERT INTO `cities` VALUES ('130300', '秦皇岛市', '130000');
INSERT INTO `cities` VALUES ('130400', '邯郸市', '130000');
INSERT INTO `cities` VALUES ('130500', '邢台市', '130000');
INSERT INTO `cities` VALUES ('130600', '保定市', '130000');
INSERT INTO `cities` VALUES ('130700', '张家口市', '130000');
INSERT INTO `cities` VALUES ('130800', '承德市', '130000');
INSERT INTO `cities` VALUES ('130900', '沧州市', '130000');
INSERT INTO `cities` VALUES ('131000', '廊坊市', '130000');
INSERT INTO `cities` VALUES ('131100', '衡水市', '130000');
INSERT INTO `cities` VALUES ('140100', '太原市', '140000');
INSERT INTO `cities` VALUES ('140200', '大同市', '140000');
INSERT INTO `cities` VALUES ('140300', '阳泉市', '140000');
INSERT INTO `cities` VALUES ('140400', '长治市', '140000');
INSERT INTO `cities` VALUES ('140500', '晋城市', '140000');
INSERT INTO `cities` VALUES ('140600', '朔州市', '140000');
INSERT INTO `cities` VALUES ('140700', '晋中市', '140000');
INSERT INTO `cities` VALUES ('140800', '运城市', '140000');
INSERT INTO `cities` VALUES ('140900', '忻州市', '140000');
INSERT INTO `cities` VALUES ('141000', '临汾市', '140000');
INSERT INTO `cities` VALUES ('141100', '吕梁市', '140000');
INSERT INTO `cities` VALUES ('150100', '呼和浩特市', '150000');
INSERT INTO `cities` VALUES ('150200', '包头市', '150000');
INSERT INTO `cities` VALUES ('150300', '乌海市', '150000');
INSERT INTO `cities` VALUES ('150400', '赤峰市', '150000');
INSERT INTO `cities` VALUES ('150500', '通辽市', '150000');
INSERT INTO `cities` VALUES ('150600', '鄂尔多斯市', '150000');
INSERT INTO `cities` VALUES ('150700', '呼伦贝尔市', '150000');
INSERT INTO `cities` VALUES ('150800', '巴彦淖尔市', '150000');
INSERT INTO `cities` VALUES ('150900', '乌兰察布市', '150000');
INSERT INTO `cities` VALUES ('152200', '兴安盟', '150000');
INSERT INTO `cities` VALUES ('152500', '锡林郭勒盟', '150000');
INSERT INTO `cities` VALUES ('152900', '阿拉善盟', '150000');
INSERT INTO `cities` VALUES ('210100', '沈阳市', '210000');
INSERT INTO `cities` VALUES ('210200', '大连市', '210000');
INSERT INTO `cities` VALUES ('210300', '鞍山市', '210000');
INSERT INTO `cities` VALUES ('210400', '抚顺市', '210000');
INSERT INTO `cities` VALUES ('210500', '本溪市', '210000');
INSERT INTO `cities` VALUES ('210600', '丹东市', '210000');
INSERT INTO `cities` VALUES ('210700', '锦州市', '210000');
INSERT INTO `cities` VALUES ('210800', '营口市', '210000');
INSERT INTO `cities` VALUES ('210900', '阜新市', '210000');
INSERT INTO `cities` VALUES ('211000', '辽阳市', '210000');
INSERT INTO `cities` VALUES ('211100', '盘锦市', '210000');
INSERT INTO `cities` VALUES ('211200', '铁岭市', '210000');
INSERT INTO `cities` VALUES ('211300', '朝阳市', '210000');
INSERT INTO `cities` VALUES ('211400', '葫芦岛市', '210000');
INSERT INTO `cities` VALUES ('220100', '长春市', '220000');
INSERT INTO `cities` VALUES ('220200', '吉林市', '220000');
INSERT INTO `cities` VALUES ('220300', '四平市', '220000');
INSERT INTO `cities` VALUES ('220400', '辽源市', '220000');
INSERT INTO `cities` VALUES ('220500', '通化市', '220000');
INSERT INTO `cities` VALUES ('220600', '白山市', '220000');
INSERT INTO `cities` VALUES ('220700', '松原市', '220000');
INSERT INTO `cities` VALUES ('220800', '白城市', '220000');
INSERT INTO `cities` VALUES ('222400', '延边朝鲜族自治州', '220000');
INSERT INTO `cities` VALUES ('230100', '哈尔滨市', '230000');
INSERT INTO `cities` VALUES ('230200', '齐齐哈尔市', '230000');
INSERT INTO `cities` VALUES ('230300', '鸡西市', '230000');
INSERT INTO `cities` VALUES ('230400', '鹤岗市', '230000');
INSERT INTO `cities` VALUES ('230500', '双鸭山市', '230000');
INSERT INTO `cities` VALUES ('230600', '大庆市', '230000');
INSERT INTO `cities` VALUES ('230700', '伊春市', '230000');
INSERT INTO `cities` VALUES ('230800', '佳木斯市', '230000');
INSERT INTO `cities` VALUES ('230900', '七台河市', '230000');
INSERT INTO `cities` VALUES ('231000', '牡丹江市', '230000');
INSERT INTO `cities` VALUES ('231100', '黑河市', '230000');
INSERT INTO `cities` VALUES ('231200', '绥化市', '230000');
INSERT INTO `cities` VALUES ('232700', '大兴安岭地区', '230000');
INSERT INTO `cities` VALUES ('310100', '市辖区', '310000');
INSERT INTO `cities` VALUES ('310200', '县', '310000');
INSERT INTO `cities` VALUES ('320100', '南京市', '320000');
INSERT INTO `cities` VALUES ('320200', '无锡市', '320000');
INSERT INTO `cities` VALUES ('320300', '徐州市', '320000');
INSERT INTO `cities` VALUES ('320400', '常州市', '320000');
INSERT INTO `cities` VALUES ('320500', '苏州市', '320000');
INSERT INTO `cities` VALUES ('320600', '南通市', '320000');
INSERT INTO `cities` VALUES ('320700', '连云港市', '320000');
INSERT INTO `cities` VALUES ('320800', '淮安市', '320000');
INSERT INTO `cities` VALUES ('320900', '盐城市', '320000');
INSERT INTO `cities` VALUES ('321000', '扬州市', '320000');
INSERT INTO `cities` VALUES ('321100', '镇江市', '320000');
INSERT INTO `cities` VALUES ('321200', '泰州市', '320000');
INSERT INTO `cities` VALUES ('321300', '宿迁市', '320000');
INSERT INTO `cities` VALUES ('330100', '杭州市', '330000');
INSERT INTO `cities` VALUES ('330200', '宁波市', '330000');
INSERT INTO `cities` VALUES ('330300', '温州市', '330000');
INSERT INTO `cities` VALUES ('330400', '嘉兴市', '330000');
INSERT INTO `cities` VALUES ('330500', '湖州市', '330000');
INSERT INTO `cities` VALUES ('330600', '绍兴市', '330000');
INSERT INTO `cities` VALUES ('330700', '金华市', '330000');
INSERT INTO `cities` VALUES ('330800', '衢州市', '330000');
INSERT INTO `cities` VALUES ('330900', '舟山市', '330000');
INSERT INTO `cities` VALUES ('331000', '台州市', '330000');
INSERT INTO `cities` VALUES ('331100', '丽水市', '330000');
INSERT INTO `cities` VALUES ('340100', '合肥市', '340000');
INSERT INTO `cities` VALUES ('340200', '芜湖市', '340000');
INSERT INTO `cities` VALUES ('340300', '蚌埠市', '340000');
INSERT INTO `cities` VALUES ('340400', '淮南市', '340000');
INSERT INTO `cities` VALUES ('340500', '马鞍山市', '340000');
INSERT INTO `cities` VALUES ('340600', '淮北市', '340000');
INSERT INTO `cities` VALUES ('340700', '铜陵市', '340000');
INSERT INTO `cities` VALUES ('340800', '安庆市', '340000');
INSERT INTO `cities` VALUES ('341000', '黄山市', '340000');
INSERT INTO `cities` VALUES ('341100', '滁州市', '340000');
INSERT INTO `cities` VALUES ('341200', '阜阳市', '340000');
INSERT INTO `cities` VALUES ('341300', '宿州市', '340000');
INSERT INTO `cities` VALUES ('341400', '巢湖市', '340000');
INSERT INTO `cities` VALUES ('341500', '六安市', '340000');
INSERT INTO `cities` VALUES ('341600', '亳州市', '340000');
INSERT INTO `cities` VALUES ('341700', '池州市', '340000');
INSERT INTO `cities` VALUES ('341800', '宣城市', '340000');
INSERT INTO `cities` VALUES ('350100', '福州市', '350000');
INSERT INTO `cities` VALUES ('350200', '厦门市', '350000');
INSERT INTO `cities` VALUES ('350300', '莆田市', '350000');
INSERT INTO `cities` VALUES ('350400', '三明市', '350000');
INSERT INTO `cities` VALUES ('350500', '泉州市', '350000');
INSERT INTO `cities` VALUES ('350600', '漳州市', '350000');
INSERT INTO `cities` VALUES ('350700', '南平市', '350000');
INSERT INTO `cities` VALUES ('350800', '龙岩市', '350000');
INSERT INTO `cities` VALUES ('350900', '宁德市', '350000');
INSERT INTO `cities` VALUES ('360100', '南昌市', '360000');
INSERT INTO `cities` VALUES ('360200', '景德镇市', '360000');
INSERT INTO `cities` VALUES ('360300', '萍乡市', '360000');
INSERT INTO `cities` VALUES ('360400', '九江市', '360000');
INSERT INTO `cities` VALUES ('360500', '新余市', '360000');
INSERT INTO `cities` VALUES ('360600', '鹰潭市', '360000');
INSERT INTO `cities` VALUES ('360700', '赣州市', '360000');
INSERT INTO `cities` VALUES ('360800', '吉安市', '360000');
INSERT INTO `cities` VALUES ('360900', '宜春市', '360000');
INSERT INTO `cities` VALUES ('361000', '抚州市', '360000');
INSERT INTO `cities` VALUES ('361100', '上饶市', '360000');
INSERT INTO `cities` VALUES ('370100', '济南市', '370000');
INSERT INTO `cities` VALUES ('370200', '青岛市', '370000');
INSERT INTO `cities` VALUES ('370300', '淄博市', '370000');
INSERT INTO `cities` VALUES ('370400', '枣庄市', '370000');
INSERT INTO `cities` VALUES ('370500', '东营市', '370000');
INSERT INTO `cities` VALUES ('370600', '烟台市', '370000');
INSERT INTO `cities` VALUES ('370700', '潍坊市', '370000');
INSERT INTO `cities` VALUES ('370800', '济宁市', '370000');
INSERT INTO `cities` VALUES ('370900', '泰安市', '370000');
INSERT INTO `cities` VALUES ('371000', '威海市', '370000');
INSERT INTO `cities` VALUES ('371100', '日照市', '370000');
INSERT INTO `cities` VALUES ('371200', '莱芜市', '370000');
INSERT INTO `cities` VALUES ('371300', '临沂市', '370000');
INSERT INTO `cities` VALUES ('371400', '德州市', '370000');
INSERT INTO `cities` VALUES ('371500', '聊城市', '370000');
INSERT INTO `cities` VALUES ('371600', '滨州市', '370000');
INSERT INTO `cities` VALUES ('371700', '荷泽市', '370000');
INSERT INTO `cities` VALUES ('410100', '郑州市', '410000');
INSERT INTO `cities` VALUES ('410200', '开封市', '410000');
INSERT INTO `cities` VALUES ('410300', '洛阳市', '410000');
INSERT INTO `cities` VALUES ('410400', '平顶山市', '410000');
INSERT INTO `cities` VALUES ('410500', '安阳市', '410000');
INSERT INTO `cities` VALUES ('410600', '鹤壁市', '410000');
INSERT INTO `cities` VALUES ('410700', '新乡市', '410000');
INSERT INTO `cities` VALUES ('410800', '焦作市', '410000');
INSERT INTO `cities` VALUES ('410900', '濮阳市', '410000');
INSERT INTO `cities` VALUES ('411000', '许昌市', '410000');
INSERT INTO `cities` VALUES ('411100', '漯河市', '410000');
INSERT INTO `cities` VALUES ('411200', '三门峡市', '410000');
INSERT INTO `cities` VALUES ('411300', '南阳市', '410000');
INSERT INTO `cities` VALUES ('411400', '商丘市', '410000');
INSERT INTO `cities` VALUES ('411500', '信阳市', '410000');
INSERT INTO `cities` VALUES ('411600', '周口市', '410000');
INSERT INTO `cities` VALUES ('411700', '驻马店市', '410000');
INSERT INTO `cities` VALUES ('420100', '武汉市', '420000');
INSERT INTO `cities` VALUES ('420200', '黄石市', '420000');
INSERT INTO `cities` VALUES ('420300', '十堰市', '420000');
INSERT INTO `cities` VALUES ('420500', '宜昌市', '420000');
INSERT INTO `cities` VALUES ('420600', '襄樊市', '420000');
INSERT INTO `cities` VALUES ('420700', '鄂州市', '420000');
INSERT INTO `cities` VALUES ('420800', '荆门市', '420000');
INSERT INTO `cities` VALUES ('420900', '孝感市', '420000');
INSERT INTO `cities` VALUES ('421000', '荆州市', '420000');
INSERT INTO `cities` VALUES ('421100', '黄冈市', '420000');
INSERT INTO `cities` VALUES ('421200', '咸宁市', '420000');
INSERT INTO `cities` VALUES ('421300', '随州市', '420000');
INSERT INTO `cities` VALUES ('422800', '恩施土家族苗族自治州', '420000');
INSERT INTO `cities` VALUES ('429000', '省直辖行政单位', '420000');
INSERT INTO `cities` VALUES ('430100', '长沙市', '430000');
INSERT INTO `cities` VALUES ('430200', '株洲市', '430000');
INSERT INTO `cities` VALUES ('430300', '湘潭市', '430000');
INSERT INTO `cities` VALUES ('430400', '衡阳市', '430000');
INSERT INTO `cities` VALUES ('430500', '邵阳市', '430000');
INSERT INTO `cities` VALUES ('430600', '岳阳市', '430000');
INSERT INTO `cities` VALUES ('430700', '常德市', '430000');
INSERT INTO `cities` VALUES ('430800', '张家界市', '430000');
INSERT INTO `cities` VALUES ('430900', '益阳市', '430000');
INSERT INTO `cities` VALUES ('431000', '郴州市', '430000');
INSERT INTO `cities` VALUES ('431100', '永州市', '430000');
INSERT INTO `cities` VALUES ('431200', '怀化市', '430000');
INSERT INTO `cities` VALUES ('431300', '娄底市', '430000');
INSERT INTO `cities` VALUES ('433100', '湘西土家族苗族自治州', '430000');
INSERT INTO `cities` VALUES ('440100', '广州市', '440000');
INSERT INTO `cities` VALUES ('440200', '韶关市', '440000');
INSERT INTO `cities` VALUES ('440300', '深圳市', '440000');
INSERT INTO `cities` VALUES ('440400', '珠海市', '440000');
INSERT INTO `cities` VALUES ('440500', '汕头市', '440000');
INSERT INTO `cities` VALUES ('440600', '佛山市', '440000');
INSERT INTO `cities` VALUES ('440700', '江门市', '440000');
INSERT INTO `cities` VALUES ('440800', '湛江市', '440000');
INSERT INTO `cities` VALUES ('440900', '茂名市', '440000');
INSERT INTO `cities` VALUES ('441200', '肇庆市', '440000');
INSERT INTO `cities` VALUES ('441300', '惠州市', '440000');
INSERT INTO `cities` VALUES ('441400', '梅州市', '440000');
INSERT INTO `cities` VALUES ('441500', '汕尾市', '440000');
INSERT INTO `cities` VALUES ('441600', '河源市', '440000');
INSERT INTO `cities` VALUES ('441700', '阳江市', '440000');
INSERT INTO `cities` VALUES ('441800', '清远市', '440000');
INSERT INTO `cities` VALUES ('441900', '东莞市', '440000');
INSERT INTO `cities` VALUES ('442000', '中山市', '440000');
INSERT INTO `cities` VALUES ('445100', '潮州市', '440000');
INSERT INTO `cities` VALUES ('445200', '揭阳市', '440000');
INSERT INTO `cities` VALUES ('445300', '云浮市', '440000');
INSERT INTO `cities` VALUES ('450100', '南宁市', '450000');
INSERT INTO `cities` VALUES ('450200', '柳州市', '450000');
INSERT INTO `cities` VALUES ('450300', '桂林市', '450000');
INSERT INTO `cities` VALUES ('450400', '梧州市', '450000');
INSERT INTO `cities` VALUES ('450500', '北海市', '450000');
INSERT INTO `cities` VALUES ('450600', '防城港市', '450000');
INSERT INTO `cities` VALUES ('450700', '钦州市', '450000');
INSERT INTO `cities` VALUES ('450800', '贵港市', '450000');
INSERT INTO `cities` VALUES ('450900', '玉林市', '450000');
INSERT INTO `cities` VALUES ('451000', '百色市', '450000');
INSERT INTO `cities` VALUES ('451100', '贺州市', '450000');
INSERT INTO `cities` VALUES ('451200', '河池市', '450000');
INSERT INTO `cities` VALUES ('451300', '来宾市', '450000');
INSERT INTO `cities` VALUES ('451400', '崇左市', '450000');
INSERT INTO `cities` VALUES ('460100', '海口市', '460000');
INSERT INTO `cities` VALUES ('460200', '三亚市', '460000');
INSERT INTO `cities` VALUES ('469000', '省直辖县级行政单位', '460000');
INSERT INTO `cities` VALUES ('500100', '市辖区', '500000');
INSERT INTO `cities` VALUES ('500200', '县', '500000');
INSERT INTO `cities` VALUES ('500300', '市', '500000');
INSERT INTO `cities` VALUES ('510100', '成都市', '510000');
INSERT INTO `cities` VALUES ('510300', '自贡市', '510000');
INSERT INTO `cities` VALUES ('510400', '攀枝花市', '510000');
INSERT INTO `cities` VALUES ('510500', '泸州市', '510000');
INSERT INTO `cities` VALUES ('510600', '德阳市', '510000');
INSERT INTO `cities` VALUES ('510700', '绵阳市', '510000');
INSERT INTO `cities` VALUES ('510800', '广元市', '510000');
INSERT INTO `cities` VALUES ('510900', '遂宁市', '510000');
INSERT INTO `cities` VALUES ('511000', '内江市', '510000');
INSERT INTO `cities` VALUES ('511100', '乐山市', '510000');
INSERT INTO `cities` VALUES ('511300', '南充市', '510000');
INSERT INTO `cities` VALUES ('511400', '眉山市', '510000');
INSERT INTO `cities` VALUES ('511500', '宜宾市', '510000');
INSERT INTO `cities` VALUES ('511600', '广安市', '510000');
INSERT INTO `cities` VALUES ('511700', '达州市', '510000');
INSERT INTO `cities` VALUES ('511800', '雅安市', '510000');
INSERT INTO `cities` VALUES ('511900', '巴中市', '510000');
INSERT INTO `cities` VALUES ('512000', '资阳市', '510000');
INSERT INTO `cities` VALUES ('513200', '阿坝藏族羌族自治州', '510000');
INSERT INTO `cities` VALUES ('513300', '甘孜藏族自治州', '510000');
INSERT INTO `cities` VALUES ('513400', '凉山彝族自治州', '510000');
INSERT INTO `cities` VALUES ('520100', '贵阳市', '520000');
INSERT INTO `cities` VALUES ('520200', '六盘水市', '520000');
INSERT INTO `cities` VALUES ('520300', '遵义市', '520000');
INSERT INTO `cities` VALUES ('520400', '安顺市', '520000');
INSERT INTO `cities` VALUES ('522200', '铜仁地区', '520000');
INSERT INTO `cities` VALUES ('522300', '黔西南布依族苗族自治州', '520000');
INSERT INTO `cities` VALUES ('522400', '毕节地区', '520000');
INSERT INTO `cities` VALUES ('522600', '黔东南苗族侗族自治州', '520000');
INSERT INTO `cities` VALUES ('522700', '黔南布依族苗族自治州', '520000');
INSERT INTO `cities` VALUES ('530100', '昆明市', '530000');
INSERT INTO `cities` VALUES ('530300', '曲靖市', '530000');
INSERT INTO `cities` VALUES ('530400', '玉溪市', '530000');
INSERT INTO `cities` VALUES ('530500', '保山市', '530000');
INSERT INTO `cities` VALUES ('530600', '昭通市', '530000');
INSERT INTO `cities` VALUES ('530700', '丽江市', '530000');
INSERT INTO `cities` VALUES ('530800', '思茅市', '530000');
INSERT INTO `cities` VALUES ('530900', '临沧市', '530000');
INSERT INTO `cities` VALUES ('532300', '楚雄彝族自治州', '530000');
INSERT INTO `cities` VALUES ('532500', '红河哈尼族彝族自治州', '530000');
INSERT INTO `cities` VALUES ('532600', '文山壮族苗族自治州', '530000');
INSERT INTO `cities` VALUES ('532800', '西双版纳傣族自治州', '530000');
INSERT INTO `cities` VALUES ('532900', '大理白族自治州', '530000');
INSERT INTO `cities` VALUES ('533100', '德宏傣族景颇族自治州', '530000');
INSERT INTO `cities` VALUES ('533300', '怒江傈僳族自治州', '530000');
INSERT INTO `cities` VALUES ('533400', '迪庆藏族自治州', '530000');
INSERT INTO `cities` VALUES ('540100', '拉萨市', '540000');
INSERT INTO `cities` VALUES ('542100', '昌都地区', '540000');
INSERT INTO `cities` VALUES ('542200', '山南地区', '540000');
INSERT INTO `cities` VALUES ('542300', '日喀则地区', '540000');
INSERT INTO `cities` VALUES ('542400', '那曲地区', '540000');
INSERT INTO `cities` VALUES ('542500', '阿里地区', '540000');
INSERT INTO `cities` VALUES ('542600', '林芝地区', '540000');
INSERT INTO `cities` VALUES ('610100', '西安市', '610000');
INSERT INTO `cities` VALUES ('610200', '铜川市', '610000');
INSERT INTO `cities` VALUES ('610300', '宝鸡市', '610000');
INSERT INTO `cities` VALUES ('610400', '咸阳市', '610000');
INSERT INTO `cities` VALUES ('610500', '渭南市', '610000');
INSERT INTO `cities` VALUES ('610600', '延安市', '610000');
INSERT INTO `cities` VALUES ('610700', '汉中市', '610000');
INSERT INTO `cities` VALUES ('610800', '榆林市', '610000');
INSERT INTO `cities` VALUES ('610900', '安康市', '610000');
INSERT INTO `cities` VALUES ('611000', '商洛市', '610000');
INSERT INTO `cities` VALUES ('620100', '兰州市', '620000');
INSERT INTO `cities` VALUES ('620200', '嘉峪关市', '620000');
INSERT INTO `cities` VALUES ('620300', '金昌市', '620000');
INSERT INTO `cities` VALUES ('620400', '白银市', '620000');
INSERT INTO `cities` VALUES ('620500', '天水市', '620000');
INSERT INTO `cities` VALUES ('620600', '武威市', '620000');
INSERT INTO `cities` VALUES ('620700', '张掖市', '620000');
INSERT INTO `cities` VALUES ('620800', '平凉市', '620000');
INSERT INTO `cities` VALUES ('620900', '酒泉市', '620000');
INSERT INTO `cities` VALUES ('621000', '庆阳市', '620000');
INSERT INTO `cities` VALUES ('621100', '定西市', '620000');
INSERT INTO `cities` VALUES ('621200', '陇南市', '620000');
INSERT INTO `cities` VALUES ('622900', '临夏回族自治州', '620000');
INSERT INTO `cities` VALUES ('623000', '甘南藏族自治州', '620000');
INSERT INTO `cities` VALUES ('630100', '西宁市', '630000');
INSERT INTO `cities` VALUES ('632100', '海东地区', '630000');
INSERT INTO `cities` VALUES ('632200', '海北藏族自治州', '630000');
INSERT INTO `cities` VALUES ('632300', '黄南藏族自治州', '630000');
INSERT INTO `cities` VALUES ('632500', '海南藏族自治州', '630000');
INSERT INTO `cities` VALUES ('632600', '果洛藏族自治州', '630000');
INSERT INTO `cities` VALUES ('632700', '玉树藏族自治州', '630000');
INSERT INTO `cities` VALUES ('632800', '海西蒙古族藏族自治州', '630000');
INSERT INTO `cities` VALUES ('640100', '银川市', '640000');
INSERT INTO `cities` VALUES ('640200', '石嘴山市', '640000');
INSERT INTO `cities` VALUES ('640300', '吴忠市', '640000');
INSERT INTO `cities` VALUES ('640400', '固原市', '640000');
INSERT INTO `cities` VALUES ('640500', '中卫市', '640000');
INSERT INTO `cities` VALUES ('650100', '乌鲁木齐市', '650000');
INSERT INTO `cities` VALUES ('650200', '克拉玛依市', '650000');
INSERT INTO `cities` VALUES ('652100', '吐鲁番地区', '650000');
INSERT INTO `cities` VALUES ('652200', '哈密地区', '650000');
INSERT INTO `cities` VALUES ('652300', '昌吉回族自治州', '650000');
INSERT INTO `cities` VALUES ('652700', '博尔塔拉蒙古自治州', '650000');
INSERT INTO `cities` VALUES ('652800', '巴音郭楞蒙古自治州', '650000');
INSERT INTO `cities` VALUES ('652900', '阿克苏地区', '650000');
INSERT INTO `cities` VALUES ('653000', '克孜勒苏柯尔克孜自治州', '650000');
INSERT INTO `cities` VALUES ('653100', '喀什地区', '650000');
INSERT INTO `cities` VALUES ('653200', '和田地区', '650000');
INSERT INTO `cities` VALUES ('654000', '伊犁哈萨克自治州', '650000');
INSERT INTO `cities` VALUES ('654200', '塔城地区', '650000');
INSERT INTO `cities` VALUES ('654300', '阿勒泰地区', '650000');
INSERT INTO `cities` VALUES ('659000', '省直辖行政单位', '650000');

-- ----------------------------
-- Table structure for evaimg
-- ----------------------------
DROP TABLE IF EXISTS `evaimg`;
CREATE TABLE `evaimg` (
  `evaimg_id` int(11) NOT NULL AUTO_INCREMENT,
  `evaimg_name` varchar(255) DEFAULT NULL,
  `eva` int(11) DEFAULT NULL,
  PRIMARY KEY (`evaimg_id`),
  KEY `eva` (`eva`),
  CONSTRAINT `evaimg_ibfk_1` FOREIGN KEY (`eva`) REFERENCES `evaluate` (`eva_Id`)
) ENGINE=InnoDB AUTO_INCREMENT=245 DEFAULT CHARSET=utf8;

-- ----------------------------
-- Records of evaimg
-- ----------------------------
INSERT INTO `evaimg` VALUES ('33', '8ec6dc6e457c48699f24426f092cb5d1.jpg', '33');
INSERT INTO `evaimg` VALUES ('34', '21cfd8848b7247d38bd6b1c3398c79ad.jpg', '33');
INSERT INTO `evaimg` VALUES ('35', 'd02f818561b64c3195fe9fdddd2005d1.jpg', '33');
INSERT INTO `evaimg` VALUES ('36', '93391d32b5a9468d8f3103eee825942b.jpg', '33');
INSERT INTO `evaimg` VALUES ('37', '441e933ddd3d4e73abc07cb5df5e7bf4.jpg', '33');
INSERT INTO `evaimg` VALUES ('38', '8ec6dc6e457c48699f24426f092cb5d1.jpg', '34');
INSERT INTO `evaimg` VALUES ('39', '21cfd8848b7247d38bd6b1c3398c79ad.jpg', '34');
INSERT INTO `evaimg` VALUES ('40', 'd02f818561b64c3195fe9fdddd2005d1.jpg', '34');
INSERT INTO `evaimg` VALUES ('41', '93391d32b5a9468d8f3103eee825942b.jpg', '34');
INSERT INTO `evaimg` VALUES ('42', '441e933ddd3d4e73abc07cb5df5e7bf4.jpg', '34');
INSERT INTO `evaimg` VALUES ('43', '8ec6dc6e457c48699f24426f092cb5d1.jpg', '35');
INSERT INTO `evaimg` VALUES ('44', '21cfd8848b7247d38bd6b1c3398c79ad.jpg', '35');
INSERT INTO `evaimg` VALUES ('45', 'd02f818561b64c3195fe9fdddd2005d1.jpg', '35');
INSERT INTO `evaimg` VALUES ('46', '93391d32b5a9468d8f3103eee825942b.jpg', '35');
INSERT INTO `evaimg` VALUES ('47', '441e933ddd3d4e73abc07cb5df5e7bf4.jpg', '35');
INSERT INTO `evaimg` VALUES ('48', '9497ff7a72f94ba9a2b646717a0f6a79.jpg', '36');
INSERT INTO `evaimg` VALUES ('49', '8fa96f067bb54609a2cc8c00432dfe06.jpg', '36');
INSERT INTO `evaimg` VALUES ('50', '4efbf460634845d5a900abc7009f2d7b.jpg', '36');
INSERT INTO `evaimg` VALUES ('51', '9497ff7a72f94ba9a2b646717a0f6a79.jpg', '37');
INSERT INTO `evaimg` VALUES ('52', '8fa96f067bb54609a2cc8c00432dfe06.jpg', '37');
INSERT INTO `evaimg` VALUES ('53', '4efbf460634845d5a900abc7009f2d7b.jpg', '37');
INSERT INTO `evaimg` VALUES ('54', '9497ff7a72f94ba9a2b646717a0f6a79.jpg', '38');
INSERT INTO `evaimg` VALUES ('55', '8fa96f067bb54609a2cc8c00432dfe06.jpg', '38');
INSERT INTO `evaimg` VALUES ('56', '4efbf460634845d5a900abc7009f2d7b.jpg', '38');
INSERT INTO `evaimg` VALUES ('57', '9497ff7a72f94ba9a2b646717a0f6a79.jpg', '39');
INSERT INTO `evaimg` VALUES ('58', '8fa96f067bb54609a2cc8c00432dfe06.jpg', '39');
INSERT INTO `evaimg` VALUES ('59', '4efbf460634845d5a900abc7009f2d7b.jpg', '39');
INSERT INTO `evaimg` VALUES ('60', '90792b71a06546b88b39925842a200a9.jpg', '39');
INSERT INTO `evaimg` VALUES ('61', '0b14f95837764dc1b35d28d6d564e5b4.jpg', '39');
INSERT INTO `evaimg` VALUES ('62', '2f2326496224482990865b11402bdb0d.jpg', '39');
INSERT INTO `evaimg` VALUES ('63', '3e846fa8efe14edc9d626de64f830b29.jpg', '39');
INSERT INTO `evaimg` VALUES ('64', '75c073c48fbb40f4b9f20eaf559d4dde.jpg', '39');
INSERT INTO `evaimg` VALUES ('65', '93e66733941448e5a027274e18ae0681.jpg', '39');
INSERT INTO `evaimg` VALUES ('66', 'aebb5d3aabec4303b4f99c73617e6087.jpg', '39');
INSERT INTO `evaimg` VALUES ('67', '2df91d2014304022a5cbea04eb1dafcc.jpg', '40');
INSERT INTO `evaimg` VALUES ('68', '4ebf91bb23f847d0826d4b25dbcee5fc.jpg', '40');
INSERT INTO `evaimg` VALUES ('69', '4245b3376ae14c32b8cf5acc288efd15.jpg', '40');
INSERT INTO `evaimg` VALUES ('70', '2df91d2014304022a5cbea04eb1dafcc.jpg', '41');
INSERT INTO `evaimg` VALUES ('71', '4ebf91bb23f847d0826d4b25dbcee5fc.jpg', '41');
INSERT INTO `evaimg` VALUES ('72', '4245b3376ae14c32b8cf5acc288efd15.jpg', '41');
INSERT INTO `evaimg` VALUES ('73', '2df91d2014304022a5cbea04eb1dafcc.jpg', '42');
INSERT INTO `evaimg` VALUES ('74', '4ebf91bb23f847d0826d4b25dbcee5fc.jpg', '42');
INSERT INTO `evaimg` VALUES ('75', '4245b3376ae14c32b8cf5acc288efd15.jpg', '42');
INSERT INTO `evaimg` VALUES ('76', '2df91d2014304022a5cbea04eb1dafcc.jpg', '43');
INSERT INTO `evaimg` VALUES ('77', '4ebf91bb23f847d0826d4b25dbcee5fc.jpg', '43');
INSERT INTO `evaimg` VALUES ('78', '4245b3376ae14c32b8cf5acc288efd15.jpg', '43');
INSERT INTO `evaimg` VALUES ('79', '2df91d2014304022a5cbea04eb1dafcc.jpg', '44');
INSERT INTO `evaimg` VALUES ('80', '4ebf91bb23f847d0826d4b25dbcee5fc.jpg', '44');
INSERT INTO `evaimg` VALUES ('81', '4245b3376ae14c32b8cf5acc288efd15.jpg', '44');
INSERT INTO `evaimg` VALUES ('82', '3998c5c063ff462ba3749ae5f2e3e4b4.jpg', '44');
INSERT INTO `evaimg` VALUES ('83', 'd9281b85a54947abacb847bc82788825.jpg', '44');
INSERT INTO `evaimg` VALUES ('84', 'bdc31ddf67cf4573b40ef510c23a26b6.jpg', '44');
INSERT INTO `evaimg` VALUES ('85', '2df91d2014304022a5cbea04eb1dafcc.jpg', '45');
INSERT INTO `evaimg` VALUES ('86', '4ebf91bb23f847d0826d4b25dbcee5fc.jpg', '45');
INSERT INTO `evaimg` VALUES ('87', '4245b3376ae14c32b8cf5acc288efd15.jpg', '45');
INSERT INTO `evaimg` VALUES ('88', '3998c5c063ff462ba3749ae5f2e3e4b4.jpg', '45');
INSERT INTO `evaimg` VALUES ('89', 'd9281b85a54947abacb847bc82788825.jpg', '45');
INSERT INTO `evaimg` VALUES ('90', 'bdc31ddf67cf4573b40ef510c23a26b6.jpg', '45');
INSERT INTO `evaimg` VALUES ('91', '2df91d2014304022a5cbea04eb1dafcc.jpg', '46');
INSERT INTO `evaimg` VALUES ('92', '4ebf91bb23f847d0826d4b25dbcee5fc.jpg', '46');
INSERT INTO `evaimg` VALUES ('93', '4245b3376ae14c32b8cf5acc288efd15.jpg', '46');
INSERT INTO `evaimg` VALUES ('94', '3998c5c063ff462ba3749ae5f2e3e4b4.jpg', '46');
INSERT INTO `evaimg` VALUES ('95', 'd9281b85a54947abacb847bc82788825.jpg', '46');
INSERT INTO `evaimg` VALUES ('96', 'bdc31ddf67cf4573b40ef510c23a26b6.jpg', '46');
INSERT INTO `evaimg` VALUES ('97', '2df91d2014304022a5cbea04eb1dafcc.jpg', '47');
INSERT INTO `evaimg` VALUES ('98', '4ebf91bb23f847d0826d4b25dbcee5fc.jpg', '47');
INSERT INTO `evaimg` VALUES ('99', '4245b3376ae14c32b8cf5acc288efd15.jpg', '47');
INSERT INTO `evaimg` VALUES ('100', '3998c5c063ff462ba3749ae5f2e3e4b4.jpg', '47');
INSERT INTO `evaimg` VALUES ('101', 'd9281b85a54947abacb847bc82788825.jpg', '47');
INSERT INTO `evaimg` VALUES ('102', 'bdc31ddf67cf4573b40ef510c23a26b6.jpg', '47');
INSERT INTO `evaimg` VALUES ('103', '396db52ae3ad4acdac83fbb54a7245d5.jpg', '48');
INSERT INTO `evaimg` VALUES ('104', '396db52ae3ad4acdac83fbb54a7245d5.jpg', '49');
INSERT INTO `evaimg` VALUES ('105', '396db52ae3ad4acdac83fbb54a7245d5.jpg', '50');
INSERT INTO `evaimg` VALUES ('106', 'c3e30cdaee574da3bb6e96a6de096d24.jpg', '50');
INSERT INTO `evaimg` VALUES ('107', '602c035b6e8a4850adb86712e278f33c.jpg', '50');
INSERT INTO `evaimg` VALUES ('108', '4441112b223f43a8b25470ac12cd240f.jpg', '51');
INSERT INTO `evaimg` VALUES ('109', '906f443a9a6c4285b103dc3ced931730.jpg', '51');
INSERT INTO `evaimg` VALUES ('110', '3166877c1b184c3ab53652f0949d3148.jpg', '51');
INSERT INTO `evaimg` VALUES ('111', '4441112b223f43a8b25470ac12cd240f.jpg', '52');
INSERT INTO `evaimg` VALUES ('112', '906f443a9a6c4285b103dc3ced931730.jpg', '52');
INSERT INTO `evaimg` VALUES ('113', '3166877c1b184c3ab53652f0949d3148.jpg', '52');
INSERT INTO `evaimg` VALUES ('114', '4441112b223f43a8b25470ac12cd240f.jpg', '53');
INSERT INTO `evaimg` VALUES ('115', '906f443a9a6c4285b103dc3ced931730.jpg', '53');
INSERT INTO `evaimg` VALUES ('116', '3166877c1b184c3ab53652f0949d3148.jpg', '53');
INSERT INTO `evaimg` VALUES ('123', '474a65c7f1484e9496fc47950804c1ec.jpg', '60');
INSERT INTO `evaimg` VALUES ('124', '474a65c7f1484e9496fc47950804c1ec.jpg', '61');
INSERT INTO `evaimg` VALUES ('125', '474a65c7f1484e9496fc47950804c1ec.jpg', '62');
INSERT INTO `evaimg` VALUES ('126', '474a65c7f1484e9496fc47950804c1ec.jpg', '63');
INSERT INTO `evaimg` VALUES ('127', '474a65c7f1484e9496fc47950804c1ec.jpg', '64');
INSERT INTO `evaimg` VALUES ('128', '474a65c7f1484e9496fc47950804c1ec.jpg', '65');
INSERT INTO `evaimg` VALUES ('129', '474a65c7f1484e9496fc47950804c1ec.jpg', '66');
INSERT INTO `evaimg` VALUES ('130', '22658f239aed42edb22295af3085cb66.jpg', '67');
INSERT INTO `evaimg` VALUES ('145', '22658f239aed42edb22295af3085cb66.jpg', '68');
INSERT INTO `evaimg` VALUES ('160', '22658f239aed42edb22295af3085cb66.jpg', '69');
INSERT INTO `evaimg` VALUES ('175', '22658f239aed42edb22295af3085cb66.jpg', '70');
INSERT INTO `evaimg` VALUES ('176', 'f53de042433d4df094e03de10ff5f7ca.jpg', '70');
INSERT INTO `evaimg` VALUES ('189', '6bcfe34d1e2f482eb884b2bda7501a0c.jpg', '70');
INSERT INTO `evaimg` VALUES ('205', '22658f239aed42edb22295af3085cb66.jpg', '72');
INSERT INTO `evaimg` VALUES ('206', 'f53de042433d4df094e03de10ff5f7ca.jpg', '72');
INSERT INTO `evaimg` VALUES ('207', 'b6d3e2f294a844148a42f57540ef44df.jpg', '72');
INSERT INTO `evaimg` VALUES ('208', '1461c752621a4a67a9d2f7c3db9efca7.jpg', '72');
INSERT INTO `evaimg` VALUES ('220', '22658f239aed42edb22295af3085cb66.jpg', '73');
INSERT INTO `evaimg` VALUES ('221', 'f53de042433d4df094e03de10ff5f7ca.jpg', '73');
INSERT INTO `evaimg` VALUES ('222', 'b6d3e2f294a844148a42f57540ef44df.jpg', '73');
INSERT INTO `evaimg` VALUES ('223', '1461c752621a4a67a9d2f7c3db9efca7.jpg', '73');
INSERT INTO `evaimg` VALUES ('224', '6acbb06d73644a80b793c52d923aa557.jpg', '73');
INSERT INTO `evaimg` VALUES ('235', '8c9101e8fff94159a84d3cbe712f6d21.jpg', '74');
INSERT INTO `evaimg` VALUES ('236', '8c9101e8fff94159a84d3cbe712f6d21.jpg', '75');
INSERT INTO `evaimg` VALUES ('237', 'c993a8b2f2654837a259ebe2a3d3f7b6.jpg', '74');
INSERT INTO `evaimg` VALUES ('238', 'c993a8b2f2654837a259ebe2a3d3f7b6.jpg', '75');
INSERT INTO `evaimg` VALUES ('239', '', '76');
INSERT INTO `evaimg` VALUES ('240', '', '77');
INSERT INTO `evaimg` VALUES ('241', '', '78');
INSERT INTO `evaimg` VALUES ('242', '', '79');
INSERT INTO `evaimg` VALUES ('243', 'faef752369bb452591fa6e3fb923c5fa.jpg', '80');
INSERT INTO `evaimg` VALUES ('244', '', '81');

-- ----------------------------
-- Table structure for evaluate
-- ----------------------------
DROP TABLE IF EXISTS `evaluate`;
CREATE TABLE `evaluate` (
  `eva_Id` int(11) NOT NULL AUTO_INCREMENT,
  `eva_User` int(11) DEFAULT NULL COMMENT '评价的用户',
  `eva_Content` varchar(3000) DEFAULT NULL COMMENT '评价的内容',
  `eva_Date` date DEFAULT NULL,
  `eva_Goods` int(11) DEFAULT NULL,
  `eva_State` int(10) DEFAULT '1' COMMENT '1正常 -1删除',
  `eva_level` int(11) DEFAULT NULL COMMENT '5好评 3中评 1中评',
  PRIMARY KEY (`eva_Id`),
  KEY `evaGoods` (`eva_Goods`),
  KEY `evaUser` (`eva_User`),
  CONSTRAINT `evaluate_ibfk_1` FOREIGN KEY (`eva_User`) REFERENCES `users` (`user_Id`),
  CONSTRAINT `evaluate_ibfk_2` FOREIGN KEY (`eva_Goods`) REFERENCES `goods` (`goods_Id`)
) ENGINE=InnoDB AUTO_INCREMENT=82 DEFAULT CHARSET=utf8;

-- ----------------------------
-- Records of evaluate
-- ----------------------------
INSERT INTO `evaluate` VALUES ('30', '4', '这电影不错，真好看', '2018-08-13', '2', '1', '4');
INSERT INTO `evaluate` VALUES ('31', '4', '这电影不错，真好看', '2018-08-13', '15', '1', '4');
INSERT INTO `evaluate` VALUES ('32', '4', '这电影不错，真好看', '2018-08-13', '10', '1', '4');
INSERT INTO `evaluate` VALUES ('33', '4', '这电影不错，真好看', '2018-08-13', '3', '1', '5');
INSERT INTO `evaluate` VALUES ('34', '4', '这电影不错，真好看', '2018-08-13', '4', '1', '5');
INSERT INTO `evaluate` VALUES ('35', '4', '这电影不错，真好看', '2018-08-13', '6', '1', '5');
INSERT INTO `evaluate` VALUES ('36', '4', '这电影不错，真好看', '2018-08-13', '3', '1', '5');
INSERT INTO `evaluate` VALUES ('37', '4', '这电影不错，真好看', '2018-08-13', '4', '1', '5');
INSERT INTO `evaluate` VALUES ('38', '4', '这电影不错，真好看', '2018-08-13', '6', '1', '5');
INSERT INTO `evaluate` VALUES ('39', '4', '这电影不错，真好看', '2018-08-13', '10', '1', '2');
INSERT INTO `evaluate` VALUES ('40', '5', '这电影不错，真好看', '2018-08-13', '1', '1', '2');
INSERT INTO `evaluate` VALUES ('41', '5', '这电影不错，真好看', '2018-08-13', '2', '1', '2');
INSERT INTO `evaluate` VALUES ('42', '5', '这电影不错，真好看', '2018-08-13', '3', '1', '2');
INSERT INTO `evaluate` VALUES ('43', '5', '这电影不错，真好看', '2018-08-13', '4', '1', '2');
INSERT INTO `evaluate` VALUES ('44', '5', '这电影不错，真好看', '2018-08-13', '14', '1', '1');
INSERT INTO `evaluate` VALUES ('45', '5', '这电影不错，真好看', '2018-08-13', '16', '1', '1');
INSERT INTO `evaluate` VALUES ('46', '5', '这电影不错，真好看', '2018-08-13', '17', '1', '1');
INSERT INTO `evaluate` VALUES ('47', '5', '这电影不错，真好看', '2018-08-13', '18', '1', '1');
INSERT INTO `evaluate` VALUES ('48', '6', '这电影不错，真好看', '2018-08-13', '1', '1', '4');
INSERT INTO `evaluate` VALUES ('49', '6', '这电影不错，真好看', '2018-08-13', '2', '1', '4');
INSERT INTO `evaluate` VALUES ('50', '6', '这电影不错，真好看', '2018-08-13', '1', '1', '4');
INSERT INTO `evaluate` VALUES ('51', '7', '这电影不错，真好看', '2018-08-13', '16', '1', '4');
INSERT INTO `evaluate` VALUES ('52', '7', '这电影不错，真好看', '2018-08-13', '20', '1', '4');
INSERT INTO `evaluate` VALUES ('53', '7', '这电影不错，真好看', '2018-08-13', '1', '1', '4');
INSERT INTO `evaluate` VALUES ('54', '13', '这电影不错，真好看', '2018-08-13', '1', '1', '4');
INSERT INTO `evaluate` VALUES ('55', '13', '这电影不错，真好看', '2018-08-13', '2', '1', '4');
INSERT INTO `evaluate` VALUES ('56', '13', '这电影不错，真好看', '2018-08-13', '3', '1', '4');
INSERT INTO `evaluate` VALUES ('57', '13', '这电影不错，真好看', '2018-08-13', '4', '1', '4');
INSERT INTO `evaluate` VALUES ('58', '13', '这电影不错，真好看', '2018-08-13', '26', '1', '4');
INSERT INTO `evaluate` VALUES ('59', '13', '这电影不错，真好看', '2018-08-13', '10', '1', '4');
INSERT INTO `evaluate` VALUES ('60', '12', '这电影不错，真好看', '2018-08-13', '14', '1', '4');
INSERT INTO `evaluate` VALUES ('61', '12', '这电影不错，真好看', '2018-08-13', '1', '1', '4');
INSERT INTO `evaluate` VALUES ('62', '12', '这电影不错，真好看', '2018-08-13', '2', '1', '4');
INSERT INTO `evaluate` VALUES ('63', '12', '这电影不错，真好看', '2018-08-13', '3', '1', '4');
INSERT INTO `evaluate` VALUES ('64', '12', '这电影不错，真好看', '2018-08-13', '4', '1', '4');
INSERT INTO `evaluate` VALUES ('65', '12', '这电影不错，真好看', '2018-08-13', '32', '1', '4');
INSERT INTO `evaluate` VALUES ('66', '12', '这电影不错，真好看', '2018-08-13', '21', '1', '4');
INSERT INTO `evaluate` VALUES ('67', '10', '这电影不错，真好看', '2018-08-13', '1', '1', '3');
INSERT INTO `evaluate` VALUES ('68', '10', '这电影不错，真好看', '2018-08-13', '2', '1', '3');
INSERT INTO `evaluate` VALUES ('69', '10', '这电影不错，真好看', '2018-08-13', '3', '1', '3');
INSERT INTO `evaluate` VALUES ('70', '10', '这电影不错，真好看', '2018-08-13', '4', '1', '3');
INSERT INTO `evaluate` VALUES ('71', '10', '这电影不错，真好看', '2018-08-13', '23', '1', '3');
INSERT INTO `evaluate` VALUES ('72', '10', '这电影不错，真好看', '2018-08-13', '21', '1', '3');
INSERT INTO `evaluate` VALUES ('73', '10', '这电影不错，真好看', '2018-08-13', '24', '1', '3');
INSERT INTO `evaluate` VALUES ('74', '9', '这电影不错，真好看', '2018-08-13', '14', '1', '3');
INSERT INTO `evaluate` VALUES ('75', '9', '这电影不错，真好看', '2018-08-13', '14', '1', '3');
INSERT INTO `evaluate` VALUES ('76', '14', '这电影不错，真好看', '2019-01-09', '2', '1', '5');
INSERT INTO `evaluate` VALUES ('77', '14', '这电影不错，真好看', '2019-01-09', '1', '1', '5');
INSERT INTO `evaluate` VALUES ('78', '14', '这电影不错，真好看', '2019-01-09', '1', '1', '5');
INSERT INTO `evaluate` VALUES ('79', '14', '不错，3d大黄蜂', '2019-01-24', '1', '1', '5');
INSERT INTO `evaluate` VALUES ('80', '14', '不错，我喜欢', '2019-01-24', '26', '1', '5');
INSERT INTO `evaluate` VALUES ('81', '14', '24242343242', '2019-01-24', '35', '1', '5');

-- ----------------------------
-- Table structure for funs
-- ----------------------------
DROP TABLE IF EXISTS `funs`;
CREATE TABLE `funs` (
  `fun_Id` int(11) NOT NULL AUTO_INCREMENT,
  `fun_Name` varchar(255) DEFAULT NULL,
  `fun_Url` varchar(255) DEFAULT NULL,
  `fun_Pid` int(11) DEFAULT NULL,
  `fun_Target` varchar(255) DEFAULT NULL,
  PRIMARY KEY (`fun_Id`),
  KEY `fun_Pid` (`fun_Pid`),
  CONSTRAINT `funs_ibfk_1` FOREIGN KEY (`fun_Pid`) REFERENCES `funs` (`fun_Id`)
) ENGINE=InnoDB AUTO_INCREMENT=19 DEFAULT CHARSET=utf8;

-- ----------------------------
-- Records of funs
-- ----------------------------
INSERT INTO `funs` VALUES ('1', '电影管理', '', null, '');
INSERT INTO `funs` VALUES ('2', '查看电影', 'view/goodsList', '1', 'myframe');
INSERT INTO `funs` VALUES ('3', '订单管理', '', null, '');
INSERT INTO `funs` VALUES ('4', '查看订单', 'view/orderlist', '3', 'myframe');
INSERT INTO `funs` VALUES ('5', '添加电影', 'view/addGoods', '1', 'myframe');
INSERT INTO `funs` VALUES ('6', '用户管理', null, null, null);
INSERT INTO `funs` VALUES ('7', '查看用户', 'view/userlist', '6', 'myframe');
INSERT INTO `funs` VALUES ('8', '轮播图管理', '', null, '');
INSERT INTO `funs` VALUES ('9', '查看轮播图', 'view/bannerlist', '8', 'myframe');
INSERT INTO `funs` VALUES ('10', '添加轮播', 'view/addbanner', '8', 'myframe');
INSERT INTO `funs` VALUES ('11', '评论管理', 'view/evalist', null, 'myframe');
INSERT INTO `funs` VALUES ('12', '影片分类管理', 'view/typelist', null, 'myframe');
INSERT INTO `funs` VALUES ('13', '账户管理', null, null, '');
INSERT INTO `funs` VALUES ('14', '基本资料', 'view/admininfo', '13', 'myframe');
INSERT INTO `funs` VALUES ('15', '修改密码', 'view/updatepass', '13', 'myframe');
INSERT INTO `funs` VALUES ('16', '新闻资讯管理', null, null, null);
INSERT INTO `funs` VALUES ('17', '查看新闻资讯', 'view/messagelist', '16', 'myframe');
INSERT INTO `funs` VALUES ('18', '添加新闻资讯', 'view/addmessage', '16', 'myframe');

-- ----------------------------
-- Table structure for goods
-- ----------------------------
DROP TABLE IF EXISTS `goods`;
CREATE TABLE `goods` (
  `goods_Id` int(11) NOT NULL AUTO_INCREMENT,
  `goods_Name` varchar(255) DEFAULT NULL,
  `goods_Price` double DEFAULT NULL,
  `goods_Num` int(11) DEFAULT NULL,
  `goods_Type` int(11) DEFAULT NULL,
  `goods_Memory` int(11) DEFAULT NULL,
  `goods_Color` varchar(255) DEFAULT NULL,
  `goods_Img` varchar(50) DEFAULT NULL,
  `goods_State` int(11) DEFAULT '1' COMMENT '1 正常 2热卖 -1删除',
  `goods_Desc` varchar(255) DEFAULT NULL COMMENT '电影描述',
  `goods_volume` int(255) DEFAULT '0' COMMENT '销量',
  `goods_zan` int(11) DEFAULT NULL COMMENT '超赞数',
  `goods_startdate` varchar(50) DEFAULT NULL COMMENT '上映开始日期',
  `goods_enddate` varchar(50) DEFAULT NULL COMMENT '上映截止日期',
  `goods_Trailer` varchar(100) DEFAULT NULL COMMENT '预告片',
  `goods_schedule` varchar(20) DEFAULT NULL COMMENT '档期，比如15:00',
  PRIMARY KEY (`goods_Id`),
  KEY `goodsType` (`goods_Type`),
  KEY `goods_Memory` (`goods_Memory`),
  CONSTRAINT `goods_ibfk_1` FOREIGN KEY (`goods_Type`) REFERENCES `goods_type` (`type_Id`),
  CONSTRAINT `goods_ibfk_2` FOREIGN KEY (`goods_Memory`) REFERENCES `memory` (`memory_id`)
) ENGINE=InnoDB AUTO_INCREMENT=36 DEFAULT CHARSET=utf8;

-- ----------------------------
-- Records of goods
-- ----------------------------
INSERT INTO `goods` VALUES ('1', '3D大黄蜂', '28', '90', '1', '4', '8.0', '263fd25f98924f049fc2a2c5f0d4b45b.jpg', '1', '3D', '26', '11', '', '', 'https://www.iqiyi.com/v_19rr5ix3cg.html', '16:00');
INSERT INTO `goods` VALUES ('2', '大人物', '37', '100', '3', '3', '8.0', 'c8cf2caa314a401eb886e04e38e5687a.jpg', '1', '2D', '45', null, '', '', 'https://www.iqiyi.com/v_19rr5ix3cg.html', '16:00');
INSERT INTO `goods` VALUES ('3', '掠食城市 (2018)', '23', '100', '1', '1', '8.0', '77a29a1f79ac411e9d08a794b3956ef9.jpg', '1', '3D', '6', null, '', '', 'https://www.iqiyi.com/v_19rr5ix3cg.html', '16:00');
INSERT INTO `goods` VALUES ('4', '一条狗的回家路', '35', '100', '4', '2', '8.0', '0ccc55d0185d4365a02168d9324f9bf6.jpg', '1', '2D', '9', null, '', '', 'https://www.iqiyi.com/v_19rr5ix3cg.html', '16:00');
INSERT INTO `goods` VALUES ('5', '狗不是爱情骗子', '350', '90', '2', '1', '8.0', '4c38e621e04e4009bb4cad236c2edd72.jpg', '1', '狗不是爱情骗子', '10', null, '', '', 'https://www.iqiyi.com/v_19rr5ix3cg.html', '16:00');
INSERT INTO `goods` VALUES ('6', '我想吃掉你的胰脏 (2018)', '45', '94', '4', '1', '8.0', '05b3e29360784fdb8a2a7262460e230f.jpg', '1', '我想吃掉你的胰脏', '6', null, '', '', 'https://www.iqiyi.com/v_19rr5ix3cg.html', '16:00');
INSERT INTO `goods` VALUES ('7', '熊出没·原始时代', '29', '95', '1', '1', '8.0', '985a79ea1c17419693fbf3574c386f95.jpg', '1', '3D', '5', null, '', '', 'https://www.iqiyi.com/v_19rr5ix3cg.html', '16:00');
INSERT INTO `goods` VALUES ('8', '神探蒲松龄', '55', '100', '5', '3', '8.0', 'bc09b15e6a6e4df89175846fdb194d89.jpg', '1', '2d', '0', null, '', '', 'https://www.iqiyi.com/v_19rr5ix3cg.html', '16:00');
INSERT INTO `goods` VALUES ('9', '云南虫谷 (2018)', '99', '98', '5', '1', '8.0', '5939b50584854a398b0a64759eec7cbd.jpg', '1', '3D', '2', null, '', '', 'https://www.iqiyi.com/v_19rr5ix3cg.html', '16:00');
INSERT INTO `goods` VALUES ('10', '海上浮城 (2018)', '59', '100', '4', '1', '8.0', '15577385dce6466e9f93ae6fea1a7de3.jpg', '1', '2d', '4', '1', '', '', 'https://www.iqiyi.com/v_19rr5ix3cg.html', '16:00');
INSERT INTO `goods` VALUES ('11', '夺命杀机 (2019)', '49', '100', '3', '2', '8.0', '1bd087e29226439c9eb49d1db39350ba.jpg', '1', '2D', '3', '28', '', '', 'https://www.iqiyi.com/v_19rr5ix3cg.html', '16:00');
INSERT INTO `goods` VALUES ('12', '疯狂的外星人2019', '39', '100', '4', '3', '8.0', 'ff9564890f264e2eb9c4aa24c22bda4e.jpg', '1', '2D', '0', null, '', '', 'https://www.iqiyi.com/v_19rr5ix3cg.html', '16:00');
INSERT INTO `goods` VALUES ('13', '飞驰人生', '56', '100', '5', '4', '8.0', 'd2089c82362c42538003077300c9a853.jpg', '1', '2D', '0', null, '', '', 'https://www.iqiyi.com/v_19rr5ix3cg.html', '16:00');
INSERT INTO `goods` VALUES ('14', '蜘蛛侠：平行宇宙 (2018)', '68', '96', '4', '2', '8.0', 'c547038f029343b9b27b967d584d0157.jpg', '1', '3D', '4', null, '', '', 'https://www.iqiyi.com/v_19rr5ix3cg.html', '16:00');
INSERT INTO `goods` VALUES ('15', '胖子行动队', '39', '94', '2', '2', '8.0', 'a215c82acd284782a8923f87cc0a9eac.jpg', '1', '2D', '6', null, '', '', 'https://www.iqiyi.com/v_19rr5ix3cg.html', '16:00');
INSERT INTO `goods` VALUES ('16', '李茶的姑妈 (2018)', '90', '97', '2', '3', '8.0', '65a5881c79b145678a5bcbd5da009ef9.jpg', '2', '2D', '3', null, '', '', 'https://www.iqiyi.com/v_19rr5ix3cg.html', '16:00');
INSERT INTO `goods` VALUES ('17', '慢生活曼女人', '79', '99', '2', '2', '8.0', '25e137e01dce4c60b3345ff1c6e776e4.jpg', '2', '畅享系列新品，影音旗舰新性价比之选', '1', null, '', '', 'https://www.iqiyi.com/v_19rr5ix3cg.html', '16:00');
INSERT INTO `goods` VALUES ('18', '情圣2 (2019)', '49', '97', '2', '2', '8.0', '2062dc57f1a04fbdad3e33ec9b0ccbd3.jpg', '2', '2D', '3', null, '', '', 'https://www.iqiyi.com/v_19rr5ix3cg.html', '16:00');
INSERT INTO `goods` VALUES ('19', '相亲时代 (2019)', '99', '98', '2', '1', '8.0', 'a3a15d843f3e4e138fea1c8136160ca6.jpg', '2', '2D', '2', null, '', '', 'https://www.iqiyi.com/v_19rr5ix3cg.html', '16:00');
INSERT INTO `goods` VALUES ('20', '大国复兴之路', '33', '100', '3', '2', '8.0', '878613e21b9749b3a31329dd381b7566.jpg', '2', '大国复兴之路', '144', null, '', '', 'https://www.iqiyi.com/v_19rr5ix3cg.html', '16:00');
INSERT INTO `goods` VALUES ('21', '营救汪星人', '29', '108', '6', '3', '8.0', '902a2af695954352b360f92d7a92bab0.jpg', '1', '经典', '2', null, '', '', 'https://www.iqiyi.com/v_19rr5ix3cg.html', '16:00');
INSERT INTO `goods` VALUES ('23', '叶问外传：张天志', '25', '99', '3', '1', '8.0', 'e337cc82608f486da92ba32ba9c388ff.jpg', '1', '3D', '1', null, '', '', 'https://www.iqiyi.com/v_19rr5ix3cg.html', '16:00');
INSERT INTO `goods` VALUES ('24', '中医方剂', '66', '99', '5', '1', '8.0', '2e494aac999f4dcb93ff18c1224982f1.jpg', '-1', '三星高颜值旗舰，乐享盖乐世！', '1', null, '', '', 'https://www.iqiyi.com/v_19rr5ix3cg.html', '16:00');
INSERT INTO `goods` VALUES ('26', '海王 (2018)', '66', '115', '1', '2', '8.0', '3c61fd8c8cc84f50a9256f6265c92e79.jpg', '1', '3D', '13', null, '', '', 'https://www.iqiyi.com/v_19rr5ix3cg.html', '16:00');
INSERT INTO `goods` VALUES ('31', '印度暴徒 (2018)', '36', '100', '3', '3', '8.0', 'c1c19b546b1849d9abe5a74b08d6f051.jpg', '1', '2D', '0', null, '', '', 'https://www.iqiyi.com/v_19rr5ix3cg.html', '16:00');
INSERT INTO `goods` VALUES ('32', '密林诡影', '66', '99', '3', '4', '8.0', '15f2e7d65891417b9aa1b369b22f1a45.jpg', '1', '2D', '1', null, '', '', 'https://www.iqiyi.com/v_19rr5ix3cg.html', '16:00');
INSERT INTO `goods` VALUES ('35', '测试', '36', '96', '1', '2', '8.0', '2495d1891adf444899cf68d523ecb003.jpg', '1', '发家打开手机发发生傲视', '4', null, '', '', 'https://www.iqiyi.com/v_19rr5ix3cg.html', '16:00');

-- ----------------------------
-- Table structure for goods_type
-- ----------------------------
DROP TABLE IF EXISTS `goods_type`;
CREATE TABLE `goods_type` (
  `type_Id` int(11) NOT NULL AUTO_INCREMENT,
  `type_Name` varchar(255) DEFAULT NULL,
  `type_Pid` int(11) DEFAULT NULL,
  `type_Lv` int(11) DEFAULT '1',
  `type_Path` varchar(255) DEFAULT NULL,
  `type_State` int(11) DEFAULT '1' COMMENT '1为正常 -1删除',
  PRIMARY KEY (`type_Id`),
  KEY `typeState` (`type_State`),
  KEY `type_Pid` (`type_Pid`)
) ENGINE=InnoDB AUTO_INCREMENT=12 DEFAULT CHARSET=utf8;

-- ----------------------------
-- Records of goods_type
-- ----------------------------
INSERT INTO `goods_type` VALUES ('1', '3D', null, '1', '|1|', '1');
INSERT INTO `goods_type` VALUES ('2', '喜剧', null, '1', '|2|', '1');
INSERT INTO `goods_type` VALUES ('3', '动作', null, '1', '|3|', '1');
INSERT INTO `goods_type` VALUES ('4', '剧情', null, '1', '|4|', '1');
INSERT INTO `goods_type` VALUES ('5', '悬疑', null, '1', '|5|', '1');
INSERT INTO `goods_type` VALUES ('6', '惊悚', null, '1', '|6|', '1');
INSERT INTO `goods_type` VALUES ('7', '科幻', null, '1', '|7|', '1');
INSERT INTO `goods_type` VALUES ('8', '动画', null, '1', '|8|', '1');

-- ----------------------------
-- Table structure for guess
-- ----------------------------
DROP TABLE IF EXISTS `guess`;
CREATE TABLE `guess` (
  `guess_id` int(11) NOT NULL AUTO_INCREMENT,
  `guess_goods` int(11) DEFAULT NULL,
  `guess_num` int(11) DEFAULT NULL,
  `favorite` int(11) DEFAULT '-1' COMMENT '1收藏 -1未收藏',
  `guess_user` int(11) NOT NULL,
  PRIMARY KEY (`guess_id`),
  KEY `guess_goods` (`guess_goods`),
  KEY `guess_user` (`guess_user`),
  CONSTRAINT `guess_ibfk_1` FOREIGN KEY (`guess_goods`) REFERENCES `goods` (`goods_Id`),
  CONSTRAINT `guess_ibfk_2` FOREIGN KEY (`guess_user`) REFERENCES `users` (`user_Id`)
) ENGINE=InnoDB AUTO_INCREMENT=101 DEFAULT CHARSET=utf8;

-- ----------------------------
-- Records of guess
-- ----------------------------
INSERT INTO `guess` VALUES ('6', '5', '21', '1', '9');
INSERT INTO `guess` VALUES ('7', '20', '7', '-1', '9');
INSERT INTO `guess` VALUES ('8', '7', '8', '-1', '9');
INSERT INTO `guess` VALUES ('9', '4', '10', '-1', '9');
INSERT INTO `guess` VALUES ('10', '18', '17', '1', '9');
INSERT INTO `guess` VALUES ('11', '15', '9', '1', '9');
INSERT INTO `guess` VALUES ('12', '2', '30', '1', '9');
INSERT INTO `guess` VALUES ('13', '6', '12', '1', '9');
INSERT INTO `guess` VALUES ('14', '14', '3', '-1', '9');
INSERT INTO `guess` VALUES ('15', '11', '44', '1', '9');
INSERT INTO `guess` VALUES ('16', '9', '2', '1', '9');
INSERT INTO `guess` VALUES ('17', '19', '7', '1', '9');
INSERT INTO `guess` VALUES ('18', '1', '37', '1', '9');
INSERT INTO `guess` VALUES ('19', '16', '6', '-1', '9');
INSERT INTO `guess` VALUES ('20', '24', '1', '-1', '9');
INSERT INTO `guess` VALUES ('21', '3', '9', '-1', '9');
INSERT INTO `guess` VALUES ('22', '26', '9', '-1', '9');
INSERT INTO `guess` VALUES ('23', '17', '1', '-1', '9');
INSERT INTO `guess` VALUES ('24', '10', '2', '-1', '9');
INSERT INTO `guess` VALUES ('25', '13', '1', '-1', '9');
INSERT INTO `guess` VALUES ('26', '8', '1', '-1', '9');
INSERT INTO `guess` VALUES ('27', '23', '1', '-1', '9');
INSERT INTO `guess` VALUES ('28', '6', '1', '-1', '12');
INSERT INTO `guess` VALUES ('29', '26', '1', '-1', '12');
INSERT INTO `guess` VALUES ('30', '3', '2', '1', '12');
INSERT INTO `guess` VALUES ('31', '26', '2', '-1', '13');
INSERT INTO `guess` VALUES ('32', '3', '4', '-1', '13');
INSERT INTO `guess` VALUES ('33', '5', '1', '-1', '13');
INSERT INTO `guess` VALUES ('34', '2', '4', '-1', '4');
INSERT INTO `guess` VALUES ('35', '3', '1', '-1', '4');
INSERT INTO `guess` VALUES ('36', '4', '1', '-1', '4');
INSERT INTO `guess` VALUES ('37', '6', '1', '-1', '4');
INSERT INTO `guess` VALUES ('38', '15', '1', '-1', '4');
INSERT INTO `guess` VALUES ('39', '10', '1', '1', '4');
INSERT INTO `guess` VALUES ('40', '1', '1', '-1', '4');
INSERT INTO `guess` VALUES ('41', '1', '2', '-1', '5');
INSERT INTO `guess` VALUES ('42', '2', '3', '-1', '5');
INSERT INTO `guess` VALUES ('43', '3', '2', '-1', '5');
INSERT INTO `guess` VALUES ('44', '4', '3', '1', '5');
INSERT INTO `guess` VALUES ('45', '14', '2', '-1', '5');
INSERT INTO `guess` VALUES ('46', '16', '1', '-1', '5');
INSERT INTO `guess` VALUES ('47', '17', '1', '-1', '5');
INSERT INTO `guess` VALUES ('48', '18', '1', '-1', '5');
INSERT INTO `guess` VALUES ('49', '20', '1', '-1', '5');
INSERT INTO `guess` VALUES ('50', '5', '1', '-1', '5');
INSERT INTO `guess` VALUES ('51', '10', '1', '-1', '5');
INSERT INTO `guess` VALUES ('52', '26', '1', '-1', '5');
INSERT INTO `guess` VALUES ('53', '1', '1', '-1', '6');
INSERT INTO `guess` VALUES ('54', '2', '1', '-1', '6');
INSERT INTO `guess` VALUES ('55', '3', '1', '-1', '6');
INSERT INTO `guess` VALUES ('56', '4', '1', '-1', '6');
INSERT INTO `guess` VALUES ('57', '26', '1', '-1', '6');
INSERT INTO `guess` VALUES ('58', '20', '1', '-1', '6');
INSERT INTO `guess` VALUES ('59', '1', '1', '-1', '7');
INSERT INTO `guess` VALUES ('60', '2', '1', '-1', '7');
INSERT INTO `guess` VALUES ('61', '4', '1', '-1', '7');
INSERT INTO `guess` VALUES ('62', '10', '1', '-1', '7');
INSERT INTO `guess` VALUES ('63', '15', '1', '-1', '7');
INSERT INTO `guess` VALUES ('64', '1', '1', '-1', '13');
INSERT INTO `guess` VALUES ('65', '2', '4', '-1', '13');
INSERT INTO `guess` VALUES ('66', '4', '1', '-1', '13');
INSERT INTO `guess` VALUES ('67', '10', '1', '-1', '13');
INSERT INTO `guess` VALUES ('68', '14', '1', '-1', '12');
INSERT INTO `guess` VALUES ('69', '1', '1', '-1', '12');
INSERT INTO `guess` VALUES ('70', '2', '3', '-1', '12');
INSERT INTO `guess` VALUES ('71', '4', '1', '-1', '12');
INSERT INTO `guess` VALUES ('72', '32', '1', '-1', '12');
INSERT INTO `guess` VALUES ('73', '21', '1', '-1', '12');
INSERT INTO `guess` VALUES ('74', '1', '1', '-1', '10');
INSERT INTO `guess` VALUES ('75', '2', '3', '-1', '10');
INSERT INTO `guess` VALUES ('76', '3', '1', '-1', '10');
INSERT INTO `guess` VALUES ('77', '4', '1', '-1', '10');
INSERT INTO `guess` VALUES ('78', '23', '1', '-1', '10');
INSERT INTO `guess` VALUES ('79', '21', '1', '-1', '10');
INSERT INTO `guess` VALUES ('80', '24', '1', '-1', '10');
INSERT INTO `guess` VALUES ('81', '32', '2', '-1', '10');
INSERT INTO `guess` VALUES ('82', '20', '1', '-1', '4');
INSERT INTO `guess` VALUES ('83', '20', '15', '-1', '14');
INSERT INTO `guess` VALUES ('84', '2', '59', '-1', '14');
INSERT INTO `guess` VALUES ('85', '1', '92', '-1', '14');
INSERT INTO `guess` VALUES ('86', '10', '10', '-1', '14');
INSERT INTO `guess` VALUES ('87', '11', '67', '-1', '14');
INSERT INTO `guess` VALUES ('88', '26', '22', '-1', '14');
INSERT INTO `guess` VALUES ('89', '19', '4', '-1', '14');
INSERT INTO `guess` VALUES ('90', '16', '6', '-1', '14');
INSERT INTO `guess` VALUES ('91', '6', '1', '-1', '14');
INSERT INTO `guess` VALUES ('92', '5', '2', '-1', '14');
INSERT INTO `guess` VALUES ('93', '3', '28', '-1', '14');
INSERT INTO `guess` VALUES ('94', '9', '1', '-1', '14');
INSERT INTO `guess` VALUES ('95', '4', '1', '-1', '14');
INSERT INTO `guess` VALUES ('96', '17', '1', '-1', '14');
INSERT INTO `guess` VALUES ('97', '7', '4', '-1', '14');
INSERT INTO `guess` VALUES ('98', '18', '1', '-1', '14');
INSERT INTO `guess` VALUES ('99', '15', '1', '-1', '14');
INSERT INTO `guess` VALUES ('100', '35', '1', '-1', '14');

-- ----------------------------
-- Table structure for memory
-- ----------------------------
DROP TABLE IF EXISTS `memory`;
CREATE TABLE `memory` (
  `memory_id` int(11) NOT NULL AUTO_INCREMENT,
  `memory_name` varchar(255) DEFAULT NULL,
  PRIMARY KEY (`memory_id`)
) ENGINE=InnoDB AUTO_INCREMENT=7 DEFAULT CHARSET=utf8;

-- ----------------------------
-- Records of memory
-- ----------------------------
INSERT INTO `memory` VALUES ('1', '30分钟内');
INSERT INTO `memory` VALUES ('2', '1小时内');
INSERT INTO `memory` VALUES ('3', '1小时-1小时30分钟内');
INSERT INTO `memory` VALUES ('4', '2小时内');
INSERT INTO `memory` VALUES ('5', '2小时以上');

-- ----------------------------
-- Table structure for message
-- ----------------------------
DROP TABLE IF EXISTS `message`;
CREATE TABLE `message` (
  `message_Id` int(11) NOT NULL AUTO_INCREMENT COMMENT '消息ID',
  `message_Type` varchar(255) COLLATE utf8_unicode_ci DEFAULT NULL COMMENT '类型：1公告，2关于我们，3新闻资讯',
  `message_Title` varchar(50) COLLATE utf8_unicode_ci DEFAULT NULL COMMENT '主题',
  `message_content` varchar(1000) COLLATE utf8_unicode_ci DEFAULT NULL COMMENT '内容',
  `message_State` int(11) DEFAULT '1' COMMENT '-1删除 1 显示，2影藏',
  `message_time` datetime DEFAULT NULL COMMENT '发布时间',
  `message_img` varchar(100) COLLATE utf8_unicode_ci DEFAULT NULL COMMENT '新闻图片',
  `message_user` varchar(20) COLLATE utf8_unicode_ci DEFAULT NULL COMMENT '发布人',
  PRIMARY KEY (`message_Id`)
) ENGINE=InnoDB AUTO_INCREMENT=4 DEFAULT CHARSET=utf8 COLLATE=utf8_unicode_ci;

-- ----------------------------
-- Records of message
-- ----------------------------
INSERT INTO `message` VALUES ('1', '3', '电影院信息', '电影院所在地址：星河国际，客服联系电话：021-8888888，电影院拥有3D', '-1', '2019-01-22 22:34:54', '780711dbe1d14e07895f4adf9c275a73.jpg', 'admin');
INSERT INTO `message` VALUES ('2', '2', '海王上映啦', '海王上映啦海王上映啦海王上映啦海王上映啦海王上映啦海王上映啦', '1', '2019-01-22 22:35:34', '76bf0c3b076c40039cd5d3f149899dd6.jpg', 'admin');
INSERT INTO `message` VALUES ('3', '2', '测试', '测试', '1', null, '7eae02f14a2c4d51b50567e746e4d498.jpg', 'admin');

-- ----------------------------
-- Table structure for order
-- ----------------------------
DROP TABLE IF EXISTS `order`;
CREATE TABLE `order` (
  `order_Id` varchar(255) NOT NULL,
  `order_User` int(11) DEFAULT NULL,
  `order_Date` date DEFAULT NULL,
  `order_Price` double(10,0) DEFAULT NULL,
  `order_State` int(11) DEFAULT '1' COMMENT '-1删除 1 待付款 2待发货 3 待收货 4待评价 5完成',
  `order_UserName` varchar(20) DEFAULT NULL,
  `order_Phone` varchar(20) DEFAULT NULL,
  `order_Address` varchar(100) DEFAULT NULL,
  `order_ExpressNo` varchar(20) DEFAULT NULL COMMENT '快递单号',
  PRIMARY KEY (`order_Id`),
  KEY `orderUser` (`order_User`),
  KEY `orderId` (`order_Id`),
  CONSTRAINT `order_ibfk_1` FOREIGN KEY (`order_User`) REFERENCES `users` (`user_Id`)
) ENGINE=InnoDB DEFAULT CHARSET=utf8;

-- ----------------------------
-- Records of order
-- ----------------------------
INSERT INTO `order` VALUES ('05914de698344d9786d9ab6e5838c9f5', '9', '2018-08-13', '3299', '5', '纳尔', '19512451235', '浙江省嘉兴市嘉善县浙江大学', '654874152141235');
INSERT INTO `order` VALUES ('094b4a873d90402f9097ff917347318f', '14', '2019-01-24', '280', '5', '贝砣', '13782232323', '北京市市辖区东城区东城街道1112号', '1232323');
INSERT INTO `order` VALUES ('126a5523fa40485cbf50ead8e8c47217', '7', '2018-08-13', '172893', '5', '玲玲', '15748513654', '上海市市辖区卢湾区上海大学', '85241523654741');
INSERT INTO `order` VALUES ('13c206cd41bb43abaa6cb28777dfcfa2', '4', '2018-08-13', '8097', '5', '明明', '18745487440', '安徽省蚌埠市禹会区安徽人才学院', '98745123108412');
INSERT INTO `order` VALUES ('1c9c1ce2f6434c4481121cbe1a7c4f87', '14', '2019-01-09', '38', '5', '贝砣', '13782232323', '北京市市辖区东城区东城街道1112号', '2332323');
INSERT INTO `order` VALUES ('24ed6939eac041a2904713bf19fe7f42', '9', '2018-08-13', '4549', '3', '纳尔', '19512451235', '浙江省嘉兴市嘉善县浙江大学', '02932323');
INSERT INTO `order` VALUES ('267d1989ab534b6c96076f4d5afa4e44', '4', '2018-08-13', '14897', '5', '明明', '18745487440', '安徽省蚌埠市禹会区安徽人才学院', '98547412543214');
INSERT INTO `order` VALUES ('2bd0295381ef4c33855a45aa41bade02', '12', '2018-08-13', '19793', '5', '唐唐', '12345643343', '天津市市辖区河东区天津大学', '54875216954125');
INSERT INTO `order` VALUES ('2c5f84cdedf64d5c9f1c7a0638746334', '14', '2019-01-09', '99', '2', '贝砣', '13782232323', '北京市市辖区东城区东城街道1112号', null);
INSERT INTO `order` VALUES ('2fd3a92f29ff40d99bd543122c832e75', '14', '2019-01-09', '19', '2', '贝砣', '13782232323', '北京市市辖区东城区东城街道1112号', null);
INSERT INTO `order` VALUES ('3361de132e9e46279f306e8040df5e00', '13', '2018-08-13', '14761', '5', 'undo', '123432543543', '山东省青岛市市北区山东大学', '84512541025647');
INSERT INTO `order` VALUES ('38235c3a92114adeb9e2f0b9cff9da93', '14', '2019-01-24', '280', '1', '贝砣', '13782232323', '北京市市辖区东城区东城街道1112号', null);
INSERT INTO `order` VALUES ('3bd7daeadf2f44629651922d9dae40ad', '14', '2019-01-24', '280', '1', '贝砣', '13782232323', '北京市市辖区东城区东城街道1112号', null);
INSERT INTO `order` VALUES ('446e9010381140e5a20c680835a5adb4', '14', '2019-01-21', '132', '2', '贝砣', '13782232323', '北京市市辖区东城区东城街道1112号', null);
INSERT INTO `order` VALUES ('4ff5d42c758345c080a6108dd1d257ed', '14', '2019-01-24', '280', '1', '贝砣', '13782232323', '北京市市辖区东城区东城街道1112号', null);
INSERT INTO `order` VALUES ('501828076c27441baf3c6271f34bce32', '9', '2018-08-13', '6598', '2', '提莫', '16512345874', '山西省晋城市陵川县山西大学', null);
INSERT INTO `order` VALUES ('557732cf831948cfa4f2206bdd2ec470', '5', '2018-08-13', '13496', '5', '康康', '14795414785', '江苏省淮安市涟水县江苏人才大学', '95487562142514');
INSERT INTO `order` VALUES ('6bf2b38897054e359fe06df2e64f71a0', '4', '2019-01-08', '3299', '1', '明明', '18745487440', '安徽省蚌埠市禹会区安徽人才学院', null);
INSERT INTO `order` VALUES ('6e2b99ebc62443d3b19542ac1bd17f68', '14', '2019-01-21', '132', '2', '贝砣', '13782232323', '北京市市辖区东城区东城街道1112号', null);
INSERT INTO `order` VALUES ('703197b3f3164cc18022e31a3b24436f', '10', '2018-08-13', '20192', '5', '飞飞', '18547512541', '山东省青岛市黄岛区山东大学', '84152147845124');
INSERT INTO `order` VALUES ('703ebdee09ab499784cbff22ed6de91b', '14', '2019-01-09', '19', '5', '贝砣', '13782232323', '北京市市辖区东城区东城街道1112号', '343433434');
INSERT INTO `order` VALUES ('82803a40a53641069f35c01998d98370', '14', '2019-01-09', '19', '2', '贝砣', '13782232323', '北京市市辖区东城区东城街道1112号', null);
INSERT INTO `order` VALUES ('8c4df5d28f2d41e3943f5ae77bd43604', '14', '2019-01-24', '280', '1', '贝砣', '13782232323', '北京市市辖区东城区东城街道1112号', null);
INSERT INTO `order` VALUES ('919f60f3cd4e4e4fa18054a01eeaf608', '5', '2018-08-13', '5717', '5', '康康', '14795414785', '江苏省淮安市涟水县江苏人才大学', '98714251474152');
INSERT INTO `order` VALUES ('94e99b4f0dd74d7c9a1359b382101b77', '14', '2019-01-09', '45', '2', '贝砣', '13782232323', '北京市市辖区东城区东城街道1112号', null);
INSERT INTO `order` VALUES ('95fb1e8505084c22adc588b16e7b3fc3', '14', '2019-01-09', '99', '2', '贝砣', '13782232323', '北京市市辖区东城区东城街道1112号', null);
INSERT INTO `order` VALUES ('b5a787c3a55942669029c33bed4be810', '4', '2018-08-13', '14897', '5', '明明', '18745487440', '安徽省蚌埠市禹会区安徽人才学院', '52648741542148');
INSERT INTO `order` VALUES ('cf438ebe971c4fe898a9fbd890d7a6fd', '6', '2018-08-13', '15461', '4', '小小', '18745214569', '江西省萍乡市湘东区江西大学', '36512478451247');
INSERT INTO `order` VALUES ('d3766a1e005f4e61b0a8b8a08272b8f1', '14', '2019-01-09', '90', '2', '贝砣', '13782232323', '北京市市辖区东城区东城街道1112号', null);
INSERT INTO `order` VALUES ('d4afe4f0f2a941a89eca638000eb273a', '9', '2018-08-13', '5198', '1', '纳尔', '19512451235', '浙江省嘉兴市嘉善县浙江大学', null);
INSERT INTO `order` VALUES ('d77bd1cc176c41e9b81b1231eff18c88', '14', '2019-01-08', '3299', '5', '贝砣', '13782232323', '北京市市辖区东城区东城街道1112号', '02934343');
INSERT INTO `order` VALUES ('eac54dc71e504b2883152ef90f1324ad', '4', '2018-08-13', '599', '5', '明明', '18745487440', '安徽省蚌埠市禹会区安徽人才学院', '84751542141014');
INSERT INTO `order` VALUES ('eaed9bef1e1a4b55bfea480ceadbca87', '14', '2019-01-24', '144', '5', '贝砣', '13782232323', '北京市市辖区东城区东城街道1112号', '123213');
INSERT INTO `order` VALUES ('eb334c859ddf4a18acf7601b53e710a4', '9', '2018-08-13', '3299', '2', '纳尔', '19512451235', '浙江省嘉兴市嘉善县浙江大学', null);
INSERT INTO `order` VALUES ('f4c501416b064f2596eee83797c4eb7b', '14', '2019-01-24', '264', '5', '贝砣', '13782232323', '北京市市辖区东城区东城街道1112号', '102322332');

-- ----------------------------
-- Table structure for order_detail
-- ----------------------------
DROP TABLE IF EXISTS `order_detail`;
CREATE TABLE `order_detail` (
  `detail_Id` int(11) NOT NULL AUTO_INCREMENT,
  `detail_Order` varchar(255) DEFAULT NULL,
  `detail_Goods` int(11) DEFAULT NULL,
  `detail_Price` double DEFAULT NULL,
  `detail_Num` int(11) DEFAULT NULL,
  `detail_seat` varchar(500) DEFAULT NULL,
  `detail_remark` varchar(500) DEFAULT NULL,
  PRIMARY KEY (`detail_Id`),
  KEY `detailOrder` (`detail_Order`),
  KEY `detailGoods` (`detail_Goods`),
  CONSTRAINT `order_detail_ibfk_1` FOREIGN KEY (`detail_Order`) REFERENCES `order` (`order_Id`),
  CONSTRAINT `order_detail_ibfk_2` FOREIGN KEY (`detail_Goods`) REFERENCES `goods` (`goods_Id`)
) ENGINE=InnoDB AUTO_INCREMENT=162 DEFAULT CHARSET=utf8;

-- ----------------------------
-- Records of order_detail
-- ----------------------------
INSERT INTO `order_detail` VALUES ('87', '24ed6939eac041a2904713bf19fe7f42', '5', '350', '1', null, null);
INSERT INTO `order_detail` VALUES ('88', '24ed6939eac041a2904713bf19fe7f42', '15', '4199', '1', null, null);
INSERT INTO `order_detail` VALUES ('89', 'd4afe4f0f2a941a89eca638000eb273a', '1', '5198', '2', null, null);
INSERT INTO `order_detail` VALUES ('90', '05914de698344d9786d9ab6e5838c9f5', '14', '3299', '1', null, null);
INSERT INTO `order_detail` VALUES ('91', 'eb334c859ddf4a18acf7601b53e710a4', '2', '3299', '1', null, null);
INSERT INTO `order_detail` VALUES ('92', '501828076c27441baf3c6271f34bce32', '2', '6598', '2', null, null);
INSERT INTO `order_detail` VALUES ('93', '267d1989ab534b6c96076f4d5afa4e44', '3', '3999', '1', null, null);
INSERT INTO `order_detail` VALUES ('94', 'b5a787c3a55942669029c33bed4be810', '3', '3999', '1', null, null);
INSERT INTO `order_detail` VALUES ('95', '267d1989ab534b6c96076f4d5afa4e44', '4', '3599', '1', null, null);
INSERT INTO `order_detail` VALUES ('96', 'b5a787c3a55942669029c33bed4be810', '4', '3599', '1', null, null);
INSERT INTO `order_detail` VALUES ('97', '267d1989ab534b6c96076f4d5afa4e44', '6', '7299', '1', null, null);
INSERT INTO `order_detail` VALUES ('98', 'b5a787c3a55942669029c33bed4be810', '6', '7299', '1', null, null);
INSERT INTO `order_detail` VALUES ('99', '13c206cd41bb43abaa6cb28777dfcfa2', '2', '3299', '1', null, null);
INSERT INTO `order_detail` VALUES ('100', '13c206cd41bb43abaa6cb28777dfcfa2', '15', '4199', '1', null, null);
INSERT INTO `order_detail` VALUES ('101', '13c206cd41bb43abaa6cb28777dfcfa2', '10', '599', '1', null, null);
INSERT INTO `order_detail` VALUES ('102', 'eac54dc71e504b2883152ef90f1324ad', '10', '599', '1', null, null);
INSERT INTO `order_detail` VALUES ('103', '557732cf831948cfa4f2206bdd2ec470', '1', '2599', '1', null, null);
INSERT INTO `order_detail` VALUES ('104', '557732cf831948cfa4f2206bdd2ec470', '2', '3299', '1', null, null);
INSERT INTO `order_detail` VALUES ('105', '557732cf831948cfa4f2206bdd2ec470', '3', '3999', '1', null, null);
INSERT INTO `order_detail` VALUES ('106', '557732cf831948cfa4f2206bdd2ec470', '4', '3599', '1', null, null);
INSERT INTO `order_detail` VALUES ('107', '919f60f3cd4e4e4fa18054a01eeaf608', '14', '3299', '1', null, null);
INSERT INTO `order_detail` VALUES ('108', '919f60f3cd4e4e4fa18054a01eeaf608', '16', '120', '1', null, null);
INSERT INTO `order_detail` VALUES ('109', '919f60f3cd4e4e4fa18054a01eeaf608', '17', '799', '1', null, null);
INSERT INTO `order_detail` VALUES ('110', '919f60f3cd4e4e4fa18054a01eeaf608', '18', '1499', '1', null, null);
INSERT INTO `order_detail` VALUES ('111', 'cf438ebe971c4fe898a9fbd890d7a6fd', '1', '2599', '1', null, null);
INSERT INTO `order_detail` VALUES ('112', 'cf438ebe971c4fe898a9fbd890d7a6fd', '2', '3299', '1', null, null);
INSERT INTO `order_detail` VALUES ('113', 'cf438ebe971c4fe898a9fbd890d7a6fd', '3', '3999', '1', null, null);
INSERT INTO `order_detail` VALUES ('114', 'cf438ebe971c4fe898a9fbd890d7a6fd', '4', '3599', '1', null, null);
INSERT INTO `order_detail` VALUES ('115', 'cf438ebe971c4fe898a9fbd890d7a6fd', '26', '666', '1', null, null);
INSERT INTO `order_detail` VALUES ('116', 'cf438ebe971c4fe898a9fbd890d7a6fd', '20', '1299', '1', null, null);
INSERT INTO `order_detail` VALUES ('117', '126a5523fa40485cbf50ead8e8c47217', '16', '120', '1', null, null);
INSERT INTO `order_detail` VALUES ('118', '126a5523fa40485cbf50ead8e8c47217', '20', '158478', '122', null, null);
INSERT INTO `order_detail` VALUES ('119', '126a5523fa40485cbf50ead8e8c47217', '1', '2599', '1', null, null);
INSERT INTO `order_detail` VALUES ('120', '126a5523fa40485cbf50ead8e8c47217', '2', '3299', '1', null, null);
INSERT INTO `order_detail` VALUES ('121', '126a5523fa40485cbf50ead8e8c47217', '4', '3599', '1', null, null);
INSERT INTO `order_detail` VALUES ('122', '126a5523fa40485cbf50ead8e8c47217', '10', '599', '1', null, null);
INSERT INTO `order_detail` VALUES ('123', '126a5523fa40485cbf50ead8e8c47217', '15', '4199', '1', null, null);
INSERT INTO `order_detail` VALUES ('124', '3361de132e9e46279f306e8040df5e00', '1', '2599', '1', null, null);
INSERT INTO `order_detail` VALUES ('125', '3361de132e9e46279f306e8040df5e00', '2', '3299', '1', null, null);
INSERT INTO `order_detail` VALUES ('126', '3361de132e9e46279f306e8040df5e00', '3', '3999', '1', null, null);
INSERT INTO `order_detail` VALUES ('127', '3361de132e9e46279f306e8040df5e00', '4', '3599', '1', null, null);
INSERT INTO `order_detail` VALUES ('128', '3361de132e9e46279f306e8040df5e00', '26', '666', '1', null, null);
INSERT INTO `order_detail` VALUES ('129', '3361de132e9e46279f306e8040df5e00', '10', '599', '1', null, null);
INSERT INTO `order_detail` VALUES ('130', '2bd0295381ef4c33855a45aa41bade02', '14', '3299', '1', null, null);
INSERT INTO `order_detail` VALUES ('131', '2bd0295381ef4c33855a45aa41bade02', '1', '2599', '1', null, null);
INSERT INTO `order_detail` VALUES ('132', '2bd0295381ef4c33855a45aa41bade02', '2', '3299', '1', null, null);
INSERT INTO `order_detail` VALUES ('133', '2bd0295381ef4c33855a45aa41bade02', '3', '3999', '1', null, null);
INSERT INTO `order_detail` VALUES ('134', '2bd0295381ef4c33855a45aa41bade02', '4', '3599', '1', null, null);
INSERT INTO `order_detail` VALUES ('135', '2bd0295381ef4c33855a45aa41bade02', '32', '2199', '1', null, null);
INSERT INTO `order_detail` VALUES ('136', '2bd0295381ef4c33855a45aa41bade02', '21', '799', '1', null, null);
INSERT INTO `order_detail` VALUES ('137', '703197b3f3164cc18022e31a3b24436f', '1', '5198', '2', null, null);
INSERT INTO `order_detail` VALUES ('138', '703197b3f3164cc18022e31a3b24436f', '2', '3299', '1', null, null);
INSERT INTO `order_detail` VALUES ('139', '703197b3f3164cc18022e31a3b24436f', '3', '3999', '1', null, null);
INSERT INTO `order_detail` VALUES ('140', '703197b3f3164cc18022e31a3b24436f', '4', '3599', '1', null, null);
INSERT INTO `order_detail` VALUES ('141', '703197b3f3164cc18022e31a3b24436f', '23', '1099', '1', null, null);
INSERT INTO `order_detail` VALUES ('142', '703197b3f3164cc18022e31a3b24436f', '21', '799', '1', null, null);
INSERT INTO `order_detail` VALUES ('143', '703197b3f3164cc18022e31a3b24436f', '24', '2199', '1', null, null);
INSERT INTO `order_detail` VALUES ('144', '6bf2b38897054e359fe06df2e64f71a0', '2', '3299', '1', null, null);
INSERT INTO `order_detail` VALUES ('145', 'd77bd1cc176c41e9b81b1231eff18c88', '2', '3299', '1', null, null);
INSERT INTO `order_detail` VALUES ('146', '95fb1e8505084c22adc588b16e7b3fc3', '2', '99', '1', null, null);
INSERT INTO `order_detail` VALUES ('147', '703ebdee09ab499784cbff22ed6de91b', '1', '19', '1', null, null);
INSERT INTO `order_detail` VALUES ('148', '2fd3a92f29ff40d99bd543122c832e75', '1', '19', '1', null, null);
INSERT INTO `order_detail` VALUES ('149', '82803a40a53641069f35c01998d98370', '1', '19', '1', null, null);
INSERT INTO `order_detail` VALUES ('150', 'd3766a1e005f4e61b0a8b8a08272b8f1', '16', '90', '1', null, null);
INSERT INTO `order_detail` VALUES ('151', '94e99b4f0dd74d7c9a1359b382101b77', '6', '45', '1', null, null);
INSERT INTO `order_detail` VALUES ('152', '2c5f84cdedf64d5c9f1c7a0638746334', '2', '99', '1', null, null);
INSERT INTO `order_detail` VALUES ('153', '1c9c1ce2f6434c4481121cbe1a7c4f87', '1', '38', '2', null, null);
INSERT INTO `order_detail` VALUES ('154', '446e9010381140e5a20c680835a5adb4', '26', '132', '2', '5_8,5_10', '<li id=\"cart-item-5_8\">5排8座</li><li id=\"cart-item-5_10\">5排10座</li>');
INSERT INTO `order_detail` VALUES ('155', '8c4df5d28f2d41e3943f5ae77bd43604', '1', '280', '10', '6_1,6_2,6_3,6_4,6_5,6_6,6_7,6_8,6_9,6_10', '<li id=\"cart-item-6_1\">6排1座</li><li id=\"cart-item-6_2\">6排2座</li><li id=\"cart-item-6_3\">6排3座</li><li id=\"cart-item-6_4\">6排4座</li><li id=\"cart-item-6_5\">6排5座</li><li id=\"cart-item-6_6\">6排6座</li><li id=\"cart-item-6_7\">6排7座</li><li id=\"cart-item-6_8\">6排8座</li><li id=\"cart-item-6_9\">6排9座</li><li id=\"cart-item-6_10\">6排10座</li>');
INSERT INTO `order_detail` VALUES ('156', '3bd7daeadf2f44629651922d9dae40ad', '1', '280', '10', '6_1,6_2,6_3,6_4,6_5,6_6,6_7,6_8,6_9,6_10', '<li id=\"cart-item-6_1\">6排1座</li><li id=\"cart-item-6_2\">6排2座</li><li id=\"cart-item-6_3\">6排3座</li><li id=\"cart-item-6_4\">6排4座</li><li id=\"cart-item-6_5\">6排5座</li><li id=\"cart-item-6_6\">6排6座</li><li id=\"cart-item-6_7\">6排7座</li><li id=\"cart-item-6_8\">6排8座</li><li id=\"cart-item-6_9\">6排9座</li><li id=\"cart-item-6_10\">6排10座</li>');
INSERT INTO `order_detail` VALUES ('157', '094b4a873d90402f9097ff917347318f', '1', '280', '10', '6_1,6_2,6_3,6_4,6_5,6_6,6_7,6_8,6_9,6_10', '<li id=\"cart-item-6_1\">6排1座</li><li id=\"cart-item-6_2\">6排2座</li><li id=\"cart-item-6_3\">6排3座</li><li id=\"cart-item-6_4\">6排4座</li><li id=\"cart-item-6_5\">6排5座</li><li id=\"cart-item-6_6\">6排6座</li><li id=\"cart-item-6_7\">6排7座</li><li id=\"cart-item-6_8\">6排8座</li><li id=\"cart-item-6_9\">6排9座</li><li id=\"cart-item-6_10\">6排10座</li>');
INSERT INTO `order_detail` VALUES ('158', '4ff5d42c758345c080a6108dd1d257ed', '1', '280', '10', '6_1,6_2,6_3,6_4,6_5,6_6,6_7,6_8,6_9,6_10', '<li id=\"cart-item-6_1\">6排1座</li><li id=\"cart-item-6_2\">6排2座</li><li id=\"cart-item-6_3\">6排3座</li><li id=\"cart-item-6_4\">6排4座</li><li id=\"cart-item-6_5\">6排5座</li><li id=\"cart-item-6_6\">6排6座</li><li id=\"cart-item-6_7\">6排7座</li><li id=\"cart-item-6_8\">6排8座</li><li id=\"cart-item-6_9\">6排9座</li><li id=\"cart-item-6_10\">6排10座</li>');
INSERT INTO `order_detail` VALUES ('159', '38235c3a92114adeb9e2f0b9cff9da93', '1', '280', '10', '6_1,6_2,6_3,6_4,6_5,6_6,6_7,6_8,6_9,6_10', '<li id=\"cart-item-6_1\">6排1座</li><li id=\"cart-item-6_2\">6排2座</li><li id=\"cart-item-6_3\">6排3座</li><li id=\"cart-item-6_4\">6排4座</li><li id=\"cart-item-6_5\">6排5座</li><li id=\"cart-item-6_6\">6排6座</li><li id=\"cart-item-6_7\">6排7座</li><li id=\"cart-item-6_8\">6排8座</li><li id=\"cart-item-6_9\">6排9座</li><li id=\"cart-item-6_10\">6排10座</li>');
INSERT INTO `order_detail` VALUES ('160', 'f4c501416b064f2596eee83797c4eb7b', '26', '264', '4', '7_5,7_10,8_5,8_10', '<li id=\"cart-item-7_5\">7排5座</li><li id=\"cart-item-7_10\">7排10座</li><li id=\"cart-item-8_5\">8排5座</li><li id=\"cart-item-8_10\">8排10座</li>');
INSERT INTO `order_detail` VALUES ('161', 'eaed9bef1e1a4b55bfea480ceadbca87', '35', '144', '4', '6_5,6_6,6_7,6_9', '<li id=\"cart-item-6_5\">6排5座</li><li id=\"cart-item-6_6\">6排6座</li><li id=\"cart-item-6_7\">6排7座</li><li id=\"cart-item-6_9\">6排9座</li>');

-- ----------------------------
-- Table structure for permissions
-- ----------------------------
DROP TABLE IF EXISTS `permissions`;
CREATE TABLE `permissions` (
  `permission_role` int(11) DEFAULT NULL,
  `permission_fun` int(11) DEFAULT NULL,
  KEY `permission_role` (`permission_role`),
  KEY `permission_fun` (`permission_fun`),
  CONSTRAINT `permissions_ibfk_1` FOREIGN KEY (`permission_role`) REFERENCES `role` (`role_Id`),
  CONSTRAINT `permissions_ibfk_2` FOREIGN KEY (`permission_fun`) REFERENCES `funs` (`fun_Id`)
) ENGINE=InnoDB DEFAULT CHARSET=utf8;

-- ----------------------------
-- Records of permissions
-- ----------------------------
INSERT INTO `permissions` VALUES ('1', '1');
INSERT INTO `permissions` VALUES ('1', '3');
INSERT INTO `permissions` VALUES ('1', '6');
INSERT INTO `permissions` VALUES ('1', '8');
INSERT INTO `permissions` VALUES ('1', '11');
INSERT INTO `permissions` VALUES ('1', '12');
INSERT INTO `permissions` VALUES ('1', '13');
INSERT INTO `permissions` VALUES ('1', '16');

-- ----------------------------
-- Table structure for provinces
-- ----------------------------
DROP TABLE IF EXISTS `provinces`;
CREATE TABLE `provinces` (
  `province_Id` varchar(20) NOT NULL,
  `province_Name` varchar(50) NOT NULL,
  PRIMARY KEY (`province_Id`),
  KEY `provinceid` (`province_Id`)
) ENGINE=MyISAM DEFAULT CHARSET=utf8 COMMENT='省份信息表';

-- ----------------------------
-- Records of provinces
-- ----------------------------
INSERT INTO `provinces` VALUES ('110000', '北京市');
INSERT INTO `provinces` VALUES ('120000', '天津市');
INSERT INTO `provinces` VALUES ('130000', '河北省');
INSERT INTO `provinces` VALUES ('140000', '山西省');
INSERT INTO `provinces` VALUES ('150000', '内蒙古自治区');
INSERT INTO `provinces` VALUES ('210000', '辽宁省');
INSERT INTO `provinces` VALUES ('220000', '吉林省');
INSERT INTO `provinces` VALUES ('230000', '黑龙江省');
INSERT INTO `provinces` VALUES ('310000', '上海市');
INSERT INTO `provinces` VALUES ('320000', '江苏省');
INSERT INTO `provinces` VALUES ('330000', '浙江省');
INSERT INTO `provinces` VALUES ('340000', '安徽省');
INSERT INTO `provinces` VALUES ('350000', '福建省');
INSERT INTO `provinces` VALUES ('360000', '江西省');
INSERT INTO `provinces` VALUES ('370000', '山东省');
INSERT INTO `provinces` VALUES ('410000', '河南省');
INSERT INTO `provinces` VALUES ('420000', '湖北省');
INSERT INTO `provinces` VALUES ('430000', '湖南省');
INSERT INTO `provinces` VALUES ('440000', '广东省');
INSERT INTO `provinces` VALUES ('450000', '广西壮族自治区');
INSERT INTO `provinces` VALUES ('460000', '海南省');
INSERT INTO `provinces` VALUES ('500000', '重庆市');
INSERT INTO `provinces` VALUES ('510000', '四川省');
INSERT INTO `provinces` VALUES ('520000', '贵州省');
INSERT INTO `provinces` VALUES ('530000', '云南省');
INSERT INTO `provinces` VALUES ('540000', '西藏自治区');
INSERT INTO `provinces` VALUES ('610000', '陕西省');
INSERT INTO `provinces` VALUES ('620000', '甘肃省');
INSERT INTO `provinces` VALUES ('630000', '青海省');
INSERT INTO `provinces` VALUES ('640000', '宁夏回族自治区');
INSERT INTO `provinces` VALUES ('650000', '新疆维吾尔自治区');
INSERT INTO `provinces` VALUES ('710000', '台湾省');
INSERT INTO `provinces` VALUES ('810000', '香港特别行政区');
INSERT INTO `provinces` VALUES ('820000', '澳门特别行政区');

-- ----------------------------
-- Table structure for role
-- ----------------------------
DROP TABLE IF EXISTS `role`;
CREATE TABLE `role` (
  `role_Id` int(11) NOT NULL AUTO_INCREMENT,
  `role_Name` varchar(255) DEFAULT NULL,
  PRIMARY KEY (`role_Id`)
) ENGINE=InnoDB AUTO_INCREMENT=4 DEFAULT CHARSET=utf8;

-- ----------------------------
-- Records of role
-- ----------------------------
INSERT INTO `role` VALUES ('1', '超级管理员');
INSERT INTO `role` VALUES ('2', '影院管理员');
INSERT INTO `role` VALUES ('3', '用户管理员');

-- ----------------------------
-- Table structure for users
-- ----------------------------
DROP TABLE IF EXISTS `users`;
CREATE TABLE `users` (
  `user_Id` int(11) NOT NULL AUTO_INCREMENT,
  `user_Name` varchar(255) DEFAULT NULL,
  `user_Pass` varchar(255) DEFAULT NULL,
  `user_Phone` varchar(20) DEFAULT NULL,
  `user_Email` varchar(255) DEFAULT NULL,
  `user_State` int(11) DEFAULT '1' COMMENT '1正常 -1删除 2禁用',
  `user_Img` varchar(50) DEFAULT NULL,
  PRIMARY KEY (`user_Id`)
) ENGINE=InnoDB AUTO_INCREMENT=15 DEFAULT CHARSET=utf8;

-- ----------------------------
-- Records of users
-- ----------------------------
INSERT INTO `users` VALUES ('4', '明明', 'e10adc3949ba59abbe56e057f20f883e', '14514213254', 'vdgdsgfd@qq.com', '1', '381144ad23aa49089d07aaf3291a3272.JPG');
INSERT INTO `users` VALUES ('5', '康康', 'e10adc3949ba59abbe56e057f20f883e', '18803836187', 'dsgfd@qq.com', '1', '头像1.jpg');
INSERT INTO `users` VALUES ('6', '小小', 'e10adc3949ba59abbe56e057f20f883e', '13844445555', '151@qq.com', '1', '头像2.jpg');
INSERT INTO `users` VALUES ('7', '玲玲', 'e10adc3949ba59abbe56e057f20f883e', '12345678901', '111@qq.com', '1', '头像3.jpg');
INSERT INTO `users` VALUES ('8', '羽羽', 'e10adc3949ba59abbe56e057f20f883e', '18803836187', '12121@qq.com', '2', '头像4.jpg');
INSERT INTO `users` VALUES ('9', 'lina', 'e10adc3949ba59abbe56e057f20f883e', '18803836887', '4151215@qq.com', '1', '头像5.jpg');
INSERT INTO `users` VALUES ('10', '飞飞', 'e10adc3949ba59abbe56e057f20f883e', '18803541254', 'gdsgfsds@qq.com', '1', '头像7.jpg');
INSERT INTO `users` VALUES ('12', '唐唐', 'e10adc3949ba59abbe56e057f20f883e', '18876945412', '5847446884@qq.com', '1', '头像6.jpg');
INSERT INTO `users` VALUES ('13', 'undo', 'e10adc3949ba59abbe56e057f20f883e', '18487487448', '1634166465@qq.com', '1', '头像4.jpg');
INSERT INTO `users` VALUES ('14', 'beituo', 'e10adc3949ba59abbe56e057f20f883e', '13754232309', '543836615@qq.com', '1', '27bf8053616e476c90ae593c2f247b13.jpg');

-- ----------------------------
-- Table structure for user_seat
-- ----------------------------
DROP TABLE IF EXISTS `user_seat`;
CREATE TABLE `user_seat` (
  `seat_Id` varchar(255) CHARACTER SET utf8 NOT NULL COMMENT '座位ID',
  `order_Id` varchar(255) COLLATE utf8_unicode_ci DEFAULT NULL COMMENT '订单ID',
  `order_Seat` varchar(50) COLLATE utf8_unicode_ci DEFAULT NULL COMMENT '具体座位',
  `order_State` varchar(20) COLLATE utf8_unicode_ci DEFAULT '1' COMMENT '-1删除 1 待付款 2待发货 3 待收货 4待评价 5完成',
  `order_User` int(11) DEFAULT NULL,
  PRIMARY KEY (`seat_Id`)
) ENGINE=InnoDB DEFAULT CHARSET=utf8 COLLATE=utf8_unicode_ci;

-- ----------------------------
-- Records of user_seat
-- ----------------------------

-- ----------------------------
-- Table structure for zipcode
-- ----------------------------
DROP TABLE IF EXISTS `zipcode`;
CREATE TABLE `zipcode` (
  `id` int(11) NOT NULL AUTO_INCREMENT,
  `area_Id` varchar(20) NOT NULL,
  `zip` varchar(20) NOT NULL,
  `code` varchar(20) NOT NULL,
  PRIMARY KEY (`id`)
) ENGINE=MyISAM AUTO_INCREMENT=3145 DEFAULT CHARSET=latin1;

-- ----------------------------
-- Records of zipcode
-- ----------------------------
INSERT INTO `zipcode` VALUES ('1', '110101', '100000', '010');
INSERT INTO `zipcode` VALUES ('2', '110102', '100000', '010');
INSERT INTO `zipcode` VALUES ('3', '110103', '100000', '010');
INSERT INTO `zipcode` VALUES ('4', '110104', '100000', '010');
INSERT INTO `zipcode` VALUES ('5', '110105', '100000', '010');
INSERT INTO `zipcode` VALUES ('6', '110106', '100000', '010');
INSERT INTO `zipcode` VALUES ('7', '110107', '100000', '010');
INSERT INTO `zipcode` VALUES ('8', '110108', '100000', '010');
INSERT INTO `zipcode` VALUES ('9', '110109', '102300', '010');
INSERT INTO `zipcode` VALUES ('10', '110111', '102400', '010');
INSERT INTO `zipcode` VALUES ('11', '110112', '101100', '010');
INSERT INTO `zipcode` VALUES ('12', '110113', '101300', '010');
INSERT INTO `zipcode` VALUES ('13', '110114', '102200', '010');
INSERT INTO `zipcode` VALUES ('14', '110115', '102600', '010');
INSERT INTO `zipcode` VALUES ('15', '110116', '101400', '010');
INSERT INTO `zipcode` VALUES ('16', '110117', '101200', '010');
INSERT INTO `zipcode` VALUES ('17', '110228', '101500', '010');
INSERT INTO `zipcode` VALUES ('18', '110229', '102100', '010');
INSERT INTO `zipcode` VALUES ('19', '120101', '300000', '022');
INSERT INTO `zipcode` VALUES ('20', '120102', '300000', '022');
INSERT INTO `zipcode` VALUES ('21', '120103', '300000', '022');
INSERT INTO `zipcode` VALUES ('22', '120104', '300000', '022');
INSERT INTO `zipcode` VALUES ('23', '120105', '300000', '022');
INSERT INTO `zipcode` VALUES ('24', '120106', '300000', '022');
INSERT INTO `zipcode` VALUES ('25', '120107', '300450', '022');
INSERT INTO `zipcode` VALUES ('26', '120108', '300480', '022');
INSERT INTO `zipcode` VALUES ('27', '120109', '300000', '022');
INSERT INTO `zipcode` VALUES ('28', '120110', '300000', '022');
INSERT INTO `zipcode` VALUES ('29', '120111', '300000', '022');
INSERT INTO `zipcode` VALUES ('30', '120112', '300000', '022');
INSERT INTO `zipcode` VALUES ('31', '120113', '300000', '022');
INSERT INTO `zipcode` VALUES ('32', '120114', '301700', '022');
INSERT INTO `zipcode` VALUES ('33', '120115', '301800', '022');
INSERT INTO `zipcode` VALUES ('34', '120221', '301500', '022');
INSERT INTO `zipcode` VALUES ('35', '120223', '301600', '022');
INSERT INTO `zipcode` VALUES ('36', '120225', '301900', '022');
INSERT INTO `zipcode` VALUES ('37', '130101', '050000', '0311');
INSERT INTO `zipcode` VALUES ('38', '130102', '050000', '0311');
INSERT INTO `zipcode` VALUES ('39', '130103', '050000', '0311');
INSERT INTO `zipcode` VALUES ('40', '130104', '050000', '0311');
INSERT INTO `zipcode` VALUES ('41', '130105', '050000', '0311');
INSERT INTO `zipcode` VALUES ('42', '130107', '051000', '0311');
INSERT INTO `zipcode` VALUES ('43', '130108', '050000', '0311');
INSERT INTO `zipcode` VALUES ('44', '130121', '050300', '0311');
INSERT INTO `zipcode` VALUES ('45', '130123', '050800', '0311');
INSERT INTO `zipcode` VALUES ('46', '130124', '051430', '0311');
INSERT INTO `zipcode` VALUES ('47', '130125', '050600', '0311');
INSERT INTO `zipcode` VALUES ('48', '130126', '050500', '0311');
INSERT INTO `zipcode` VALUES ('49', '130127', '051330', '0311');
INSERT INTO `zipcode` VALUES ('50', '130128', '052500', '0311');
INSERT INTO `zipcode` VALUES ('51', '130129', '051230', '0311');
INSERT INTO `zipcode` VALUES ('52', '130130', '052400', '0311');
INSERT INTO `zipcode` VALUES ('53', '130131', '050400', '0311');
INSERT INTO `zipcode` VALUES ('54', '130132', '051130', '0311');
INSERT INTO `zipcode` VALUES ('55', '130133', '051530', '0311');
INSERT INTO `zipcode` VALUES ('56', '130181', '052300', '0311');
INSERT INTO `zipcode` VALUES ('57', '130182', '052160', '0311');
INSERT INTO `zipcode` VALUES ('58', '130183', '052200', '0311');
INSERT INTO `zipcode` VALUES ('59', '130184', '050700', '0311');
INSERT INTO `zipcode` VALUES ('60', '130185', '050200', '0311');
INSERT INTO `zipcode` VALUES ('61', '130201', '063000', '0315');
INSERT INTO `zipcode` VALUES ('62', '130202', '063000', '0315');
INSERT INTO `zipcode` VALUES ('63', '130203', '063000', '0315');
INSERT INTO `zipcode` VALUES ('64', '130204', '063000', '0315');
INSERT INTO `zipcode` VALUES ('65', '130205', '063000', '0315');
INSERT INTO `zipcode` VALUES ('66', '130207', '063300', '0315');
INSERT INTO `zipcode` VALUES ('67', '130208', '063000', '0315');
INSERT INTO `zipcode` VALUES ('68', '130223', '063700', '0315');
INSERT INTO `zipcode` VALUES ('69', '130224', '063500', '0315');
INSERT INTO `zipcode` VALUES ('70', '130225', '063600', '0315');
INSERT INTO `zipcode` VALUES ('71', '130227', '064300', '0315');
INSERT INTO `zipcode` VALUES ('72', '130229', '064100', '0315');
INSERT INTO `zipcode` VALUES ('73', '130230', '063200', '0315');
INSERT INTO `zipcode` VALUES ('74', '130281', '064200', '0315');
INSERT INTO `zipcode` VALUES ('75', '130283', '064400', '0315');
INSERT INTO `zipcode` VALUES ('76', '130301', '066000', '0335');
INSERT INTO `zipcode` VALUES ('77', '130302', '066000', '0335');
INSERT INTO `zipcode` VALUES ('78', '130303', '066200', '0335');
INSERT INTO `zipcode` VALUES ('79', '130304', '066100', '0335');
INSERT INTO `zipcode` VALUES ('80', '130321', '066500', '0335');
INSERT INTO `zipcode` VALUES ('81', '130322', '066600', '0335');
INSERT INTO `zipcode` VALUES ('82', '130323', '066300', '0335');
INSERT INTO `zipcode` VALUES ('83', '130324', '066400', '0335');
INSERT INTO `zipcode` VALUES ('84', '130401', '056000', '0310');
INSERT INTO `zipcode` VALUES ('85', '130402', '056000', '0310');
INSERT INTO `zipcode` VALUES ('86', '130403', '056000', '0310');
INSERT INTO `zipcode` VALUES ('87', '130404', '056000', '0310');
INSERT INTO `zipcode` VALUES ('88', '130406', '056200', '0310');
INSERT INTO `zipcode` VALUES ('89', '130421', '056000', '0310');
INSERT INTO `zipcode` VALUES ('90', '130423', '056600', '0310');
INSERT INTO `zipcode` VALUES ('91', '130424', '056700', '0310');
INSERT INTO `zipcode` VALUES ('92', '130425', '056900', '0310');
INSERT INTO `zipcode` VALUES ('93', '130426', '056400', '0310');
INSERT INTO `zipcode` VALUES ('94', '130427', '056500', '0310');
INSERT INTO `zipcode` VALUES ('95', '130428', '057550', '0310');
INSERT INTO `zipcode` VALUES ('96', '130429', '057150', '0310');
INSERT INTO `zipcode` VALUES ('97', '130430', '057450', '0310');
INSERT INTO `zipcode` VALUES ('98', '130431', '057350', '0310');
INSERT INTO `zipcode` VALUES ('99', '130432', '057650', '0310');
INSERT INTO `zipcode` VALUES ('100', '130433', '057750', '0310');
INSERT INTO `zipcode` VALUES ('101', '130434', '056800', '0310');
INSERT INTO `zipcode` VALUES ('102', '130435', '057250', '0310');
INSERT INTO `zipcode` VALUES ('103', '130481', '056300', '0310');
INSERT INTO `zipcode` VALUES ('104', '130501', '054000', '0319');
INSERT INTO `zipcode` VALUES ('105', '130502', '054000', '0319');
INSERT INTO `zipcode` VALUES ('106', '130503', '054000', '0319');
INSERT INTO `zipcode` VALUES ('107', '130521', '054000', '0319');
INSERT INTO `zipcode` VALUES ('108', '130522', '054300', '0319');
INSERT INTO `zipcode` VALUES ('109', '130523', '054200', '0319');
INSERT INTO `zipcode` VALUES ('110', '130524', '055450', '0319');
INSERT INTO `zipcode` VALUES ('111', '130525', '055350', '0319');
INSERT INTO `zipcode` VALUES ('112', '130526', '055150', '0319');
INSERT INTO `zipcode` VALUES ('113', '130527', '054400', '0319');
INSERT INTO `zipcode` VALUES ('114', '130528', '055550', '0319');
INSERT INTO `zipcode` VALUES ('115', '130529', '055250', '0319');
INSERT INTO `zipcode` VALUES ('116', '130530', '051730', '0319');
INSERT INTO `zipcode` VALUES ('117', '130531', '054600', '0319');
INSERT INTO `zipcode` VALUES ('118', '130532', '054500', '0319');
INSERT INTO `zipcode` VALUES ('119', '130533', '054700', '0319');
INSERT INTO `zipcode` VALUES ('120', '130534', '054800', '0319');
INSERT INTO `zipcode` VALUES ('121', '130535', '054900', '0319');
INSERT INTO `zipcode` VALUES ('122', '130581', '051800', '0319');
INSERT INTO `zipcode` VALUES ('123', '130582', '054100', '0319');
INSERT INTO `zipcode` VALUES ('124', '130601', '071000', '0312');
INSERT INTO `zipcode` VALUES ('125', '130602', '071000', '0312');
INSERT INTO `zipcode` VALUES ('126', '130603', '071000', '0312');
INSERT INTO `zipcode` VALUES ('127', '130604', '071000', '0312');
INSERT INTO `zipcode` VALUES ('128', '130621', '072150', '0312');
INSERT INTO `zipcode` VALUES ('129', '130622', '071100', '0312');
INSERT INTO `zipcode` VALUES ('130', '130623', '074100', '0312');
INSERT INTO `zipcode` VALUES ('131', '130624', '073200', '0312');
INSERT INTO `zipcode` VALUES ('132', '130625', '072550', '0312');
INSERT INTO `zipcode` VALUES ('133', '130626', '072650', '0312');
INSERT INTO `zipcode` VALUES ('134', '130627', '072350', '0312');
INSERT INTO `zipcode` VALUES ('135', '130628', '071500', '0312');
INSERT INTO `zipcode` VALUES ('136', '130629', '071700', '0312');
INSERT INTO `zipcode` VALUES ('137', '130630', '102900', '0312');
INSERT INTO `zipcode` VALUES ('138', '130631', '072450', '0312');
INSERT INTO `zipcode` VALUES ('139', '130632', '071600', '0312');
INSERT INTO `zipcode` VALUES ('140', '130633', '074200', '0312');
INSERT INTO `zipcode` VALUES ('141', '130634', '073100', '0312');
INSERT INTO `zipcode` VALUES ('142', '130635', '071400', '0312');
INSERT INTO `zipcode` VALUES ('143', '130636', '072250', '0312');
INSERT INTO `zipcode` VALUES ('144', '130637', '071300', '0312');
INSERT INTO `zipcode` VALUES ('145', '130638', '071800', '0312');
INSERT INTO `zipcode` VALUES ('146', '130681', '072750', '0312');
INSERT INTO `zipcode` VALUES ('147', '130682', '073000', '0312');
INSERT INTO `zipcode` VALUES ('148', '130683', '071200', '0312');
INSERT INTO `zipcode` VALUES ('149', '130684', '074000', '0312');
INSERT INTO `zipcode` VALUES ('150', '130701', '075000', '0313');
INSERT INTO `zipcode` VALUES ('151', '130702', '075000', '0313');
INSERT INTO `zipcode` VALUES ('152', '130703', '075000', '0313');
INSERT INTO `zipcode` VALUES ('153', '130705', '075000', '0313');
INSERT INTO `zipcode` VALUES ('154', '130706', '075000', '0313');
INSERT INTO `zipcode` VALUES ('155', '130721', '075100', '0313');
INSERT INTO `zipcode` VALUES ('156', '130722', '076450', '0313');
INSERT INTO `zipcode` VALUES ('157', '130723', '076650', '0313');
INSERT INTO `zipcode` VALUES ('158', '130724', '076550', '0313');
INSERT INTO `zipcode` VALUES ('159', '130725', '076750', '0313');
INSERT INTO `zipcode` VALUES ('160', '130726', '075700', '0313');
INSERT INTO `zipcode` VALUES ('161', '130727', '075800', '0313');
INSERT INTO `zipcode` VALUES ('162', '130728', '076150', '0313');
INSERT INTO `zipcode` VALUES ('163', '130729', '076250', '0313');
INSERT INTO `zipcode` VALUES ('164', '130730', '075400', '0313');
INSERT INTO `zipcode` VALUES ('165', '130731', '075600', '0313');
INSERT INTO `zipcode` VALUES ('166', '130732', '075500', '0313');
INSERT INTO `zipcode` VALUES ('167', '130733', '076350', '0313');
INSERT INTO `zipcode` VALUES ('168', '130801', '067000', '0314');
INSERT INTO `zipcode` VALUES ('169', '130802', '067000', '0314');
INSERT INTO `zipcode` VALUES ('170', '130803', '067000', '0314');
INSERT INTO `zipcode` VALUES ('171', '130804', '067200', '0314');
INSERT INTO `zipcode` VALUES ('172', '130821', '067400', '0314');
INSERT INTO `zipcode` VALUES ('173', '130822', '067300', '0314');
INSERT INTO `zipcode` VALUES ('174', '130823', '067500', '0314');
INSERT INTO `zipcode` VALUES ('175', '130824', '068250', '0314');
INSERT INTO `zipcode` VALUES ('176', '130825', '068150', '0314');
INSERT INTO `zipcode` VALUES ('177', '130826', '068350', '0314');
INSERT INTO `zipcode` VALUES ('178', '130827', '067600', '0314');
INSERT INTO `zipcode` VALUES ('179', '130828', '068450', '0314');
INSERT INTO `zipcode` VALUES ('180', '130901', '061000', '0317');
INSERT INTO `zipcode` VALUES ('181', '130902', '061000', '0317');
INSERT INTO `zipcode` VALUES ('182', '130903', '061000', '0317');
INSERT INTO `zipcode` VALUES ('183', '130921', '061000', '0317');
INSERT INTO `zipcode` VALUES ('184', '130922', '062650', '0315');
INSERT INTO `zipcode` VALUES ('185', '130923', '061600', '0317');
INSERT INTO `zipcode` VALUES ('186', '130924', '061200', '0317');
INSERT INTO `zipcode` VALUES ('187', '130925', '061300', '0317');
INSERT INTO `zipcode` VALUES ('188', '130926', '062350', '0317');
INSERT INTO `zipcode` VALUES ('189', '130927', '061500', '0317');
INSERT INTO `zipcode` VALUES ('190', '130928', '061800', '0317');
INSERT INTO `zipcode` VALUES ('191', '130929', '062250', '0317');
INSERT INTO `zipcode` VALUES ('192', '130930', '061400', '0317');
INSERT INTO `zipcode` VALUES ('193', '130981', '062150', '0317');
INSERT INTO `zipcode` VALUES ('194', '130982', '062550', '0317');
INSERT INTO `zipcode` VALUES ('195', '130983', '061100', '0317');
INSERT INTO `zipcode` VALUES ('196', '130984', '062450', '0317');
INSERT INTO `zipcode` VALUES ('197', '131001', '065000', '0316');
INSERT INTO `zipcode` VALUES ('198', '131002', '065000', '0316');
INSERT INTO `zipcode` VALUES ('199', '131003', '065000', '0316');
INSERT INTO `zipcode` VALUES ('200', '131022', '065500', '0316');
INSERT INTO `zipcode` VALUES ('201', '131023', '065600', '0316');
INSERT INTO `zipcode` VALUES ('202', '131024', '065400', '0316');
INSERT INTO `zipcode` VALUES ('203', '131025', '065900', '0316');
INSERT INTO `zipcode` VALUES ('204', '131026', '065800', '0316');
INSERT INTO `zipcode` VALUES ('205', '131028', '065300', '0316');
INSERT INTO `zipcode` VALUES ('206', '131081', '065700', '0316');
INSERT INTO `zipcode` VALUES ('207', '131082', '065200', '0316');
INSERT INTO `zipcode` VALUES ('208', '131101', '053000', '0318');
INSERT INTO `zipcode` VALUES ('209', '131102', '053000', '0318');
INSERT INTO `zipcode` VALUES ('210', '131121', '053100', '0318');
INSERT INTO `zipcode` VALUES ('211', '131122', '053400', '0318');
INSERT INTO `zipcode` VALUES ('212', '131123', '053300', '0318');
INSERT INTO `zipcode` VALUES ('213', '131124', '053900', '0318');
INSERT INTO `zipcode` VALUES ('214', '131125', '053600', '0318');
INSERT INTO `zipcode` VALUES ('215', '131126', '053800', '0318');
INSERT INTO `zipcode` VALUES ('216', '131127', '053500', '0318');
INSERT INTO `zipcode` VALUES ('217', '131128', '053700', '0318');
INSERT INTO `zipcode` VALUES ('218', '131181', '053200', '0318');
INSERT INTO `zipcode` VALUES ('219', '131182', '052800', '0318');
INSERT INTO `zipcode` VALUES ('220', '140101', '030000', '0351');
INSERT INTO `zipcode` VALUES ('221', '140105', '030000', '0351');
INSERT INTO `zipcode` VALUES ('222', '140106', '030000', '0351');
INSERT INTO `zipcode` VALUES ('223', '140107', '030000', '0351');
INSERT INTO `zipcode` VALUES ('224', '140108', '030000', '0351');
INSERT INTO `zipcode` VALUES ('225', '140109', '030000', '0351');
INSERT INTO `zipcode` VALUES ('226', '140110', '030000', '0351');
INSERT INTO `zipcode` VALUES ('227', '140121', '030400', '0351');
INSERT INTO `zipcode` VALUES ('228', '140122', '030100', '0351');
INSERT INTO `zipcode` VALUES ('229', '140123', '030300', '0351');
INSERT INTO `zipcode` VALUES ('230', '140181', '030200', '0351');
INSERT INTO `zipcode` VALUES ('231', '140201', '037000', '0352');
INSERT INTO `zipcode` VALUES ('232', '140202', '037000', '0352');
INSERT INTO `zipcode` VALUES ('233', '140203', '037000', '0352');
INSERT INTO `zipcode` VALUES ('234', '140211', '037000', '0352');
INSERT INTO `zipcode` VALUES ('235', '140212', '037000', '0352');
INSERT INTO `zipcode` VALUES ('236', '140221', '038100', '0352');
INSERT INTO `zipcode` VALUES ('237', '140222', '038200', '0352');
INSERT INTO `zipcode` VALUES ('238', '140223', '037500', '0352');
INSERT INTO `zipcode` VALUES ('239', '140224', '034400', '0352');
INSERT INTO `zipcode` VALUES ('240', '140225', '037400', '0352');
INSERT INTO `zipcode` VALUES ('241', '140226', '037100', '0352');
INSERT INTO `zipcode` VALUES ('242', '140227', '037300', '0352');
INSERT INTO `zipcode` VALUES ('243', '140301', '045000', '0353');
INSERT INTO `zipcode` VALUES ('244', '140302', '045000', '0353');
INSERT INTO `zipcode` VALUES ('245', '140303', '045000', '0353');
INSERT INTO `zipcode` VALUES ('246', '140311', '045000', '0353');
INSERT INTO `zipcode` VALUES ('247', '140321', '045200', '0353');
INSERT INTO `zipcode` VALUES ('248', '140322', '045100', '0353');
INSERT INTO `zipcode` VALUES ('249', '140401', '046000', '0355');
INSERT INTO `zipcode` VALUES ('250', '140402', '046000', '0355');
INSERT INTO `zipcode` VALUES ('251', '140411', '046000', '0355');
INSERT INTO `zipcode` VALUES ('252', '140421', '046000', '0355');
INSERT INTO `zipcode` VALUES ('253', '140423', '046200', '0355');
INSERT INTO `zipcode` VALUES ('254', '140424', '046100', '0355');
INSERT INTO `zipcode` VALUES ('255', '140425', '047400', '0355');
INSERT INTO `zipcode` VALUES ('256', '140426', '047600', '0355');
INSERT INTO `zipcode` VALUES ('257', '140427', '047300', '0355');
INSERT INTO `zipcode` VALUES ('258', '140428', '046600', '0355');
INSERT INTO `zipcode` VALUES ('259', '140429', '046300', '0355');
INSERT INTO `zipcode` VALUES ('260', '140430', '046400', '0355');
INSERT INTO `zipcode` VALUES ('261', '140431', '046500', '0355');
INSERT INTO `zipcode` VALUES ('262', '140481', '047500', '0355');
INSERT INTO `zipcode` VALUES ('263', '140501', '048000', '0356');
INSERT INTO `zipcode` VALUES ('264', '140502', '048000', '0356');
INSERT INTO `zipcode` VALUES ('265', '140521', '048200', '0356');
INSERT INTO `zipcode` VALUES ('266', '140522', '048100', '0356');
INSERT INTO `zipcode` VALUES ('267', '140524', '048300', '0356');
INSERT INTO `zipcode` VALUES ('268', '140525', '048000', '0356');
INSERT INTO `zipcode` VALUES ('269', '140581', '046700', '0356');
INSERT INTO `zipcode` VALUES ('270', '140601', '038500', '0349');
INSERT INTO `zipcode` VALUES ('271', '140602', '038500', '0349');
INSERT INTO `zipcode` VALUES ('272', '140603', '038500', '0349');
INSERT INTO `zipcode` VALUES ('273', '140621', '038400', '0349');
INSERT INTO `zipcode` VALUES ('274', '140622', '037600', '0349');
INSERT INTO `zipcode` VALUES ('275', '140623', '037200', '0349');
INSERT INTO `zipcode` VALUES ('276', '140624', '038300', '0349');
INSERT INTO `zipcode` VALUES ('277', '140701', '030600', '0354');
INSERT INTO `zipcode` VALUES ('278', '140702', '030600', '0354');
INSERT INTO `zipcode` VALUES ('279', '140721', '031800', '0354');
INSERT INTO `zipcode` VALUES ('280', '140722', '032600', '0354');
INSERT INTO `zipcode` VALUES ('281', '140723', '032700', '0354');
INSERT INTO `zipcode` VALUES ('282', '140724', '045300', '0354');
INSERT INTO `zipcode` VALUES ('283', '140725', '031700', '0354');
INSERT INTO `zipcode` VALUES ('284', '140726', '030800', '0354');
INSERT INTO `zipcode` VALUES ('285', '140727', '030900', '0354');
INSERT INTO `zipcode` VALUES ('286', '140728', '031100', '0354');
INSERT INTO `zipcode` VALUES ('287', '140729', '031300', '0354');
INSERT INTO `zipcode` VALUES ('288', '140781', '031200', '0354');
INSERT INTO `zipcode` VALUES ('289', '140801', '044000', '0359');
INSERT INTO `zipcode` VALUES ('290', '140802', '044000', '0359');
INSERT INTO `zipcode` VALUES ('291', '140821', '044100', '0359');
INSERT INTO `zipcode` VALUES ('292', '140822', '044200', '0359');
INSERT INTO `zipcode` VALUES ('293', '140823', '043800', '0359');
INSERT INTO `zipcode` VALUES ('294', '140824', '043200', '0359');
INSERT INTO `zipcode` VALUES ('295', '140825', '043100', '0359');
INSERT INTO `zipcode` VALUES ('296', '140826', '043600', '0359');
INSERT INTO `zipcode` VALUES ('297', '140827', '043700', '0359');
INSERT INTO `zipcode` VALUES ('298', '140828', '044400', '0359');
INSERT INTO `zipcode` VALUES ('299', '140829', '044300', '0359');
INSERT INTO `zipcode` VALUES ('300', '140830', '044600', '0359');
INSERT INTO `zipcode` VALUES ('301', '140881', '044500', '0359');
INSERT INTO `zipcode` VALUES ('302', '140882', '043300', '0359');
INSERT INTO `zipcode` VALUES ('303', '140901', '034000', '0350');
INSERT INTO `zipcode` VALUES ('304', '140902', '034000', '0350');
INSERT INTO `zipcode` VALUES ('305', '140921', '035400', '0350');
INSERT INTO `zipcode` VALUES ('306', '140922', '035500', '0350');
INSERT INTO `zipcode` VALUES ('307', '140923', '034200', '0350');
INSERT INTO `zipcode` VALUES ('308', '140924', '034300', '0350');
INSERT INTO `zipcode` VALUES ('309', '140925', '036000', '0350');
INSERT INTO `zipcode` VALUES ('310', '140926', '035100', '0350');
INSERT INTO `zipcode` VALUES ('311', '140927', '036100', '0350');
INSERT INTO `zipcode` VALUES ('312', '140928', '036200', '0350');
INSERT INTO `zipcode` VALUES ('313', '140929', '036300', '0350');
INSERT INTO `zipcode` VALUES ('314', '140930', '036500', '0350');
INSERT INTO `zipcode` VALUES ('315', '140931', '036600', '0350');
INSERT INTO `zipcode` VALUES ('316', '140932', '036400', '0350');
INSERT INTO `zipcode` VALUES ('317', '140981', '034100', '0350');
INSERT INTO `zipcode` VALUES ('318', '141001', '041000', '0350');
INSERT INTO `zipcode` VALUES ('319', '141002', '041000', '0357');
INSERT INTO `zipcode` VALUES ('320', '141021', '043400', '0357');
INSERT INTO `zipcode` VALUES ('321', '141022', '043500', '0357');
INSERT INTO `zipcode` VALUES ('322', '141023', '041500', '0357');
INSERT INTO `zipcode` VALUES ('323', '141024', '031600', '0357');
INSERT INTO `zipcode` VALUES ('324', '141025', '042400', '0357');
INSERT INTO `zipcode` VALUES ('325', '141026', '042500', '0357');
INSERT INTO `zipcode` VALUES ('326', '141027', '042600', '0357');
INSERT INTO `zipcode` VALUES ('327', '141028', '042200', '0357');
INSERT INTO `zipcode` VALUES ('328', '141029', '042100', '0357');
INSERT INTO `zipcode` VALUES ('329', '141030', '042300', '0357');
INSERT INTO `zipcode` VALUES ('330', '141031', '041300', '0357');
INSERT INTO `zipcode` VALUES ('331', '141032', '041400', '0357');
INSERT INTO `zipcode` VALUES ('332', '141033', '041200', '0357');
INSERT INTO `zipcode` VALUES ('333', '141034', '031500', '0357');
INSERT INTO `zipcode` VALUES ('334', '141081', '043000', '0357');
INSERT INTO `zipcode` VALUES ('335', '141082', '031400', '0357');
INSERT INTO `zipcode` VALUES ('336', '141101', '033000', '0358');
INSERT INTO `zipcode` VALUES ('337', '141102', '033000', '0358');
INSERT INTO `zipcode` VALUES ('338', '141121', '032100', '0358');
INSERT INTO `zipcode` VALUES ('339', '141122', '030500', '0358');
INSERT INTO `zipcode` VALUES ('340', '141123', '035300', '0358');
INSERT INTO `zipcode` VALUES ('341', '141124', '033200', '0358');
INSERT INTO `zipcode` VALUES ('342', '141125', '033300', '0358');
INSERT INTO `zipcode` VALUES ('343', '141126', '032500', '0358');
INSERT INTO `zipcode` VALUES ('344', '141127', '035200', '0358');
INSERT INTO `zipcode` VALUES ('345', '141128', '033100', '0358');
INSERT INTO `zipcode` VALUES ('346', '141129', '033400', '0358');
INSERT INTO `zipcode` VALUES ('347', '141130', '032400', '0358');
INSERT INTO `zipcode` VALUES ('348', '141181', '032300', '0358');
INSERT INTO `zipcode` VALUES ('349', '141182', '032200', '0358');
INSERT INTO `zipcode` VALUES ('350', '150101', '010000', '0471');
INSERT INTO `zipcode` VALUES ('351', '150102', '010000', '0471');
INSERT INTO `zipcode` VALUES ('352', '150103', '010000', '0471');
INSERT INTO `zipcode` VALUES ('353', '150104', '010000', '0471');
INSERT INTO `zipcode` VALUES ('354', '150105', '010000', '0471');
INSERT INTO `zipcode` VALUES ('355', '150121', '010100', '0471');
INSERT INTO `zipcode` VALUES ('356', '150122', '010200', '0471');
INSERT INTO `zipcode` VALUES ('357', '150123', '011500', '0471');
INSERT INTO `zipcode` VALUES ('358', '150124', '011600', '0471');
INSERT INTO `zipcode` VALUES ('359', '150125', '011700', '0471');
INSERT INTO `zipcode` VALUES ('360', '150201', '014000', '0472');
INSERT INTO `zipcode` VALUES ('361', '150202', '014000', '0472');
INSERT INTO `zipcode` VALUES ('362', '150203', '014000', '0472');
INSERT INTO `zipcode` VALUES ('363', '150204', '014000', '0472');
INSERT INTO `zipcode` VALUES ('364', '150205', '014000', '0472');
INSERT INTO `zipcode` VALUES ('365', '150206', '014000', '0472');
INSERT INTO `zipcode` VALUES ('366', '150207', '014000', '0472');
INSERT INTO `zipcode` VALUES ('367', '150221', '014100', '0472');
INSERT INTO `zipcode` VALUES ('368', '150222', '014200', '0472');
INSERT INTO `zipcode` VALUES ('369', '150223', '014500', '0472');
INSERT INTO `zipcode` VALUES ('370', '150301', '016000', '0473');
INSERT INTO `zipcode` VALUES ('371', '150302', '016000', '0473');
INSERT INTO `zipcode` VALUES ('372', '150303', '016000', '0473');
INSERT INTO `zipcode` VALUES ('373', '150304', '016000', '0473');
INSERT INTO `zipcode` VALUES ('374', '150401', '024000', '0476');
INSERT INTO `zipcode` VALUES ('375', '150402', '024000', '0476');
INSERT INTO `zipcode` VALUES ('376', '150403', '024000', '0476');
INSERT INTO `zipcode` VALUES ('377', '150404', '024000', '0476');
INSERT INTO `zipcode` VALUES ('378', '150421', '025500', '0476');
INSERT INTO `zipcode` VALUES ('379', '150422', '025450', '0476');
INSERT INTO `zipcode` VALUES ('380', '150423', '025150', '0476');
INSERT INTO `zipcode` VALUES ('381', '150424', '025250', '0476');
INSERT INTO `zipcode` VALUES ('382', '150425', '025350', '0476');
INSERT INTO `zipcode` VALUES ('383', '150426', '024500', '0476');
INSERT INTO `zipcode` VALUES ('384', '150428', '024400', '0476');
INSERT INTO `zipcode` VALUES ('385', '150429', '024200', '0476');
INSERT INTO `zipcode` VALUES ('386', '150430', '024300', '0476');
INSERT INTO `zipcode` VALUES ('387', '150501', '028000', '0475');
INSERT INTO `zipcode` VALUES ('388', '150502', '028000', '0475');
INSERT INTO `zipcode` VALUES ('389', '150521', '029300', '0475');
INSERT INTO `zipcode` VALUES ('390', '150522', '028100', '0475');
INSERT INTO `zipcode` VALUES ('391', '150523', '028400', '0475');
INSERT INTO `zipcode` VALUES ('392', '150524', '028200', '0475');
INSERT INTO `zipcode` VALUES ('393', '150525', '028300', '0475');
INSERT INTO `zipcode` VALUES ('394', '150526', '029100', '0475');
INSERT INTO `zipcode` VALUES ('395', '150581', '029200', '0475');
INSERT INTO `zipcode` VALUES ('396', '150602', '017000', '0477');
INSERT INTO `zipcode` VALUES ('397', '150621', '017000', '0477');
INSERT INTO `zipcode` VALUES ('398', '150622', '017100', '0477');
INSERT INTO `zipcode` VALUES ('399', '150623', '016200', '0477');
INSERT INTO `zipcode` VALUES ('400', '150624', '016100', '0477');
INSERT INTO `zipcode` VALUES ('401', '150625', '017400', '0477');
INSERT INTO `zipcode` VALUES ('402', '150626', '017300', '0477');
INSERT INTO `zipcode` VALUES ('403', '150627', '017200', '0477');
INSERT INTO `zipcode` VALUES ('404', '150701', '021000', '0470');
INSERT INTO `zipcode` VALUES ('405', '150702', '021000', '0470');
INSERT INTO `zipcode` VALUES ('406', '150721', '162750', '0470');
INSERT INTO `zipcode` VALUES ('407', '150722', '162850', '0470');
INSERT INTO `zipcode` VALUES ('408', '150723', '022450', '0470');
INSERT INTO `zipcode` VALUES ('409', '150724', '021100', '0470');
INSERT INTO `zipcode` VALUES ('410', '150725', '021500', '0470');
INSERT INTO `zipcode` VALUES ('411', '150726', '021200', '0470');
INSERT INTO `zipcode` VALUES ('412', '150727', '021300', '0470');
INSERT INTO `zipcode` VALUES ('413', '150781', '021400', '0470');
INSERT INTO `zipcode` VALUES ('414', '150782', '022150', '0470');
INSERT INTO `zipcode` VALUES ('415', '150783', '162650', '0470');
INSERT INTO `zipcode` VALUES ('416', '150784', '022250', '0470');
INSERT INTO `zipcode` VALUES ('417', '150785', '022350', '0470');
INSERT INTO `zipcode` VALUES ('418', '150801', '015000', '0478');
INSERT INTO `zipcode` VALUES ('419', '150802', '015000', '0478');
INSERT INTO `zipcode` VALUES ('420', '150821', '015100', '0478');
INSERT INTO `zipcode` VALUES ('421', '150822', '015200', '0478');
INSERT INTO `zipcode` VALUES ('422', '150823', '014400', '0478');
INSERT INTO `zipcode` VALUES ('423', '150824', '015300', '0478');
INSERT INTO `zipcode` VALUES ('424', '150825', '015500', '0478');
INSERT INTO `zipcode` VALUES ('425', '150826', '015400', '0478');
INSERT INTO `zipcode` VALUES ('426', '150901', '012000', '0474');
INSERT INTO `zipcode` VALUES ('427', '150902', '012000', '0474');
INSERT INTO `zipcode` VALUES ('428', '150921', '012300', '0474');
INSERT INTO `zipcode` VALUES ('429', '150922', '013350', '0474');
INSERT INTO `zipcode` VALUES ('430', '150923', '013400', '0474');
INSERT INTO `zipcode` VALUES ('431', '150924', '013650', '0474');
INSERT INTO `zipcode` VALUES ('432', '150925', '013750', '0474');
INSERT INTO `zipcode` VALUES ('433', '150926', '012200', '0474');
INSERT INTO `zipcode` VALUES ('434', '150927', '013500', '0474');
INSERT INTO `zipcode` VALUES ('435', '150928', '012400', '0474');
INSERT INTO `zipcode` VALUES ('436', '150929', '011800', '0474');
INSERT INTO `zipcode` VALUES ('437', '150981', '012100', '0474');
INSERT INTO `zipcode` VALUES ('438', '152201', '137400', '0482');
INSERT INTO `zipcode` VALUES ('439', '152202', '137400', '0482');
INSERT INTO `zipcode` VALUES ('440', '152221', '137400', '0482');
INSERT INTO `zipcode` VALUES ('441', '152222', '029400', '0482');
INSERT INTO `zipcode` VALUES ('442', '152223', '137600', '0482');
INSERT INTO `zipcode` VALUES ('443', '152224', '137500', '0482');
INSERT INTO `zipcode` VALUES ('444', '152501', '012600', '0479');
INSERT INTO `zipcode` VALUES ('445', '152502', '026000', '0479');
INSERT INTO `zipcode` VALUES ('446', '152522', '011400', '0479');
INSERT INTO `zipcode` VALUES ('447', '152523', '011300', '0479');
INSERT INTO `zipcode` VALUES ('448', '152524', '011200', '0479');
INSERT INTO `zipcode` VALUES ('449', '152525', '026300', '0479');
INSERT INTO `zipcode` VALUES ('450', '152526', '026200', '0479');
INSERT INTO `zipcode` VALUES ('451', '152527', '027000', '0479');
INSERT INTO `zipcode` VALUES ('452', '152528', '013250', '0479');
INSERT INTO `zipcode` VALUES ('453', '152529', '013800', '0479');
INSERT INTO `zipcode` VALUES ('454', '152530', '027200', '0479');
INSERT INTO `zipcode` VALUES ('455', '152531', '027300', '0479');
INSERT INTO `zipcode` VALUES ('456', '152921', '750300', '0483');
INSERT INTO `zipcode` VALUES ('457', '152922', '737300', '0483');
INSERT INTO `zipcode` VALUES ('458', '152923', '735400', '0483');
INSERT INTO `zipcode` VALUES ('459', '210101', '110000', '024');
INSERT INTO `zipcode` VALUES ('460', '210102', '110000', '024');
INSERT INTO `zipcode` VALUES ('461', '210103', '110000', '024');
INSERT INTO `zipcode` VALUES ('462', '210104', '110000', '024');
INSERT INTO `zipcode` VALUES ('463', '210105', '110000', '024');
INSERT INTO `zipcode` VALUES ('464', '210106', '110020', '024');
INSERT INTO `zipcode` VALUES ('465', '210111', '110100', '024');
INSERT INTO `zipcode` VALUES ('466', '210112', '110000', '024');
INSERT INTO `zipcode` VALUES ('467', '210113', '110000', '024');
INSERT INTO `zipcode` VALUES ('468', '210114', '110000', '024');
INSERT INTO `zipcode` VALUES ('469', '210122', '110200', '024');
INSERT INTO `zipcode` VALUES ('470', '210123', '110500', '024');
INSERT INTO `zipcode` VALUES ('471', '210124', '110400', '024');
INSERT INTO `zipcode` VALUES ('472', '210181', '110300', '024');
INSERT INTO `zipcode` VALUES ('473', '210201', '116000', '0411');
INSERT INTO `zipcode` VALUES ('474', '210202', '116000', '0411');
INSERT INTO `zipcode` VALUES ('475', '210203', '116000', '0411');
INSERT INTO `zipcode` VALUES ('476', '210204', '116000', '0411');
INSERT INTO `zipcode` VALUES ('477', '210211', '116000', '0411');
INSERT INTO `zipcode` VALUES ('478', '210212', '116000', '0411');
INSERT INTO `zipcode` VALUES ('479', '210213', '116000', '0411');
INSERT INTO `zipcode` VALUES ('480', '210224', '116500', '0411');
INSERT INTO `zipcode` VALUES ('481', '210281', '116300', '0411');
INSERT INTO `zipcode` VALUES ('482', '210282', '116200', '0411');
INSERT INTO `zipcode` VALUES ('483', '210283', '116400', '0411');
INSERT INTO `zipcode` VALUES ('484', '210301', '114000', '0412');
INSERT INTO `zipcode` VALUES ('485', '210302', '114000', '0412');
INSERT INTO `zipcode` VALUES ('486', '210303', '114000', '0412');
INSERT INTO `zipcode` VALUES ('487', '210304', '114000', '0412');
INSERT INTO `zipcode` VALUES ('488', '210311', '114000', '0412');
INSERT INTO `zipcode` VALUES ('489', '210321', '114100', '0412');
INSERT INTO `zipcode` VALUES ('490', '210323', '118400', '0412');
INSERT INTO `zipcode` VALUES ('491', '210381', '114200', '0412');
INSERT INTO `zipcode` VALUES ('492', '210401', '113000', '0413');
INSERT INTO `zipcode` VALUES ('493', '210402', '113000', '0413');
INSERT INTO `zipcode` VALUES ('494', '210403', '113000', '0413');
INSERT INTO `zipcode` VALUES ('495', '210404', '113000', '0413');
INSERT INTO `zipcode` VALUES ('496', '210411', '113000', '0413');
INSERT INTO `zipcode` VALUES ('497', '210421', '113100', '0413');
INSERT INTO `zipcode` VALUES ('498', '210422', '113200', '0413');
INSERT INTO `zipcode` VALUES ('499', '210423', '113300', '0413');
INSERT INTO `zipcode` VALUES ('500', '210501', '117000', '0414');
INSERT INTO `zipcode` VALUES ('501', '210502', '117000', '0414');
INSERT INTO `zipcode` VALUES ('502', '210503', '117000', '0414');
INSERT INTO `zipcode` VALUES ('503', '210504', '117000', '0414');
INSERT INTO `zipcode` VALUES ('504', '210505', '117000', '0414');
INSERT INTO `zipcode` VALUES ('505', '210521', '117100', '0414');
INSERT INTO `zipcode` VALUES ('506', '210522', '117200', '0414');
INSERT INTO `zipcode` VALUES ('507', '210601', '118000', '0415');
INSERT INTO `zipcode` VALUES ('508', '210602', '118000', '0415');
INSERT INTO `zipcode` VALUES ('509', '210603', '118000', '0415');
INSERT INTO `zipcode` VALUES ('510', '210604', '118000', '0415');
INSERT INTO `zipcode` VALUES ('511', '210624', '118200', '0415');
INSERT INTO `zipcode` VALUES ('512', '210681', '118300', '0415');
INSERT INTO `zipcode` VALUES ('513', '210682', '118100', '0415');
INSERT INTO `zipcode` VALUES ('514', '210701', '121000', '0416');
INSERT INTO `zipcode` VALUES ('515', '210702', '121000', '0416');
INSERT INTO `zipcode` VALUES ('516', '210703', '121000', '0416');
INSERT INTO `zipcode` VALUES ('517', '210711', '121000', '0416');
INSERT INTO `zipcode` VALUES ('518', '210726', '121400', '0416');
INSERT INTO `zipcode` VALUES ('519', '210727', '121100', '0416');
INSERT INTO `zipcode` VALUES ('520', '210781', '121200', '0416');
INSERT INTO `zipcode` VALUES ('521', '210782', '121300', '0416');
INSERT INTO `zipcode` VALUES ('522', '210801', '115000', '0417');
INSERT INTO `zipcode` VALUES ('523', '210802', '115000', '0417');
INSERT INTO `zipcode` VALUES ('524', '210803', '115000', '0417');
INSERT INTO `zipcode` VALUES ('525', '210804', '115000', '0417');
INSERT INTO `zipcode` VALUES ('526', '210811', '115000', '0417');
INSERT INTO `zipcode` VALUES ('527', '210881', '115200', '0417');
INSERT INTO `zipcode` VALUES ('528', '210882', '115100', '0417');
INSERT INTO `zipcode` VALUES ('529', '210901', '123000', '0418');
INSERT INTO `zipcode` VALUES ('530', '210902', '123000', '0418');
INSERT INTO `zipcode` VALUES ('531', '210903', '123000', '0418');
INSERT INTO `zipcode` VALUES ('532', '210904', '123000', '0418');
INSERT INTO `zipcode` VALUES ('533', '210905', '123000', '0418');
INSERT INTO `zipcode` VALUES ('534', '210911', '123000', '0418');
INSERT INTO `zipcode` VALUES ('535', '210921', '123100', '0418');
INSERT INTO `zipcode` VALUES ('536', '210922', '123200', '0418');
INSERT INTO `zipcode` VALUES ('537', '211001', '111000', '0419');
INSERT INTO `zipcode` VALUES ('538', '211002', '111000', '0419');
INSERT INTO `zipcode` VALUES ('539', '211003', '111000', '0419');
INSERT INTO `zipcode` VALUES ('540', '211004', '111000', '0419');
INSERT INTO `zipcode` VALUES ('541', '211005', '111000', '0419');
INSERT INTO `zipcode` VALUES ('542', '211011', '111000', '0419');
INSERT INTO `zipcode` VALUES ('543', '211021', '111200', '0419');
INSERT INTO `zipcode` VALUES ('544', '211081', '111300', '0419');
INSERT INTO `zipcode` VALUES ('545', '211101', '124000', '0427');
INSERT INTO `zipcode` VALUES ('546', '211102', '124000', '0427');
INSERT INTO `zipcode` VALUES ('547', '211103', '124000', '0427');
INSERT INTO `zipcode` VALUES ('548', '211121', '124200', '0427');
INSERT INTO `zipcode` VALUES ('549', '211122', '124100', '0427');
INSERT INTO `zipcode` VALUES ('550', '211201', '112000', '0410');
INSERT INTO `zipcode` VALUES ('551', '211202', '112000', '0410');
INSERT INTO `zipcode` VALUES ('552', '211204', '112000', '0410');
INSERT INTO `zipcode` VALUES ('553', '211221', '112600', '0410');
INSERT INTO `zipcode` VALUES ('554', '211223', '112400', '0410');
INSERT INTO `zipcode` VALUES ('555', '211224', '112500', '0410');
INSERT INTO `zipcode` VALUES ('556', '211281', '112700', '0410');
INSERT INTO `zipcode` VALUES ('557', '211282', '112300', '0410');
INSERT INTO `zipcode` VALUES ('558', '211301', '122000', '0421');
INSERT INTO `zipcode` VALUES ('559', '211302', '122000', '0421');
INSERT INTO `zipcode` VALUES ('560', '211303', '122000', '0421');
INSERT INTO `zipcode` VALUES ('561', '211321', '122000', '0421');
INSERT INTO `zipcode` VALUES ('562', '211322', '122400', '0421');
INSERT INTO `zipcode` VALUES ('563', '211324', '122300', '0421');
INSERT INTO `zipcode` VALUES ('564', '211381', '122100', '0421');
INSERT INTO `zipcode` VALUES ('565', '211382', '122500', '0421');
INSERT INTO `zipcode` VALUES ('566', '211401', '125000', '0429');
INSERT INTO `zipcode` VALUES ('567', '211402', '125000', '0429');
INSERT INTO `zipcode` VALUES ('568', '211403', '125000', '0429');
INSERT INTO `zipcode` VALUES ('569', '211404', '125000', '0429');
INSERT INTO `zipcode` VALUES ('570', '211421', '125200', '0429');
INSERT INTO `zipcode` VALUES ('571', '211422', '125300', '0429');
INSERT INTO `zipcode` VALUES ('572', '211481', '125100', '0429');
INSERT INTO `zipcode` VALUES ('573', '220101', '130000', '0431');
INSERT INTO `zipcode` VALUES ('574', '220102', '130000', '0431');
INSERT INTO `zipcode` VALUES ('575', '220103', '130000', '0431');
INSERT INTO `zipcode` VALUES ('576', '220104', '130000', '0431');
INSERT INTO `zipcode` VALUES ('577', '220105', '130000', '0431');
INSERT INTO `zipcode` VALUES ('578', '220106', '130000', '0431');
INSERT INTO `zipcode` VALUES ('579', '220112', '130600', '0431');
INSERT INTO `zipcode` VALUES ('580', '220122', '130200', '0431');
INSERT INTO `zipcode` VALUES ('581', '220181', '130500', '0431');
INSERT INTO `zipcode` VALUES ('582', '220182', '130400', '0431');
INSERT INTO `zipcode` VALUES ('583', '220183', '130300', '0431');
INSERT INTO `zipcode` VALUES ('584', '220201', '132000', '0432');
INSERT INTO `zipcode` VALUES ('585', '220202', '132000', '0432');
INSERT INTO `zipcode` VALUES ('586', '220203', '132000', '0432');
INSERT INTO `zipcode` VALUES ('587', '220204', '132000', '0432');
INSERT INTO `zipcode` VALUES ('588', '220211', '132000', '0432');
INSERT INTO `zipcode` VALUES ('589', '220221', '132100', '0432');
INSERT INTO `zipcode` VALUES ('590', '220281', '132500', '0432');
INSERT INTO `zipcode` VALUES ('591', '220282', '132400', '0432');
INSERT INTO `zipcode` VALUES ('592', '220283', '132600', '0432');
INSERT INTO `zipcode` VALUES ('593', '220284', '132300', '0432');
INSERT INTO `zipcode` VALUES ('594', '220301', '136000', '0434');
INSERT INTO `zipcode` VALUES ('595', '220302', '136000', '0434');
INSERT INTO `zipcode` VALUES ('596', '220303', '136000', '0434');
INSERT INTO `zipcode` VALUES ('597', '220322', '136500', '0434');
INSERT INTO `zipcode` VALUES ('598', '220323', '130700', '0434');
INSERT INTO `zipcode` VALUES ('599', '220381', '136100', '0434');
INSERT INTO `zipcode` VALUES ('600', '220382', '136400', '0434');
INSERT INTO `zipcode` VALUES ('601', '220401', '136200', '0437');
INSERT INTO `zipcode` VALUES ('602', '220402', '136200', '0437');
INSERT INTO `zipcode` VALUES ('603', '220403', '136200', '0437');
INSERT INTO `zipcode` VALUES ('604', '220421', '136300', '0437');
INSERT INTO `zipcode` VALUES ('605', '220422', '136600', '0437');
INSERT INTO `zipcode` VALUES ('606', '220501', '134000', '0435');
INSERT INTO `zipcode` VALUES ('607', '220502', '134000', '0435');
INSERT INTO `zipcode` VALUES ('608', '220503', '134000', '0435');
INSERT INTO `zipcode` VALUES ('609', '220521', '134100', '0435');
INSERT INTO `zipcode` VALUES ('610', '220523', '135100', '0448');
INSERT INTO `zipcode` VALUES ('611', '220524', '135300', '0448');
INSERT INTO `zipcode` VALUES ('612', '220581', '135000', '0448');
INSERT INTO `zipcode` VALUES ('613', '220582', '134200', '0435');
INSERT INTO `zipcode` VALUES ('614', '220601', '134300', '0439');
INSERT INTO `zipcode` VALUES ('615', '220602', '134300', '0439');
INSERT INTO `zipcode` VALUES ('616', '220621', '134500', '0439');
INSERT INTO `zipcode` VALUES ('617', '220622', '135200', '0439');
INSERT INTO `zipcode` VALUES ('618', '220623', '134400', '0439');
INSERT INTO `zipcode` VALUES ('619', '220625', '134700', '0439');
INSERT INTO `zipcode` VALUES ('620', '220681', '134600', '0439');
INSERT INTO `zipcode` VALUES ('621', '220701', '138000', '0438');
INSERT INTO `zipcode` VALUES ('622', '220702', '138000', '0438');
INSERT INTO `zipcode` VALUES ('623', '220721', '131100', '0438');
INSERT INTO `zipcode` VALUES ('624', '220722', '131500', '0438');
INSERT INTO `zipcode` VALUES ('625', '220723', '131400', '0438');
INSERT INTO `zipcode` VALUES ('626', '220724', '131200', '0438');
INSERT INTO `zipcode` VALUES ('627', '220801', '137000', '0436');
INSERT INTO `zipcode` VALUES ('628', '220802', '137000', '0436');
INSERT INTO `zipcode` VALUES ('629', '220821', '137300', '0436');
INSERT INTO `zipcode` VALUES ('630', '220822', '137200', '0436');
INSERT INTO `zipcode` VALUES ('631', '220881', '137100', '0436');
INSERT INTO `zipcode` VALUES ('632', '220882', '131300', '0436');
INSERT INTO `zipcode` VALUES ('633', '222401', '133000', '0043');
INSERT INTO `zipcode` VALUES ('634', '222402', '133100', '0043');
INSERT INTO `zipcode` VALUES ('635', '222403', '133700', '0043');
INSERT INTO `zipcode` VALUES ('636', '222404', '133300', '0043');
INSERT INTO `zipcode` VALUES ('637', '222405', '133400', '0043');
INSERT INTO `zipcode` VALUES ('638', '222406', '133500', '0043');
INSERT INTO `zipcode` VALUES ('639', '222424', '133200', '0043');
INSERT INTO `zipcode` VALUES ('640', '222426', '133600', '0043');
INSERT INTO `zipcode` VALUES ('641', '230101', '150000', '0451');
INSERT INTO `zipcode` VALUES ('642', '230102', '150000', '0451');
INSERT INTO `zipcode` VALUES ('643', '230103', '150000', '0451');
INSERT INTO `zipcode` VALUES ('644', '230104', '150000', '0451');
INSERT INTO `zipcode` VALUES ('645', '230106', '150000', '0451');
INSERT INTO `zipcode` VALUES ('646', '230107', '150000', '0451');
INSERT INTO `zipcode` VALUES ('647', '230108', '150000', '0451');
INSERT INTO `zipcode` VALUES ('648', '230109', '150000', '0451');
INSERT INTO `zipcode` VALUES ('649', '230111', '150500', '0451');
INSERT INTO `zipcode` VALUES ('650', '230123', '154800', '0451');
INSERT INTO `zipcode` VALUES ('651', '230124', '150800', '0451');
INSERT INTO `zipcode` VALUES ('652', '230125', '150400', '0451');
INSERT INTO `zipcode` VALUES ('653', '230126', '151800', '0451');
INSERT INTO `zipcode` VALUES ('654', '230127', '151900', '0451');
INSERT INTO `zipcode` VALUES ('655', '230128', '150900', '0451');
INSERT INTO `zipcode` VALUES ('656', '230129', '150700', '0451');
INSERT INTO `zipcode` VALUES ('657', '230181', '150300', '0451');
INSERT INTO `zipcode` VALUES ('658', '230182', '150100', '0451');
INSERT INTO `zipcode` VALUES ('659', '230183', '150600', '0451');
INSERT INTO `zipcode` VALUES ('660', '230184', '150200', '0451');
INSERT INTO `zipcode` VALUES ('661', '230201', '161000', '0452');
INSERT INTO `zipcode` VALUES ('662', '230202', '161000', '0452');
INSERT INTO `zipcode` VALUES ('663', '230203', '161000', '0452');
INSERT INTO `zipcode` VALUES ('664', '230204', '161000', '0452');
INSERT INTO `zipcode` VALUES ('665', '230205', '161000', '0452');
INSERT INTO `zipcode` VALUES ('666', '230206', '161000', '0452');
INSERT INTO `zipcode` VALUES ('667', '230207', '161000', '0452');
INSERT INTO `zipcode` VALUES ('668', '230208', '161000', '0452');
INSERT INTO `zipcode` VALUES ('669', '230221', '161100', '0452');
INSERT INTO `zipcode` VALUES ('670', '230223', '161500', '0452');
INSERT INTO `zipcode` VALUES ('671', '230224', '162400', '0452');
INSERT INTO `zipcode` VALUES ('672', '230225', '162100', '0452');
INSERT INTO `zipcode` VALUES ('673', '230227', '161200', '0452');
INSERT INTO `zipcode` VALUES ('674', '230229', '161600', '0452');
INSERT INTO `zipcode` VALUES ('675', '230230', '164800', '0452');
INSERT INTO `zipcode` VALUES ('676', '230231', '164700', '0452');
INSERT INTO `zipcode` VALUES ('677', '230281', '161300', '0452');
INSERT INTO `zipcode` VALUES ('678', '230301', '158100', '0467');
INSERT INTO `zipcode` VALUES ('679', '230302', '158100', '0467');
INSERT INTO `zipcode` VALUES ('680', '230303', '158100', '0467');
INSERT INTO `zipcode` VALUES ('681', '230304', '158100', '0467');
INSERT INTO `zipcode` VALUES ('682', '230305', '158100', '0467');
INSERT INTO `zipcode` VALUES ('683', '230306', '158100', '0467');
INSERT INTO `zipcode` VALUES ('684', '230307', '158100', '0467');
INSERT INTO `zipcode` VALUES ('685', '230321', '158200', '0467');
INSERT INTO `zipcode` VALUES ('686', '230381', '158400', '0467');
INSERT INTO `zipcode` VALUES ('687', '230382', '158300', '0467');
INSERT INTO `zipcode` VALUES ('688', '230401', '154000', '0454');
INSERT INTO `zipcode` VALUES ('689', '230402', '154000', '0468');
INSERT INTO `zipcode` VALUES ('690', '230403', '154100', '0468');
INSERT INTO `zipcode` VALUES ('691', '230404', '154100', '0468');
INSERT INTO `zipcode` VALUES ('692', '230405', '154100', '0468');
INSERT INTO `zipcode` VALUES ('693', '230406', '154100', '0468');
INSERT INTO `zipcode` VALUES ('694', '230407', '154100', '0468');
INSERT INTO `zipcode` VALUES ('695', '230421', '154200', '0468');
INSERT INTO `zipcode` VALUES ('696', '230422', '156200', '0468');
INSERT INTO `zipcode` VALUES ('697', '230501', '155100', '0469');
INSERT INTO `zipcode` VALUES ('698', '230502', '155100', '0469');
INSERT INTO `zipcode` VALUES ('699', '230503', '155100', '0469');
INSERT INTO `zipcode` VALUES ('700', '230505', '155100', '0469');
INSERT INTO `zipcode` VALUES ('701', '230506', '155100', '0469');
INSERT INTO `zipcode` VALUES ('702', '230521', '155900', '0469');
INSERT INTO `zipcode` VALUES ('703', '230522', '155800', '0469');
INSERT INTO `zipcode` VALUES ('704', '230523', '155600', '0469');
INSERT INTO `zipcode` VALUES ('705', '230524', '155700', '0469');
INSERT INTO `zipcode` VALUES ('706', '230601', '163000', '0459');
INSERT INTO `zipcode` VALUES ('707', '230602', '163000', '0459');
INSERT INTO `zipcode` VALUES ('708', '230603', '163000', '0459');
INSERT INTO `zipcode` VALUES ('709', '230604', '163000', '0459');
INSERT INTO `zipcode` VALUES ('710', '230605', '163000', '0459');
INSERT INTO `zipcode` VALUES ('711', '230606', '163000', '0459');
INSERT INTO `zipcode` VALUES ('712', '230621', '166400', '0459');
INSERT INTO `zipcode` VALUES ('713', '230622', '166500', '0459');
INSERT INTO `zipcode` VALUES ('714', '230623', '166300', '0459');
INSERT INTO `zipcode` VALUES ('715', '230624', '166200', '0459');
INSERT INTO `zipcode` VALUES ('716', '230701', '153000', '0458');
INSERT INTO `zipcode` VALUES ('717', '230702', '153000', '0458');
INSERT INTO `zipcode` VALUES ('718', '230703', '153000', '0458');
INSERT INTO `zipcode` VALUES ('719', '230704', '153000', '0458');
INSERT INTO `zipcode` VALUES ('720', '230705', '153000', '0458');
INSERT INTO `zipcode` VALUES ('721', '230706', '153000', '0458');
INSERT INTO `zipcode` VALUES ('722', '230707', '153000', '0458');
INSERT INTO `zipcode` VALUES ('723', '230708', '153000', '0458');
INSERT INTO `zipcode` VALUES ('724', '230709', '153000', '0458');
INSERT INTO `zipcode` VALUES ('725', '230710', '153000', '0458');
INSERT INTO `zipcode` VALUES ('726', '230711', '153000', '0458');
INSERT INTO `zipcode` VALUES ('727', '230712', '153000', '0458');
INSERT INTO `zipcode` VALUES ('728', '230713', '153000', '0458');
INSERT INTO `zipcode` VALUES ('729', '230714', '153000', '0458');
INSERT INTO `zipcode` VALUES ('730', '230715', '153000', '0458');
INSERT INTO `zipcode` VALUES ('731', '230716', '153000', '0458');
INSERT INTO `zipcode` VALUES ('732', '230722', '153200', '0458');
INSERT INTO `zipcode` VALUES ('733', '230781', '152500', '0458');
INSERT INTO `zipcode` VALUES ('734', '230801', '154000', '0454');
INSERT INTO `zipcode` VALUES ('735', '230802', '154000', '0454');
INSERT INTO `zipcode` VALUES ('736', '230803', '154000', '0454');
INSERT INTO `zipcode` VALUES ('737', '230804', '154000', '0454');
INSERT INTO `zipcode` VALUES ('738', '230805', '154000', '0454');
INSERT INTO `zipcode` VALUES ('739', '230811', '154000', '0454');
INSERT INTO `zipcode` VALUES ('740', '230822', '154400', '0454');
INSERT INTO `zipcode` VALUES ('741', '230826', '154300', '0454');
INSERT INTO `zipcode` VALUES ('742', '230828', '154700', '0454');
INSERT INTO `zipcode` VALUES ('743', '230833', '156500', '0454');
INSERT INTO `zipcode` VALUES ('744', '230881', '156400', '0454');
INSERT INTO `zipcode` VALUES ('745', '230882', '156100', '0454');
INSERT INTO `zipcode` VALUES ('746', '230901', '154600', '0464');
INSERT INTO `zipcode` VALUES ('747', '230902', '154600', '0464');
INSERT INTO `zipcode` VALUES ('748', '230903', '154600', '0464');
INSERT INTO `zipcode` VALUES ('749', '230904', '154600', '0464');
INSERT INTO `zipcode` VALUES ('750', '230921', '154500', '0464');
INSERT INTO `zipcode` VALUES ('751', '231001', '157000', '0453');
INSERT INTO `zipcode` VALUES ('752', '231002', '157000', '0453');
INSERT INTO `zipcode` VALUES ('753', '231003', '157000', '0453');
INSERT INTO `zipcode` VALUES ('754', '231004', '157000', '0453');
INSERT INTO `zipcode` VALUES ('755', '231005', '157000', '0453');
INSERT INTO `zipcode` VALUES ('756', '231024', '157200', '0453');
INSERT INTO `zipcode` VALUES ('757', '231025', '157600', '0453');
INSERT INTO `zipcode` VALUES ('758', '231081', '157300', '0453');
INSERT INTO `zipcode` VALUES ('759', '231083', '157100', '0453');
INSERT INTO `zipcode` VALUES ('760', '231084', '157400', '0453');
INSERT INTO `zipcode` VALUES ('761', '231085', '157500', '0453');
INSERT INTO `zipcode` VALUES ('762', '231101', '164300', '0456');
INSERT INTO `zipcode` VALUES ('763', '231102', '164300', '0456');
INSERT INTO `zipcode` VALUES ('764', '231121', '161400', '0456');
INSERT INTO `zipcode` VALUES ('765', '231123', '164400', '0456');
INSERT INTO `zipcode` VALUES ('766', '231124', '164200', '0456');
INSERT INTO `zipcode` VALUES ('767', '231181', '164000', '0456');
INSERT INTO `zipcode` VALUES ('768', '231182', '164100', '0456');
INSERT INTO `zipcode` VALUES ('769', '231201', '152000', '0455');
INSERT INTO `zipcode` VALUES ('770', '231202', '152000', '0455');
INSERT INTO `zipcode` VALUES ('771', '231221', '152100', '0455');
INSERT INTO `zipcode` VALUES ('772', '231222', '151500', '0455');
INSERT INTO `zipcode` VALUES ('773', '231223', '151600', '0455');
INSERT INTO `zipcode` VALUES ('774', '231224', '152400', '0455');
INSERT INTO `zipcode` VALUES ('775', '231225', '151700', '0455');
INSERT INTO `zipcode` VALUES ('776', '231226', '152200', '0455');
INSERT INTO `zipcode` VALUES ('777', '231281', '151400', '0455');
INSERT INTO `zipcode` VALUES ('778', '231282', '151100', '0455');
INSERT INTO `zipcode` VALUES ('779', '231283', '152300', '0455');
INSERT INTO `zipcode` VALUES ('780', '232721', '165100', '0457');
INSERT INTO `zipcode` VALUES ('781', '232722', '165200', '0457');
INSERT INTO `zipcode` VALUES ('782', '232723', '165300', '0457');
INSERT INTO `zipcode` VALUES ('783', '310101', '200000', '021');
INSERT INTO `zipcode` VALUES ('784', '310103', '200000', '021');
INSERT INTO `zipcode` VALUES ('785', '310104', '200000', '021');
INSERT INTO `zipcode` VALUES ('786', '310105', '200000', '021');
INSERT INTO `zipcode` VALUES ('787', '310106', '200000', '021');
INSERT INTO `zipcode` VALUES ('788', '310107', '200000', '021');
INSERT INTO `zipcode` VALUES ('789', '310108', '200000', '021');
INSERT INTO `zipcode` VALUES ('790', '310109', '200000', '021');
INSERT INTO `zipcode` VALUES ('791', '310110', '200000', '021');
INSERT INTO `zipcode` VALUES ('792', '310112', '201100', '021');
INSERT INTO `zipcode` VALUES ('793', '310113', '201900', '021');
INSERT INTO `zipcode` VALUES ('794', '310114', '201800', '021');
INSERT INTO `zipcode` VALUES ('795', '310115', '200120', '021');
INSERT INTO `zipcode` VALUES ('796', '310116', '201500', '021');
INSERT INTO `zipcode` VALUES ('797', '310117', '201600', '021');
INSERT INTO `zipcode` VALUES ('798', '310118', '201700', '021');
INSERT INTO `zipcode` VALUES ('799', '310119', '201300', '021');
INSERT INTO `zipcode` VALUES ('800', '310120', '201400', '021');
INSERT INTO `zipcode` VALUES ('801', '310230', '202150', '021');
INSERT INTO `zipcode` VALUES ('802', '320101', '210000', '025');
INSERT INTO `zipcode` VALUES ('803', '320102', '210000', '025');
INSERT INTO `zipcode` VALUES ('804', '320103', '210000', '025');
INSERT INTO `zipcode` VALUES ('805', '320104', '210000', '025');
INSERT INTO `zipcode` VALUES ('806', '320105', '210000', '025');
INSERT INTO `zipcode` VALUES ('807', '320106', '210000', '025');
INSERT INTO `zipcode` VALUES ('808', '320107', '210000', '025');
INSERT INTO `zipcode` VALUES ('809', '320111', '210000', '025');
INSERT INTO `zipcode` VALUES ('810', '320113', '210000', '025');
INSERT INTO `zipcode` VALUES ('811', '320114', '210000', '025');
INSERT INTO `zipcode` VALUES ('812', '320115', '211100', '025');
INSERT INTO `zipcode` VALUES ('813', '320116', '211500', '025');
INSERT INTO `zipcode` VALUES ('814', '320124', '211200', '025');
INSERT INTO `zipcode` VALUES ('815', '320125', '211300', '025');
INSERT INTO `zipcode` VALUES ('816', '320201', '214000', '0510');
INSERT INTO `zipcode` VALUES ('817', '320202', '214000', '0510');
INSERT INTO `zipcode` VALUES ('818', '320203', '214000', '0510');
INSERT INTO `zipcode` VALUES ('819', '320204', '214000', '0510');
INSERT INTO `zipcode` VALUES ('820', '320205', '214000', '0510');
INSERT INTO `zipcode` VALUES ('821', '320206', '214000', '0510');
INSERT INTO `zipcode` VALUES ('822', '320211', '214000', '0510');
INSERT INTO `zipcode` VALUES ('823', '320281', '214400', '0510');
INSERT INTO `zipcode` VALUES ('824', '320282', '214200', '0510');
INSERT INTO `zipcode` VALUES ('825', '320301', '221000', '0516');
INSERT INTO `zipcode` VALUES ('826', '320302', '221000', '0516');
INSERT INTO `zipcode` VALUES ('827', '320303', '221000', '0516');
INSERT INTO `zipcode` VALUES ('828', '320304', '221000', '0516');
INSERT INTO `zipcode` VALUES ('829', '320305', '221000', '0516');
INSERT INTO `zipcode` VALUES ('830', '320311', '221000', '0516');
INSERT INTO `zipcode` VALUES ('831', '320321', '221700', '0516');
INSERT INTO `zipcode` VALUES ('832', '320322', '221600', '0516');
INSERT INTO `zipcode` VALUES ('833', '320323', '221100', '0516');
INSERT INTO `zipcode` VALUES ('834', '320324', '221200', '0516');
INSERT INTO `zipcode` VALUES ('835', '320381', '221400', '0516');
INSERT INTO `zipcode` VALUES ('836', '320382', '221300', '0516');
INSERT INTO `zipcode` VALUES ('837', '320401', '213000', '0519');
INSERT INTO `zipcode` VALUES ('838', '320402', '213000', '0519');
INSERT INTO `zipcode` VALUES ('839', '320404', '213000', '0519');
INSERT INTO `zipcode` VALUES ('840', '320405', '213000', '0519');
INSERT INTO `zipcode` VALUES ('841', '320411', '213000', '0519');
INSERT INTO `zipcode` VALUES ('842', '320412', '213100', '0519');
INSERT INTO `zipcode` VALUES ('843', '320481', '213300', '0519');
INSERT INTO `zipcode` VALUES ('844', '320482', '213200', '0519');
INSERT INTO `zipcode` VALUES ('845', '320501', '215000', '0512');
INSERT INTO `zipcode` VALUES ('846', '320502', '215000', '0512');
INSERT INTO `zipcode` VALUES ('847', '320503', '215000', '0512');
INSERT INTO `zipcode` VALUES ('848', '320504', '215000', '0512');
INSERT INTO `zipcode` VALUES ('849', '320505', '215000', '0512');
INSERT INTO `zipcode` VALUES ('850', '320506', '215100', '0512');
INSERT INTO `zipcode` VALUES ('851', '320507', '215100', '0512');
INSERT INTO `zipcode` VALUES ('852', '320581', '215500', '0512');
INSERT INTO `zipcode` VALUES ('853', '320582', '215600', '0512');
INSERT INTO `zipcode` VALUES ('854', '320583', '215300', '0512');
INSERT INTO `zipcode` VALUES ('855', '320584', '215200', '0512');
INSERT INTO `zipcode` VALUES ('856', '320585', '215400', '0512');
INSERT INTO `zipcode` VALUES ('857', '320601', '226000', '0513');
INSERT INTO `zipcode` VALUES ('858', '320602', '226000', '0513');
INSERT INTO `zipcode` VALUES ('859', '320611', '226000', '0513');
INSERT INTO `zipcode` VALUES ('860', '320621', '226600', '0513');
INSERT INTO `zipcode` VALUES ('861', '320623', '226400', '0513');
INSERT INTO `zipcode` VALUES ('862', '320681', '226200', '0513');
INSERT INTO `zipcode` VALUES ('863', '320682', '226500', '0513');
INSERT INTO `zipcode` VALUES ('864', '320683', '226300', '0513');
INSERT INTO `zipcode` VALUES ('865', '320684', '226100', '0513');
INSERT INTO `zipcode` VALUES ('866', '320701', '222000', '0518');
INSERT INTO `zipcode` VALUES ('867', '320703', '222000', '0518');
INSERT INTO `zipcode` VALUES ('868', '320705', '222000', '0518');
INSERT INTO `zipcode` VALUES ('869', '320706', '222000', '0518');
INSERT INTO `zipcode` VALUES ('870', '320721', '222100', '0518');
INSERT INTO `zipcode` VALUES ('871', '320722', '222300', '0518');
INSERT INTO `zipcode` VALUES ('872', '320723', '222200', '0518');
INSERT INTO `zipcode` VALUES ('873', '320724', '223500', '0518');
INSERT INTO `zipcode` VALUES ('874', '320801', '223000', '0517');
INSERT INTO `zipcode` VALUES ('875', '320802', '223001', '0517');
INSERT INTO `zipcode` VALUES ('876', '320803', '223200', '0517');
INSERT INTO `zipcode` VALUES ('877', '320804', '223300', '0517');
INSERT INTO `zipcode` VALUES ('878', '320811', '223001', '0517');
INSERT INTO `zipcode` VALUES ('879', '320826', '223400', '0517');
INSERT INTO `zipcode` VALUES ('880', '320829', '223100', '0517');
INSERT INTO `zipcode` VALUES ('881', '320830', '211700', '0517');
INSERT INTO `zipcode` VALUES ('882', '320831', '211600', '0517');
INSERT INTO `zipcode` VALUES ('883', '320901', '224000', '0515');
INSERT INTO `zipcode` VALUES ('884', '320902', '224000', '0515');
INSERT INTO `zipcode` VALUES ('885', '320903', '224000', '0515');
INSERT INTO `zipcode` VALUES ('886', '320921', '224600', '0515');
INSERT INTO `zipcode` VALUES ('887', '320922', '224000', '0515');
INSERT INTO `zipcode` VALUES ('888', '320923', '224400', '0515');
INSERT INTO `zipcode` VALUES ('889', '320924', '224300', '0515');
INSERT INTO `zipcode` VALUES ('890', '320925', '224700', '0515');
INSERT INTO `zipcode` VALUES ('891', '320981', '224200', '0515');
INSERT INTO `zipcode` VALUES ('892', '320982', '224100', '0515');
INSERT INTO `zipcode` VALUES ('893', '321001', '225000', '0514');
INSERT INTO `zipcode` VALUES ('894', '321002', '225000', '0514');
INSERT INTO `zipcode` VALUES ('895', '321003', '225100', '0514');
INSERT INTO `zipcode` VALUES ('896', '321011', '225200', '0514');
INSERT INTO `zipcode` VALUES ('897', '321023', '225800', '0514');
INSERT INTO `zipcode` VALUES ('898', '321081', '211400', '0514');
INSERT INTO `zipcode` VALUES ('899', '321084', '225600', '0514');
INSERT INTO `zipcode` VALUES ('900', '321088', '225200', '0514');
INSERT INTO `zipcode` VALUES ('901', '321101', '212000', '0511');
INSERT INTO `zipcode` VALUES ('902', '321102', '212000', '0511');
INSERT INTO `zipcode` VALUES ('903', '321111', '212000', '0511');
INSERT INTO `zipcode` VALUES ('904', '321112', '212100', '0511');
INSERT INTO `zipcode` VALUES ('905', '321181', '212300', '0511');
INSERT INTO `zipcode` VALUES ('906', '321182', '212200', '0511');
INSERT INTO `zipcode` VALUES ('907', '321183', '212400', '0511');
INSERT INTO `zipcode` VALUES ('908', '321201', '225300', '0523');
INSERT INTO `zipcode` VALUES ('909', '321202', '225300', '0523');
INSERT INTO `zipcode` VALUES ('910', '321203', '225300', '0523');
INSERT INTO `zipcode` VALUES ('911', '321281', '225700', '0523');
INSERT INTO `zipcode` VALUES ('912', '321282', '214500', '0523');
INSERT INTO `zipcode` VALUES ('913', '321283', '225400', '0523');
INSERT INTO `zipcode` VALUES ('914', '321284', '225500', '0523');
INSERT INTO `zipcode` VALUES ('915', '321301', '223800', '0527');
INSERT INTO `zipcode` VALUES ('916', '321302', '223800', '0527');
INSERT INTO `zipcode` VALUES ('917', '321311', '223800', '0527');
INSERT INTO `zipcode` VALUES ('918', '321322', '223600', '0527');
INSERT INTO `zipcode` VALUES ('919', '321323', '223700', '0527');
INSERT INTO `zipcode` VALUES ('920', '321324', '223900', '0527');
INSERT INTO `zipcode` VALUES ('921', '330101', '310000', '0571');
INSERT INTO `zipcode` VALUES ('922', '330102', '310000', '0571');
INSERT INTO `zipcode` VALUES ('923', '330103', '310000', '0571');
INSERT INTO `zipcode` VALUES ('924', '330104', '310000', '0571');
INSERT INTO `zipcode` VALUES ('925', '330105', '310000', '0571');
INSERT INTO `zipcode` VALUES ('926', '330106', '310000', '0571');
INSERT INTO `zipcode` VALUES ('927', '330108', '310000', '0571');
INSERT INTO `zipcode` VALUES ('928', '330109', '311200', '0571');
INSERT INTO `zipcode` VALUES ('929', '330110', '311100', '0571');
INSERT INTO `zipcode` VALUES ('930', '330122', '311500', '0571');
INSERT INTO `zipcode` VALUES ('931', '330127', '311700', '0571');
INSERT INTO `zipcode` VALUES ('932', '330182', '311600', '0571');
INSERT INTO `zipcode` VALUES ('933', '330183', '311400', '0571');
INSERT INTO `zipcode` VALUES ('934', '330185', '311300', '0571');
INSERT INTO `zipcode` VALUES ('935', '330201', '315000', '0574');
INSERT INTO `zipcode` VALUES ('936', '330203', '315000', '0574');
INSERT INTO `zipcode` VALUES ('937', '330204', '315000', '0574');
INSERT INTO `zipcode` VALUES ('938', '330205', '315000', '0574');
INSERT INTO `zipcode` VALUES ('939', '330206', '315800', '0574');
INSERT INTO `zipcode` VALUES ('940', '330211', '315200', '0574');
INSERT INTO `zipcode` VALUES ('941', '330212', '315100', '0574');
INSERT INTO `zipcode` VALUES ('942', '330225', '315700', '0574');
INSERT INTO `zipcode` VALUES ('943', '330226', '315600', '0574');
INSERT INTO `zipcode` VALUES ('944', '330281', '315400', '0574');
INSERT INTO `zipcode` VALUES ('945', '330282', '315300', '0574');
INSERT INTO `zipcode` VALUES ('946', '330283', '315500', '0574');
INSERT INTO `zipcode` VALUES ('947', '330301', '325000', '0577');
INSERT INTO `zipcode` VALUES ('948', '330302', '325000', '0577');
INSERT INTO `zipcode` VALUES ('949', '330303', '325000', '0577');
INSERT INTO `zipcode` VALUES ('950', '330304', '325000', '0577');
INSERT INTO `zipcode` VALUES ('951', '330322', '325700', '0577');
INSERT INTO `zipcode` VALUES ('952', '330324', '325100', '0577');
INSERT INTO `zipcode` VALUES ('953', '330326', '325400', '0577');
INSERT INTO `zipcode` VALUES ('954', '330327', '325800', '0577');
INSERT INTO `zipcode` VALUES ('955', '330328', '325300', '0577');
INSERT INTO `zipcode` VALUES ('956', '330329', '325500', '0577');
INSERT INTO `zipcode` VALUES ('957', '330381', '325200', '0577');
INSERT INTO `zipcode` VALUES ('958', '330382', '325600', '0577');
INSERT INTO `zipcode` VALUES ('959', '330401', '314000', '0573');
INSERT INTO `zipcode` VALUES ('960', '330402', '314000', '0573');
INSERT INTO `zipcode` VALUES ('961', '330411', '314000', '0573');
INSERT INTO `zipcode` VALUES ('962', '330421', '314100', '0573');
INSERT INTO `zipcode` VALUES ('963', '330424', '314300', '0573');
INSERT INTO `zipcode` VALUES ('964', '330481', '314400', '0573');
INSERT INTO `zipcode` VALUES ('965', '330482', '314200', '0573');
INSERT INTO `zipcode` VALUES ('966', '330483', '314500', '0573');
INSERT INTO `zipcode` VALUES ('967', '330501', '313000', '0572');
INSERT INTO `zipcode` VALUES ('968', '330502', '313000', '0572');
INSERT INTO `zipcode` VALUES ('969', '330503', '313000', '0572');
INSERT INTO `zipcode` VALUES ('970', '330521', '313200', '0572');
INSERT INTO `zipcode` VALUES ('971', '330522', '313100', '0572');
INSERT INTO `zipcode` VALUES ('972', '330523', '313300', '0572');
INSERT INTO `zipcode` VALUES ('973', '330601', '312000', '0575');
INSERT INTO `zipcode` VALUES ('974', '330602', '312000', '0575');
INSERT INTO `zipcode` VALUES ('975', '330621', '312000', '0575');
INSERT INTO `zipcode` VALUES ('976', '330624', '312500', '0575');
INSERT INTO `zipcode` VALUES ('977', '330681', '311800', '0575');
INSERT INTO `zipcode` VALUES ('978', '330682', '312300', '0575');
INSERT INTO `zipcode` VALUES ('979', '330683', '312400', '0575');
INSERT INTO `zipcode` VALUES ('980', '330701', '321000', '0579');
INSERT INTO `zipcode` VALUES ('981', '330702', '321000', '0579');
INSERT INTO `zipcode` VALUES ('982', '330703', '321000', '0579');
INSERT INTO `zipcode` VALUES ('983', '330723', '321200', '0579');
INSERT INTO `zipcode` VALUES ('984', '330726', '322200', '0579');
INSERT INTO `zipcode` VALUES ('985', '330727', '322300', '0579');
INSERT INTO `zipcode` VALUES ('986', '330781', '321100', '0579');
INSERT INTO `zipcode` VALUES ('987', '330782', '322000', '0579');
INSERT INTO `zipcode` VALUES ('988', '330783', '322100', '0579');
INSERT INTO `zipcode` VALUES ('989', '330784', '321300', '0579');
INSERT INTO `zipcode` VALUES ('990', '330801', '324000', '0570');
INSERT INTO `zipcode` VALUES ('991', '330802', '324000', '0570');
INSERT INTO `zipcode` VALUES ('992', '330803', '324000', '0570');
INSERT INTO `zipcode` VALUES ('993', '330822', '324200', '0570');
INSERT INTO `zipcode` VALUES ('994', '330824', '324300', '0570');
INSERT INTO `zipcode` VALUES ('995', '330825', '324400', '0570');
INSERT INTO `zipcode` VALUES ('996', '330881', '324100', '0570');
INSERT INTO `zipcode` VALUES ('997', '330901', '316000', '0580');
INSERT INTO `zipcode` VALUES ('998', '330902', '316000', '0580');
INSERT INTO `zipcode` VALUES ('999', '330903', '316100', '0580');
INSERT INTO `zipcode` VALUES ('1000', '330921', '316200', '0580');
INSERT INTO `zipcode` VALUES ('1001', '330922', '202450', '0580');
INSERT INTO `zipcode` VALUES ('1002', '331001', '317000', '0576');
INSERT INTO `zipcode` VALUES ('1003', '331002', '317700', '0576');
INSERT INTO `zipcode` VALUES ('1004', '331003', '318020', '0576');
INSERT INTO `zipcode` VALUES ('1005', '331004', '318000', '0576');
INSERT INTO `zipcode` VALUES ('1006', '331021', '317600', '0576');
INSERT INTO `zipcode` VALUES ('1007', '331022', '317100', '0576');
INSERT INTO `zipcode` VALUES ('1008', '331023', '317200', '0576');
INSERT INTO `zipcode` VALUES ('1009', '331024', '317300', '0576');
INSERT INTO `zipcode` VALUES ('1010', '331081', '317500', '0576');
INSERT INTO `zipcode` VALUES ('1011', '331082', '317000', '0576');
INSERT INTO `zipcode` VALUES ('1012', '331101', '323000', '0578');
INSERT INTO `zipcode` VALUES ('1013', '331102', '323000', '0578');
INSERT INTO `zipcode` VALUES ('1014', '331121', '323900', '0578');
INSERT INTO `zipcode` VALUES ('1015', '331122', '321400', '0578');
INSERT INTO `zipcode` VALUES ('1016', '331123', '323300', '0578');
INSERT INTO `zipcode` VALUES ('1017', '331124', '323400', '0578');
INSERT INTO `zipcode` VALUES ('1018', '331125', '323600', '0578');
INSERT INTO `zipcode` VALUES ('1019', '331126', '323800', '0578');
INSERT INTO `zipcode` VALUES ('1020', '331127', '323500', '0578');
INSERT INTO `zipcode` VALUES ('1021', '331181', '323700', '0578');
INSERT INTO `zipcode` VALUES ('1022', '340101', '230000', '0551');
INSERT INTO `zipcode` VALUES ('1023', '340102', '230000', '0551');
INSERT INTO `zipcode` VALUES ('1024', '340103', '230000', '0551');
INSERT INTO `zipcode` VALUES ('1025', '340104', '230000', '0551');
INSERT INTO `zipcode` VALUES ('1026', '340111', '230000', '0551');
INSERT INTO `zipcode` VALUES ('1027', '340121', '231100', '0551');
INSERT INTO `zipcode` VALUES ('1028', '340122', '230000', '0551');
INSERT INTO `zipcode` VALUES ('1029', '340123', '231200', '0551');
INSERT INTO `zipcode` VALUES ('1030', '340201', '241000', '0553');
INSERT INTO `zipcode` VALUES ('1031', '340202', '241000', '0553');
INSERT INTO `zipcode` VALUES ('1032', '340203', '241000', '0553');
INSERT INTO `zipcode` VALUES ('1033', '340204', '241000', '0553');
INSERT INTO `zipcode` VALUES ('1034', '340207', '241000', '0553');
INSERT INTO `zipcode` VALUES ('1035', '340221', '241100', '0553');
INSERT INTO `zipcode` VALUES ('1036', '340222', '241200', '0553');
INSERT INTO `zipcode` VALUES ('1037', '340223', '242400', '0553');
INSERT INTO `zipcode` VALUES ('1038', '340301', '233000', '0552');
INSERT INTO `zipcode` VALUES ('1039', '340302', '233000', '0552');
INSERT INTO `zipcode` VALUES ('1040', '340303', '233000', '0552');
INSERT INTO `zipcode` VALUES ('1041', '340304', '233000', '0552');
INSERT INTO `zipcode` VALUES ('1042', '340311', '233000', '0552');
INSERT INTO `zipcode` VALUES ('1043', '340321', '233400', '0552');
INSERT INTO `zipcode` VALUES ('1044', '340322', '233300', '0552');
INSERT INTO `zipcode` VALUES ('1045', '340323', '233700', '0552');
INSERT INTO `zipcode` VALUES ('1046', '340401', '232000', '0554');
INSERT INTO `zipcode` VALUES ('1047', '340402', '232000', '0554');
INSERT INTO `zipcode` VALUES ('1048', '340403', '232000', '0554');
INSERT INTO `zipcode` VALUES ('1049', '340404', '232000', '0554');
INSERT INTO `zipcode` VALUES ('1050', '340405', '232000', '0554');
INSERT INTO `zipcode` VALUES ('1051', '340406', '232000', '0554');
INSERT INTO `zipcode` VALUES ('1052', '340421', '232100', '0554');
INSERT INTO `zipcode` VALUES ('1053', '340501', '243000', '0555');
INSERT INTO `zipcode` VALUES ('1054', '340502', '243000', '0555');
INSERT INTO `zipcode` VALUES ('1055', '340503', '243000', '0555');
INSERT INTO `zipcode` VALUES ('1056', '340504', '243000', '0555');
INSERT INTO `zipcode` VALUES ('1057', '340521', '243100', '0555');
INSERT INTO `zipcode` VALUES ('1058', '340601', '235000', '0561');
INSERT INTO `zipcode` VALUES ('1059', '340602', '235000', '0561');
INSERT INTO `zipcode` VALUES ('1060', '340603', '235000', '0561');
INSERT INTO `zipcode` VALUES ('1061', '340604', '235000', '0561');
INSERT INTO `zipcode` VALUES ('1062', '340621', '235100', '0561');
INSERT INTO `zipcode` VALUES ('1063', '340701', '244000', '0562');
INSERT INTO `zipcode` VALUES ('1064', '340702', '244000', '0562');
INSERT INTO `zipcode` VALUES ('1065', '340703', '244000', '0562');
INSERT INTO `zipcode` VALUES ('1066', '340711', '244000', '0562');
INSERT INTO `zipcode` VALUES ('1067', '340721', '244100', '0562');
INSERT INTO `zipcode` VALUES ('1068', '340801', '246000', '0556');
INSERT INTO `zipcode` VALUES ('1069', '340802', '246000', '0556');
INSERT INTO `zipcode` VALUES ('1070', '340803', '246000', '0556');
INSERT INTO `zipcode` VALUES ('1071', '340811', '246000', '0556');
INSERT INTO `zipcode` VALUES ('1072', '340822', '246100', '0556');
INSERT INTO `zipcode` VALUES ('1073', '340823', '246700', '0556');
INSERT INTO `zipcode` VALUES ('1074', '340824', '246300', '0556');
INSERT INTO `zipcode` VALUES ('1075', '340825', '246400', '0556');
INSERT INTO `zipcode` VALUES ('1076', '340826', '246500', '0556');
INSERT INTO `zipcode` VALUES ('1077', '340827', '246200', '0556');
INSERT INTO `zipcode` VALUES ('1078', '340828', '246600', '0556');
INSERT INTO `zipcode` VALUES ('1079', '340881', '231400', '0556');
INSERT INTO `zipcode` VALUES ('1080', '341001', '245000', '0559');
INSERT INTO `zipcode` VALUES ('1081', '341002', '245000', '0559');
INSERT INTO `zipcode` VALUES ('1082', '341003', '245000', '0559');
INSERT INTO `zipcode` VALUES ('1083', '341004', '245000', '0559');
INSERT INTO `zipcode` VALUES ('1084', '341021', '245200', '0559');
INSERT INTO `zipcode` VALUES ('1085', '341022', '245400', '0559');
INSERT INTO `zipcode` VALUES ('1086', '341023', '245500', '0559');
INSERT INTO `zipcode` VALUES ('1087', '341024', '245600', '0559');
INSERT INTO `zipcode` VALUES ('1088', '341101', '239000', '0550');
INSERT INTO `zipcode` VALUES ('1089', '341102', '239000', '0550');
INSERT INTO `zipcode` VALUES ('1090', '341103', '239000', '0550');
INSERT INTO `zipcode` VALUES ('1091', '341122', '239200', '0550');
INSERT INTO `zipcode` VALUES ('1092', '341124', '239500', '0550');
INSERT INTO `zipcode` VALUES ('1093', '341125', '233200', '0550');
INSERT INTO `zipcode` VALUES ('1094', '341126', '233100', '0550');
INSERT INTO `zipcode` VALUES ('1095', '341181', '239300', '0550');
INSERT INTO `zipcode` VALUES ('1096', '341182', '239400', '0550');
INSERT INTO `zipcode` VALUES ('1097', '341201', '236000', '0558');
INSERT INTO `zipcode` VALUES ('1098', '341202', '236000', '0558');
INSERT INTO `zipcode` VALUES ('1099', '341203', '236000', '0558');
INSERT INTO `zipcode` VALUES ('1100', '341204', '236000', '0558');
INSERT INTO `zipcode` VALUES ('1101', '341221', '236400', '0558');
INSERT INTO `zipcode` VALUES ('1102', '341222', '236600', '0558');
INSERT INTO `zipcode` VALUES ('1103', '341225', '236300', '0558');
INSERT INTO `zipcode` VALUES ('1104', '341226', '236200', '0558');
INSERT INTO `zipcode` VALUES ('1105', '341282', '236500', '0558');
INSERT INTO `zipcode` VALUES ('1106', '341301', '234000', '0557');
INSERT INTO `zipcode` VALUES ('1107', '341302', '234000', '0557');
INSERT INTO `zipcode` VALUES ('1108', '341321', '235300', '0557');
INSERT INTO `zipcode` VALUES ('1109', '341322', '235200', '0557');
INSERT INTO `zipcode` VALUES ('1110', '341323', '234200', '0557');
INSERT INTO `zipcode` VALUES ('1111', '341324', '234300', '0557');
INSERT INTO `zipcode` VALUES ('1112', '341401', '238000', '0565');
INSERT INTO `zipcode` VALUES ('1113', '341402', '238000', '0565');
INSERT INTO `zipcode` VALUES ('1114', '341421', '231500', '0565');
INSERT INTO `zipcode` VALUES ('1115', '341422', '238300', '0565');
INSERT INTO `zipcode` VALUES ('1116', '341423', '238100', '0565');
INSERT INTO `zipcode` VALUES ('1117', '341424', '238200', '0565');
INSERT INTO `zipcode` VALUES ('1118', '341501', '237000', '0564');
INSERT INTO `zipcode` VALUES ('1119', '341502', '237000', '0564');
INSERT INTO `zipcode` VALUES ('1120', '341503', '237000', '0564');
INSERT INTO `zipcode` VALUES ('1121', '341521', '232200', '0564');
INSERT INTO `zipcode` VALUES ('1122', '341522', '237400', '0564');
INSERT INTO `zipcode` VALUES ('1123', '341523', '231300', '0564');
INSERT INTO `zipcode` VALUES ('1124', '341524', '237300', '0564');
INSERT INTO `zipcode` VALUES ('1125', '341525', '237200', '0564');
INSERT INTO `zipcode` VALUES ('1126', '341601', '236000', '0558');
INSERT INTO `zipcode` VALUES ('1127', '341602', '236800', '0558');
INSERT INTO `zipcode` VALUES ('1128', '341621', '233600', '0558');
INSERT INTO `zipcode` VALUES ('1129', '341622', '233500', '0558');
INSERT INTO `zipcode` VALUES ('1130', '341623', '236700', '0558');
INSERT INTO `zipcode` VALUES ('1131', '341701', '247100', '0566');
INSERT INTO `zipcode` VALUES ('1132', '341702', '247100', '0566');
INSERT INTO `zipcode` VALUES ('1133', '341721', '247200', '0566');
INSERT INTO `zipcode` VALUES ('1134', '341722', '245100', '0566');
INSERT INTO `zipcode` VALUES ('1135', '341723', '242800', '0566');
INSERT INTO `zipcode` VALUES ('1136', '341801', '242000', '0563');
INSERT INTO `zipcode` VALUES ('1137', '341802', '242000', '0563');
INSERT INTO `zipcode` VALUES ('1138', '341821', '242100', '0563');
INSERT INTO `zipcode` VALUES ('1139', '341822', '242200', '0563');
INSERT INTO `zipcode` VALUES ('1140', '341823', '242500', '0563');
INSERT INTO `zipcode` VALUES ('1141', '341824', '245300', '0563');
INSERT INTO `zipcode` VALUES ('1142', '341825', '242600', '0563');
INSERT INTO `zipcode` VALUES ('1143', '341881', '242300', '0563');
INSERT INTO `zipcode` VALUES ('1144', '350101', '350000', '0591');
INSERT INTO `zipcode` VALUES ('1145', '350102', '350000', '0591');
INSERT INTO `zipcode` VALUES ('1146', '350103', '350000', '0591');
INSERT INTO `zipcode` VALUES ('1147', '350104', '350000', '0591');
INSERT INTO `zipcode` VALUES ('1148', '350105', '350000', '0591');
INSERT INTO `zipcode` VALUES ('1149', '350111', '350000', '0591');
INSERT INTO `zipcode` VALUES ('1150', '350121', '350100', '0591');
INSERT INTO `zipcode` VALUES ('1151', '350122', '350500', '0591');
INSERT INTO `zipcode` VALUES ('1152', '350123', '350600', '0591');
INSERT INTO `zipcode` VALUES ('1153', '350124', '350800', '0591');
INSERT INTO `zipcode` VALUES ('1154', '350125', '350700', '0591');
INSERT INTO `zipcode` VALUES ('1155', '350128', '350400', '0591');
INSERT INTO `zipcode` VALUES ('1156', '350181', '350300', '0591');
INSERT INTO `zipcode` VALUES ('1157', '350182', '350200', '0591');
INSERT INTO `zipcode` VALUES ('1158', '350201', '361000', '0592');
INSERT INTO `zipcode` VALUES ('1159', '350203', '361000', '0592');
INSERT INTO `zipcode` VALUES ('1160', '350205', '361000', '0592');
INSERT INTO `zipcode` VALUES ('1161', '350206', '361000', '0592');
INSERT INTO `zipcode` VALUES ('1162', '350211', '361000', '0592');
INSERT INTO `zipcode` VALUES ('1163', '350212', '361100', '0592');
INSERT INTO `zipcode` VALUES ('1164', '350213', '361100', '0592');
INSERT INTO `zipcode` VALUES ('1165', '350301', '351100', '0594');
INSERT INTO `zipcode` VALUES ('1166', '350302', '351100', '0594');
INSERT INTO `zipcode` VALUES ('1167', '350303', '351100', '0594');
INSERT INTO `zipcode` VALUES ('1168', '350304', '351100', '0594');
INSERT INTO `zipcode` VALUES ('1169', '350305', '351100', '0594');
INSERT INTO `zipcode` VALUES ('1170', '350322', '351200', '0594');
INSERT INTO `zipcode` VALUES ('1171', '350401', '365000', '0598');
INSERT INTO `zipcode` VALUES ('1172', '350402', '365000', '0598');
INSERT INTO `zipcode` VALUES ('1173', '350403', '365000', '0598');
INSERT INTO `zipcode` VALUES ('1174', '350421', '365300', '0598');
INSERT INTO `zipcode` VALUES ('1175', '350423', '365300', '0598');
INSERT INTO `zipcode` VALUES ('1176', '350424', '365400', '0598');
INSERT INTO `zipcode` VALUES ('1177', '350425', '366100', '0598');
INSERT INTO `zipcode` VALUES ('1178', '350426', '365100', '0598');
INSERT INTO `zipcode` VALUES ('1179', '350427', '365500', '0598');
INSERT INTO `zipcode` VALUES ('1180', '350428', '353300', '0598');
INSERT INTO `zipcode` VALUES ('1181', '350429', '354400', '0598');
INSERT INTO `zipcode` VALUES ('1182', '350430', '354500', '0598');
INSERT INTO `zipcode` VALUES ('1183', '350481', '366000', '0598');
INSERT INTO `zipcode` VALUES ('1184', '350501', '362000', '0595');
INSERT INTO `zipcode` VALUES ('1185', '350502', '362000', '0595');
INSERT INTO `zipcode` VALUES ('1186', '350503', '362000', '0595');
INSERT INTO `zipcode` VALUES ('1187', '350504', '362000', '0595');
INSERT INTO `zipcode` VALUES ('1188', '350505', '362100', '0595');
INSERT INTO `zipcode` VALUES ('1189', '350521', '362100', '0595');
INSERT INTO `zipcode` VALUES ('1190', '350524', '362400', '0595');
INSERT INTO `zipcode` VALUES ('1191', '350525', '362600', '0595');
INSERT INTO `zipcode` VALUES ('1192', '350526', '362500', '0595');
INSERT INTO `zipcode` VALUES ('1193', '350527', '362000', '0595');
INSERT INTO `zipcode` VALUES ('1194', '350581', '362700', '0595');
INSERT INTO `zipcode` VALUES ('1195', '350582', '362200', '0595');
INSERT INTO `zipcode` VALUES ('1196', '350583', '362300', '0595');
INSERT INTO `zipcode` VALUES ('1197', '350601', '363000', '0596');
INSERT INTO `zipcode` VALUES ('1198', '350602', '363000', '0596');
INSERT INTO `zipcode` VALUES ('1199', '350603', '363000', '0596');
INSERT INTO `zipcode` VALUES ('1200', '350622', '363300', '0596');
INSERT INTO `zipcode` VALUES ('1201', '350623', '363200', '0596');
INSERT INTO `zipcode` VALUES ('1202', '350624', '363500', '0596');
INSERT INTO `zipcode` VALUES ('1203', '350625', '363900', '0596');
INSERT INTO `zipcode` VALUES ('1204', '350626', '363400', '0596');
INSERT INTO `zipcode` VALUES ('1205', '350627', '363600', '0596');
INSERT INTO `zipcode` VALUES ('1206', '350628', '363700', '0596');
INSERT INTO `zipcode` VALUES ('1207', '350629', '363800', '0596');
INSERT INTO `zipcode` VALUES ('1208', '350681', '363100', '0596');
INSERT INTO `zipcode` VALUES ('1209', '350701', '353000', '0599');
INSERT INTO `zipcode` VALUES ('1210', '350702', '353000', '0599');
INSERT INTO `zipcode` VALUES ('1211', '350721', '353200', '0599');
INSERT INTO `zipcode` VALUES ('1212', '350722', '353400', '0599');
INSERT INTO `zipcode` VALUES ('1213', '350723', '354100', '0599');
INSERT INTO `zipcode` VALUES ('1214', '350724', '353500', '0599');
INSERT INTO `zipcode` VALUES ('1215', '350725', '353600', '0599');
INSERT INTO `zipcode` VALUES ('1216', '350781', '354000', '0599');
INSERT INTO `zipcode` VALUES ('1217', '350782', '354300', '0599');
INSERT INTO `zipcode` VALUES ('1218', '350783', '353100', '0599');
INSERT INTO `zipcode` VALUES ('1219', '350784', '354200', '0599');
INSERT INTO `zipcode` VALUES ('1220', '350801', '364000', '0597');
INSERT INTO `zipcode` VALUES ('1221', '350802', '364000', '0597');
INSERT INTO `zipcode` VALUES ('1222', '350821', '366300', '0597');
INSERT INTO `zipcode` VALUES ('1223', '350822', '364100', '0597');
INSERT INTO `zipcode` VALUES ('1224', '350823', '364200', '0597');
INSERT INTO `zipcode` VALUES ('1225', '350824', '364300', '0597');
INSERT INTO `zipcode` VALUES ('1226', '350825', '366200', '0597');
INSERT INTO `zipcode` VALUES ('1227', '350881', '364400', '0597');
INSERT INTO `zipcode` VALUES ('1228', '350901', '352000', '0595');
INSERT INTO `zipcode` VALUES ('1229', '350902', '352000', '0593');
INSERT INTO `zipcode` VALUES ('1230', '350921', '355100', '0593');
INSERT INTO `zipcode` VALUES ('1231', '350922', '352200', '0593');
INSERT INTO `zipcode` VALUES ('1232', '350923', '352300', '0593');
INSERT INTO `zipcode` VALUES ('1233', '350924', '355500', '0593');
INSERT INTO `zipcode` VALUES ('1234', '350925', '355400', '0593');
INSERT INTO `zipcode` VALUES ('1235', '350926', '355300', '0593');
INSERT INTO `zipcode` VALUES ('1236', '350981', '355000', '0593');
INSERT INTO `zipcode` VALUES ('1237', '350982', '355200', '0593');
INSERT INTO `zipcode` VALUES ('1238', '360101', '330000', '0791');
INSERT INTO `zipcode` VALUES ('1239', '360102', '330000', '0791');
INSERT INTO `zipcode` VALUES ('1240', '360103', '330000', '0791');
INSERT INTO `zipcode` VALUES ('1241', '360104', '330000', '0791');
INSERT INTO `zipcode` VALUES ('1242', '360105', '330000', '0791');
INSERT INTO `zipcode` VALUES ('1243', '360111', '330000', '0791');
INSERT INTO `zipcode` VALUES ('1244', '360121', '330200', '0791');
INSERT INTO `zipcode` VALUES ('1245', '360122', '330100', '0791');
INSERT INTO `zipcode` VALUES ('1246', '360123', '330500', '0791');
INSERT INTO `zipcode` VALUES ('1247', '360124', '331700', '0791');
INSERT INTO `zipcode` VALUES ('1248', '360201', '333000', '0798');
INSERT INTO `zipcode` VALUES ('1249', '360202', '333000', '0798');
INSERT INTO `zipcode` VALUES ('1250', '360203', '333000', '0798');
INSERT INTO `zipcode` VALUES ('1251', '360222', '333400', '0798');
INSERT INTO `zipcode` VALUES ('1252', '360281', '333300', '0798');
INSERT INTO `zipcode` VALUES ('1253', '360301', '337000', '0799');
INSERT INTO `zipcode` VALUES ('1254', '360302', '337000', '0799');
INSERT INTO `zipcode` VALUES ('1255', '360313', '337000', '0799');
INSERT INTO `zipcode` VALUES ('1256', '360321', '337100', '0799');
INSERT INTO `zipcode` VALUES ('1257', '360322', '337000', '0799');
INSERT INTO `zipcode` VALUES ('1258', '360323', '337000', '0799');
INSERT INTO `zipcode` VALUES ('1259', '360401', '332000', '0792');
INSERT INTO `zipcode` VALUES ('1260', '360402', '332900', '0792');
INSERT INTO `zipcode` VALUES ('1261', '360403', '332000', '0792');
INSERT INTO `zipcode` VALUES ('1262', '360421', '332100', '0792');
INSERT INTO `zipcode` VALUES ('1263', '360423', '332300', '0792');
INSERT INTO `zipcode` VALUES ('1264', '360424', '332400', '0792');
INSERT INTO `zipcode` VALUES ('1265', '360425', '330300', '0792');
INSERT INTO `zipcode` VALUES ('1266', '360426', '330400', '0792');
INSERT INTO `zipcode` VALUES ('1267', '360427', '332800', '0792');
INSERT INTO `zipcode` VALUES ('1268', '360428', '332600', '0792');
INSERT INTO `zipcode` VALUES ('1269', '360429', '332500', '0792');
INSERT INTO `zipcode` VALUES ('1270', '360430', '332700', '0792');
INSERT INTO `zipcode` VALUES ('1271', '360481', '332200', '0792');
INSERT INTO `zipcode` VALUES ('1272', '360501', '336500', '0790');
INSERT INTO `zipcode` VALUES ('1273', '360502', '336500', '0790');
INSERT INTO `zipcode` VALUES ('1274', '360521', '336600', '0790');
INSERT INTO `zipcode` VALUES ('1275', '360601', '335000', '0701');
INSERT INTO `zipcode` VALUES ('1276', '360602', '335000', '0701');
INSERT INTO `zipcode` VALUES ('1277', '360622', '335200', '0701');
INSERT INTO `zipcode` VALUES ('1278', '360681', '335400', '0701');
INSERT INTO `zipcode` VALUES ('1279', '360701', '341000', '0797');
INSERT INTO `zipcode` VALUES ('1280', '360702', '341000', '0797');
INSERT INTO `zipcode` VALUES ('1281', '360721', '341100', '0797');
INSERT INTO `zipcode` VALUES ('1282', '360722', '341600', '0797');
INSERT INTO `zipcode` VALUES ('1283', '360723', '341500', '0797');
INSERT INTO `zipcode` VALUES ('1284', '360724', '341200', '0797');
INSERT INTO `zipcode` VALUES ('1285', '360725', '341300', '0797');
INSERT INTO `zipcode` VALUES ('1286', '360726', '342100', '0797');
INSERT INTO `zipcode` VALUES ('1287', '360727', '341700', '0797');
INSERT INTO `zipcode` VALUES ('1288', '360728', '341900', '0797');
INSERT INTO `zipcode` VALUES ('1289', '360729', '341800', '0797');
INSERT INTO `zipcode` VALUES ('1290', '360730', '342800', '0797');
INSERT INTO `zipcode` VALUES ('1291', '360731', '342300', '0797');
INSERT INTO `zipcode` VALUES ('1292', '360732', '342400', '0797');
INSERT INTO `zipcode` VALUES ('1293', '360733', '342600', '0797');
INSERT INTO `zipcode` VALUES ('1294', '360734', '342200', '0797');
INSERT INTO `zipcode` VALUES ('1295', '360735', '342700', '0797');
INSERT INTO `zipcode` VALUES ('1296', '360781', '342500', '0797');
INSERT INTO `zipcode` VALUES ('1297', '360782', '341400', '0797');
INSERT INTO `zipcode` VALUES ('1298', '360801', '343000', '0796');
INSERT INTO `zipcode` VALUES ('1299', '360802', '343000', '0796');
INSERT INTO `zipcode` VALUES ('1300', '360803', '343000', '0796');
INSERT INTO `zipcode` VALUES ('1301', '360821', '343100', '0796');
INSERT INTO `zipcode` VALUES ('1302', '360822', '331600', '0796');
INSERT INTO `zipcode` VALUES ('1303', '360823', '331400', '0796');
INSERT INTO `zipcode` VALUES ('1304', '360824', '331300', '0796');
INSERT INTO `zipcode` VALUES ('1305', '360825', '331500', '0796');
INSERT INTO `zipcode` VALUES ('1306', '360826', '343700', '0796');
INSERT INTO `zipcode` VALUES ('1307', '360827', '343900', '0796');
INSERT INTO `zipcode` VALUES ('1308', '360828', '343800', '0796');
INSERT INTO `zipcode` VALUES ('1309', '360829', '343200', '0796');
INSERT INTO `zipcode` VALUES ('1310', '360830', '343400', '0796');
INSERT INTO `zipcode` VALUES ('1311', '360881', '343600', '0796');
INSERT INTO `zipcode` VALUES ('1312', '360901', '336000', '0795');
INSERT INTO `zipcode` VALUES ('1313', '360902', '336000', '0795');
INSERT INTO `zipcode` VALUES ('1314', '360921', '330700', '0795');
INSERT INTO `zipcode` VALUES ('1315', '360922', '336100', '0795');
INSERT INTO `zipcode` VALUES ('1316', '360923', '336400', '0795');
INSERT INTO `zipcode` VALUES ('1317', '360924', '336300', '0795');
INSERT INTO `zipcode` VALUES ('1318', '360925', '330600', '0795');
INSERT INTO `zipcode` VALUES ('1319', '360926', '336200', '0795');
INSERT INTO `zipcode` VALUES ('1320', '360981', '331100', '0795');
INSERT INTO `zipcode` VALUES ('1321', '360982', '331200', '0795');
INSERT INTO `zipcode` VALUES ('1322', '360983', '330800', '0795');
INSERT INTO `zipcode` VALUES ('1323', '361001', '344000', '0794');
INSERT INTO `zipcode` VALUES ('1324', '361002', '344100', '0794');
INSERT INTO `zipcode` VALUES ('1325', '361021', '344700', '0794');
INSERT INTO `zipcode` VALUES ('1326', '361022', '344600', '0794');
INSERT INTO `zipcode` VALUES ('1327', '361023', '344500', '0794');
INSERT INTO `zipcode` VALUES ('1328', '361024', '344200', '0794');
INSERT INTO `zipcode` VALUES ('1329', '361025', '344300', '0794');
INSERT INTO `zipcode` VALUES ('1330', '361026', '344400', '0794');
INSERT INTO `zipcode` VALUES ('1331', '361027', '344800', '0794');
INSERT INTO `zipcode` VALUES ('1332', '361028', '335300', '0794');
INSERT INTO `zipcode` VALUES ('1333', '361029', '331800', '0794');
INSERT INTO `zipcode` VALUES ('1334', '361030', '344900', '0794');
INSERT INTO `zipcode` VALUES ('1335', '361101', '334000', '0793');
INSERT INTO `zipcode` VALUES ('1336', '361102', '334000', '0793');
INSERT INTO `zipcode` VALUES ('1337', '361121', '334100', '0793');
INSERT INTO `zipcode` VALUES ('1338', '361122', '334600', '0793');
INSERT INTO `zipcode` VALUES ('1339', '361123', '334700', '0793');
INSERT INTO `zipcode` VALUES ('1340', '361124', '334500', '0793');
INSERT INTO `zipcode` VALUES ('1341', '361125', '334300', '0793');
INSERT INTO `zipcode` VALUES ('1342', '361126', '334400', '0793');
INSERT INTO `zipcode` VALUES ('1343', '361127', '335100', '0793');
INSERT INTO `zipcode` VALUES ('1344', '361128', '333100', '0793');
INSERT INTO `zipcode` VALUES ('1345', '361129', '335500', '0793');
INSERT INTO `zipcode` VALUES ('1346', '361130', '333200', '0793');
INSERT INTO `zipcode` VALUES ('1347', '361181', '334200', '0793');
INSERT INTO `zipcode` VALUES ('1348', '370101', '250000', '0531');
INSERT INTO `zipcode` VALUES ('1349', '370102', '250000', '0531');
INSERT INTO `zipcode` VALUES ('1350', '370103', '250000', '0531');
INSERT INTO `zipcode` VALUES ('1351', '370104', '250000', '0531');
INSERT INTO `zipcode` VALUES ('1352', '370105', '250000', '0531');
INSERT INTO `zipcode` VALUES ('1353', '370112', '250100', '0531');
INSERT INTO `zipcode` VALUES ('1354', '370113', '250300', '0531');
INSERT INTO `zipcode` VALUES ('1355', '370124', '250400', '0531');
INSERT INTO `zipcode` VALUES ('1356', '370125', '251400', '0531');
INSERT INTO `zipcode` VALUES ('1357', '370126', '251600', '0531');
INSERT INTO `zipcode` VALUES ('1358', '370181', '250200', '0531');
INSERT INTO `zipcode` VALUES ('1359', '370201', '266000', '0532');
INSERT INTO `zipcode` VALUES ('1360', '370202', '266000', '0532');
INSERT INTO `zipcode` VALUES ('1361', '370203', '266000', '0532');
INSERT INTO `zipcode` VALUES ('1362', '370205', '266000', '0532');
INSERT INTO `zipcode` VALUES ('1363', '370211', '266000', '0532');
INSERT INTO `zipcode` VALUES ('1364', '370212', '266100', '0532');
INSERT INTO `zipcode` VALUES ('1365', '370213', '266000', '0532');
INSERT INTO `zipcode` VALUES ('1366', '370214', '266000', '0532');
INSERT INTO `zipcode` VALUES ('1367', '370281', '266300', '0532');
INSERT INTO `zipcode` VALUES ('1368', '370282', '266200', '0532');
INSERT INTO `zipcode` VALUES ('1369', '370283', '266700', '0532');
INSERT INTO `zipcode` VALUES ('1370', '370284', '266400', '0532');
INSERT INTO `zipcode` VALUES ('1371', '370285', '266600', '0532');
INSERT INTO `zipcode` VALUES ('1372', '370301', '255100', '0533');
INSERT INTO `zipcode` VALUES ('1373', '370302', '255100', '0533');
INSERT INTO `zipcode` VALUES ('1374', '370303', '255000', '0533');
INSERT INTO `zipcode` VALUES ('1375', '370304', '255200', '0533');
INSERT INTO `zipcode` VALUES ('1376', '370305', '255400', '0533');
INSERT INTO `zipcode` VALUES ('1377', '370306', '255300', '0533');
INSERT INTO `zipcode` VALUES ('1378', '370321', '256400', '0533');
INSERT INTO `zipcode` VALUES ('1379', '370322', '256300', '0533');
INSERT INTO `zipcode` VALUES ('1380', '370323', '256100', '0533');
INSERT INTO `zipcode` VALUES ('1381', '370401', '277000', '0632');
INSERT INTO `zipcode` VALUES ('1382', '370402', '277000', '0632');
INSERT INTO `zipcode` VALUES ('1383', '370403', '277000', '0632');
INSERT INTO `zipcode` VALUES ('1384', '370404', '277300', '0632');
INSERT INTO `zipcode` VALUES ('1385', '370405', '277400', '0632');
INSERT INTO `zipcode` VALUES ('1386', '370406', '277200', '0632');
INSERT INTO `zipcode` VALUES ('1387', '370481', '277500', '0632');
INSERT INTO `zipcode` VALUES ('1388', '370501', '257000', '0546');
INSERT INTO `zipcode` VALUES ('1389', '370502', '257100', '0546');
INSERT INTO `zipcode` VALUES ('1390', '370503', '257200', '0546');
INSERT INTO `zipcode` VALUES ('1391', '370521', '257500', '0546');
INSERT INTO `zipcode` VALUES ('1392', '370522', '257400', '0546');
INSERT INTO `zipcode` VALUES ('1393', '370523', '257300', '0546');
INSERT INTO `zipcode` VALUES ('1394', '370601', '264000', '0535');
INSERT INTO `zipcode` VALUES ('1395', '370602', '264000', '0535');
INSERT INTO `zipcode` VALUES ('1396', '370611', '265500', '0535');
INSERT INTO `zipcode` VALUES ('1397', '370612', '264100', '0535');
INSERT INTO `zipcode` VALUES ('1398', '370613', '264000', '0535');
INSERT INTO `zipcode` VALUES ('1399', '370634', '265800', '0535');
INSERT INTO `zipcode` VALUES ('1400', '370681', '265700', '0535');
INSERT INTO `zipcode` VALUES ('1401', '370682', '265200', '0535');
INSERT INTO `zipcode` VALUES ('1402', '370683', '261400', '0535');
INSERT INTO `zipcode` VALUES ('1403', '370684', '265600', '0535');
INSERT INTO `zipcode` VALUES ('1404', '370685', '265400', '0535');
INSERT INTO `zipcode` VALUES ('1405', '370686', '265300', '0535');
INSERT INTO `zipcode` VALUES ('1406', '370687', '265100', '0535');
INSERT INTO `zipcode` VALUES ('1407', '370701', '261000', '0536');
INSERT INTO `zipcode` VALUES ('1408', '370702', '261000', '0536');
INSERT INTO `zipcode` VALUES ('1409', '370703', '261100', '0536');
INSERT INTO `zipcode` VALUES ('1410', '370704', '261200', '0536');
INSERT INTO `zipcode` VALUES ('1411', '370705', '261000', '0536');
INSERT INTO `zipcode` VALUES ('1412', '370724', '262600', '0536');
INSERT INTO `zipcode` VALUES ('1413', '370725', '262400', '0536');
INSERT INTO `zipcode` VALUES ('1414', '370781', '262500', '0536');
INSERT INTO `zipcode` VALUES ('1415', '370782', '262200', '0536');
INSERT INTO `zipcode` VALUES ('1416', '370783', '262700', '0536');
INSERT INTO `zipcode` VALUES ('1417', '370784', '262100', '0536');
INSERT INTO `zipcode` VALUES ('1418', '370785', '261500', '0536');
INSERT INTO `zipcode` VALUES ('1419', '370786', '261300', '0536');
INSERT INTO `zipcode` VALUES ('1420', '370801', '272000', '0537');
INSERT INTO `zipcode` VALUES ('1421', '370802', '272000', '0537');
INSERT INTO `zipcode` VALUES ('1422', '370811', '272000', '0537');
INSERT INTO `zipcode` VALUES ('1423', '370826', '277600', '0537');
INSERT INTO `zipcode` VALUES ('1424', '370827', '272300', '0537');
INSERT INTO `zipcode` VALUES ('1425', '370828', '272200', '0537');
INSERT INTO `zipcode` VALUES ('1426', '370829', '272400', '0537');
INSERT INTO `zipcode` VALUES ('1427', '370830', '272500', '0537');
INSERT INTO `zipcode` VALUES ('1428', '370831', '273200', '0537');
INSERT INTO `zipcode` VALUES ('1429', '370832', '272600', '0537');
INSERT INTO `zipcode` VALUES ('1430', '370881', '273100', '0537');
INSERT INTO `zipcode` VALUES ('1431', '370882', '272000', '0537');
INSERT INTO `zipcode` VALUES ('1432', '370883', '273500', '0537');
INSERT INTO `zipcode` VALUES ('1433', '370901', '271000', '0538');
INSERT INTO `zipcode` VALUES ('1434', '370902', '271000', '0538');
INSERT INTO `zipcode` VALUES ('1435', '370903', '271000', '0538');
INSERT INTO `zipcode` VALUES ('1436', '370921', '271400', '0538');
INSERT INTO `zipcode` VALUES ('1437', '370923', '271500', '0538');
INSERT INTO `zipcode` VALUES ('1438', '370982', '271200', '0538');
INSERT INTO `zipcode` VALUES ('1439', '370983', '271600', '0538');
INSERT INTO `zipcode` VALUES ('1440', '371001', '264000', '0631');
INSERT INTO `zipcode` VALUES ('1441', '371002', '264200', '0631');
INSERT INTO `zipcode` VALUES ('1442', '371081', '264400', '0631');
INSERT INTO `zipcode` VALUES ('1443', '371082', '264300', '0631');
INSERT INTO `zipcode` VALUES ('1444', '371083', '264500', '0631');
INSERT INTO `zipcode` VALUES ('1445', '371101', '276800', '0633');
INSERT INTO `zipcode` VALUES ('1446', '371102', '276800', '0633');
INSERT INTO `zipcode` VALUES ('1447', '371103', '276800', '0633');
INSERT INTO `zipcode` VALUES ('1448', '371121', '262300', '0633');
INSERT INTO `zipcode` VALUES ('1449', '371122', '276500', '0633');
INSERT INTO `zipcode` VALUES ('1450', '371201', '271100', '0634');
INSERT INTO `zipcode` VALUES ('1451', '371202', '271100', '0634');
INSERT INTO `zipcode` VALUES ('1452', '371203', '271100', '0634');
INSERT INTO `zipcode` VALUES ('1453', '371301', '276000', '0539');
INSERT INTO `zipcode` VALUES ('1454', '371302', '276000', '0539');
INSERT INTO `zipcode` VALUES ('1455', '371311', '276000', '0539');
INSERT INTO `zipcode` VALUES ('1456', '371312', '276000', '0539');
INSERT INTO `zipcode` VALUES ('1457', '371321', '276300', '0539');
INSERT INTO `zipcode` VALUES ('1458', '371322', '276100', '0539');
INSERT INTO `zipcode` VALUES ('1459', '371323', '276400', '0539');
INSERT INTO `zipcode` VALUES ('1460', '371324', '277700', '0539');
INSERT INTO `zipcode` VALUES ('1461', '371325', '273400', '0539');
INSERT INTO `zipcode` VALUES ('1462', '371326', '273300', '0539');
INSERT INTO `zipcode` VALUES ('1463', '371327', '276600', '0539');
INSERT INTO `zipcode` VALUES ('1464', '371328', '276200', '0539');
INSERT INTO `zipcode` VALUES ('1465', '371329', '276700', '0539');
INSERT INTO `zipcode` VALUES ('1466', '371401', '253000', '0534');
INSERT INTO `zipcode` VALUES ('1467', '371402', '253000', '0534');
INSERT INTO `zipcode` VALUES ('1468', '371421', '253500', '0534');
INSERT INTO `zipcode` VALUES ('1469', '371422', '253400', '0534');
INSERT INTO `zipcode` VALUES ('1470', '371423', '253700', '0534');
INSERT INTO `zipcode` VALUES ('1471', '371424', '251500', '0534');
INSERT INTO `zipcode` VALUES ('1472', '371425', '251100', '0534');
INSERT INTO `zipcode` VALUES ('1473', '371426', '253100', '0534');
INSERT INTO `zipcode` VALUES ('1474', '371427', '253200', '0534');
INSERT INTO `zipcode` VALUES ('1475', '371428', '253300', '0534');
INSERT INTO `zipcode` VALUES ('1476', '371481', '253600', '0534');
INSERT INTO `zipcode` VALUES ('1477', '371482', '251200', '0534');
INSERT INTO `zipcode` VALUES ('1478', '371501', '252000', '0635');
INSERT INTO `zipcode` VALUES ('1479', '371502', '252000', '0635');
INSERT INTO `zipcode` VALUES ('1480', '371521', '252300', '0635');
INSERT INTO `zipcode` VALUES ('1481', '371522', '252400', '0635');
INSERT INTO `zipcode` VALUES ('1482', '371523', '252100', '0635');
INSERT INTO `zipcode` VALUES ('1483', '371524', '252200', '0635');
INSERT INTO `zipcode` VALUES ('1484', '371525', '252500', '0635');
INSERT INTO `zipcode` VALUES ('1485', '371526', '252800', '0635');
INSERT INTO `zipcode` VALUES ('1486', '371581', '252600', '0635');
INSERT INTO `zipcode` VALUES ('1487', '371601', '256600', '0543');
INSERT INTO `zipcode` VALUES ('1488', '371602', '256600', '0543');
INSERT INTO `zipcode` VALUES ('1489', '371621', '251700', '0543');
INSERT INTO `zipcode` VALUES ('1490', '371622', '251800', '0543');
INSERT INTO `zipcode` VALUES ('1491', '371623', '251900', '0543');
INSERT INTO `zipcode` VALUES ('1492', '371624', '256800', '0543');
INSERT INTO `zipcode` VALUES ('1493', '371625', '256500', '0543');
INSERT INTO `zipcode` VALUES ('1494', '371626', '256200', '0543');
INSERT INTO `zipcode` VALUES ('1495', '371701', '274000', '0530');
INSERT INTO `zipcode` VALUES ('1496', '371702', '274000', '0530');
INSERT INTO `zipcode` VALUES ('1497', '371721', '274400', '0530');
INSERT INTO `zipcode` VALUES ('1498', '371722', '274300', '0530');
INSERT INTO `zipcode` VALUES ('1499', '371723', '274200', '0530');
INSERT INTO `zipcode` VALUES ('1500', '371724', '274900', '0530');
INSERT INTO `zipcode` VALUES ('1501', '371725', '274700', '0530');
INSERT INTO `zipcode` VALUES ('1502', '371726', '274600', '0530');
INSERT INTO `zipcode` VALUES ('1503', '371727', '274100', '0530');
INSERT INTO `zipcode` VALUES ('1504', '371728', '274500', '0530');
INSERT INTO `zipcode` VALUES ('1505', '410101', '450000', '0371');
INSERT INTO `zipcode` VALUES ('1506', '410102', '450000', '0371');
INSERT INTO `zipcode` VALUES ('1507', '410103', '450000', '0371');
INSERT INTO `zipcode` VALUES ('1508', '410104', '450000', '0371');
INSERT INTO `zipcode` VALUES ('1509', '410105', '450000', '0371');
INSERT INTO `zipcode` VALUES ('1510', '410106', '450041', '0371');
INSERT INTO `zipcode` VALUES ('1511', '410108', '450000', '0371');
INSERT INTO `zipcode` VALUES ('1512', '410122', '451450', '0371');
INSERT INTO `zipcode` VALUES ('1513', '410181', '452100', '0371');
INSERT INTO `zipcode` VALUES ('1514', '410182', '450100', '0371');
INSERT INTO `zipcode` VALUES ('1515', '410183', '452370', '0371');
INSERT INTO `zipcode` VALUES ('1516', '410184', '451100', '0371');
INSERT INTO `zipcode` VALUES ('1517', '410185', '452470', '0371');
INSERT INTO `zipcode` VALUES ('1518', '410201', '475000', '0378');
INSERT INTO `zipcode` VALUES ('1519', '410202', '475000', '0378');
INSERT INTO `zipcode` VALUES ('1520', '410203', '475000', '0378');
INSERT INTO `zipcode` VALUES ('1521', '410204', '475000', '0378');
INSERT INTO `zipcode` VALUES ('1522', '410205', '475000', '0378');
INSERT INTO `zipcode` VALUES ('1523', '410211', '475000', '0378');
INSERT INTO `zipcode` VALUES ('1524', '410221', '475200', '0378');
INSERT INTO `zipcode` VALUES ('1525', '410222', '452200', '0378');
INSERT INTO `zipcode` VALUES ('1526', '410223', '452100', '0378');
INSERT INTO `zipcode` VALUES ('1527', '410224', '475100', '0378');
INSERT INTO `zipcode` VALUES ('1528', '410225', '475300', '0378');
INSERT INTO `zipcode` VALUES ('1529', '410301', '471000', '0379');
INSERT INTO `zipcode` VALUES ('1530', '410302', '471000', '0379');
INSERT INTO `zipcode` VALUES ('1531', '410303', '471000', '0379');
INSERT INTO `zipcode` VALUES ('1532', '410304', '471000', '0379');
INSERT INTO `zipcode` VALUES ('1533', '410305', '471000', '0379');
INSERT INTO `zipcode` VALUES ('1534', '410306', '471000', '0379');
INSERT INTO `zipcode` VALUES ('1535', '410307', '471000', '0379');
INSERT INTO `zipcode` VALUES ('1536', '410322', '471100', '0379');
INSERT INTO `zipcode` VALUES ('1537', '410323', '471800', '0379');
INSERT INTO `zipcode` VALUES ('1538', '410324', '471500', '0379');
INSERT INTO `zipcode` VALUES ('1539', '410325', '471400', '0379');
INSERT INTO `zipcode` VALUES ('1540', '410326', '471200', '0379');
INSERT INTO `zipcode` VALUES ('1541', '410327', '471600', '0379');
INSERT INTO `zipcode` VALUES ('1542', '410328', '471700', '0379');
INSERT INTO `zipcode` VALUES ('1543', '410329', '471300', '0379');
INSERT INTO `zipcode` VALUES ('1544', '410381', '471900', '0379');
INSERT INTO `zipcode` VALUES ('1545', '410401', '467000', '0375');
INSERT INTO `zipcode` VALUES ('1546', '410402', '467000', '0375');
INSERT INTO `zipcode` VALUES ('1547', '410403', '467000', '0375');
INSERT INTO `zipcode` VALUES ('1548', '410404', '467000', '0375');
INSERT INTO `zipcode` VALUES ('1549', '410411', '467000', '0375');
INSERT INTO `zipcode` VALUES ('1550', '410421', '467400', '0375');
INSERT INTO `zipcode` VALUES ('1551', '410422', '467200', '0375');
INSERT INTO `zipcode` VALUES ('1552', '410423', '467300', '0375');
INSERT INTO `zipcode` VALUES ('1553', '410425', '467100', '0375');
INSERT INTO `zipcode` VALUES ('1554', '410481', '462500', '0375');
INSERT INTO `zipcode` VALUES ('1555', '410482', '467500', '0375');
INSERT INTO `zipcode` VALUES ('1556', '410501', '455000', '0372');
INSERT INTO `zipcode` VALUES ('1557', '410502', '455000', '0372');
INSERT INTO `zipcode` VALUES ('1558', '410503', '455000', '0372');
INSERT INTO `zipcode` VALUES ('1559', '410505', '455000', '0372');
INSERT INTO `zipcode` VALUES ('1560', '410506', '455000', '0372');
INSERT INTO `zipcode` VALUES ('1561', '410522', '455100', '0372');
INSERT INTO `zipcode` VALUES ('1562', '410523', '456150', '0372');
INSERT INTO `zipcode` VALUES ('1563', '410526', '456400', '0372');
INSERT INTO `zipcode` VALUES ('1564', '410527', '456300', '0372');
INSERT INTO `zipcode` VALUES ('1565', '410581', '456500', '0372');
INSERT INTO `zipcode` VALUES ('1566', '410601', '458000', '0392');
INSERT INTO `zipcode` VALUES ('1567', '410602', '458000', '0392');
INSERT INTO `zipcode` VALUES ('1568', '410603', '458000', '0392');
INSERT INTO `zipcode` VALUES ('1569', '410611', '458000', '0392');
INSERT INTO `zipcode` VALUES ('1570', '410621', '456250', '0392');
INSERT INTO `zipcode` VALUES ('1571', '410622', '456750', '0392');
INSERT INTO `zipcode` VALUES ('1572', '410701', '453000', '0373');
INSERT INTO `zipcode` VALUES ('1573', '410702', '453000', '0373');
INSERT INTO `zipcode` VALUES ('1574', '410703', '453000', '0373');
INSERT INTO `zipcode` VALUES ('1575', '410704', '453000', '0373');
INSERT INTO `zipcode` VALUES ('1576', '410711', '453000', '0373');
INSERT INTO `zipcode` VALUES ('1577', '410721', '453700', '0373');
INSERT INTO `zipcode` VALUES ('1578', '410724', '453800', '0373');
INSERT INTO `zipcode` VALUES ('1579', '410725', '453500', '0373');
INSERT INTO `zipcode` VALUES ('1580', '410726', '453200', '0373');
INSERT INTO `zipcode` VALUES ('1581', '410727', '453300', '0373');
INSERT INTO `zipcode` VALUES ('1582', '410728', '453400', '0373');
INSERT INTO `zipcode` VALUES ('1583', '410781', '453100', '0373');
INSERT INTO `zipcode` VALUES ('1584', '410782', '453600', '0373');
INSERT INTO `zipcode` VALUES ('1585', '410801', '454150', '0391');
INSERT INTO `zipcode` VALUES ('1586', '410802', '454150', '0391');
INSERT INTO `zipcode` VALUES ('1587', '410803', '454150', '0391');
INSERT INTO `zipcode` VALUES ('1588', '410804', '454150', '0391');
INSERT INTO `zipcode` VALUES ('1589', '410811', '454150', '0391');
INSERT INTO `zipcode` VALUES ('1590', '410821', '454350', '0391');
INSERT INTO `zipcode` VALUES ('1591', '410822', '454450', '0391');
INSERT INTO `zipcode` VALUES ('1592', '410823', '454950', '0391');
INSERT INTO `zipcode` VALUES ('1593', '410825', '454850', '0391');
INSERT INTO `zipcode` VALUES ('1594', '410881', '454650', '0391');
INSERT INTO `zipcode` VALUES ('1595', '410882', '454550', '0391');
INSERT INTO `zipcode` VALUES ('1596', '410883', '454750', '0391');
INSERT INTO `zipcode` VALUES ('1597', '410901', '457000', '0393');
INSERT INTO `zipcode` VALUES ('1598', '410902', '457000', '0393');
INSERT INTO `zipcode` VALUES ('1599', '410922', '457300', '0393');
INSERT INTO `zipcode` VALUES ('1600', '410923', '457400', '0393');
INSERT INTO `zipcode` VALUES ('1601', '410926', '457500', '0393');
INSERT INTO `zipcode` VALUES ('1602', '410927', '457600', '0393');
INSERT INTO `zipcode` VALUES ('1603', '410928', '457100', '0393');
INSERT INTO `zipcode` VALUES ('1604', '411001', '461000', '0373');
INSERT INTO `zipcode` VALUES ('1605', '411002', '461000', '0374');
INSERT INTO `zipcode` VALUES ('1606', '411023', '461100', '0374');
INSERT INTO `zipcode` VALUES ('1607', '411024', '461200', '0374');
INSERT INTO `zipcode` VALUES ('1608', '411025', '452670', '0374');
INSERT INTO `zipcode` VALUES ('1609', '411081', '452570', '0374');
INSERT INTO `zipcode` VALUES ('1610', '411082', '461500', '0374');
INSERT INTO `zipcode` VALUES ('1611', '411101', '462000', '0395');
INSERT INTO `zipcode` VALUES ('1612', '411102', '462000', '0395');
INSERT INTO `zipcode` VALUES ('1613', '411103', '462300', '0395');
INSERT INTO `zipcode` VALUES ('1614', '411104', '462300', '0395');
INSERT INTO `zipcode` VALUES ('1615', '411121', '462400', '0395');
INSERT INTO `zipcode` VALUES ('1616', '411122', '462600', '0395');
INSERT INTO `zipcode` VALUES ('1617', '411201', '472000', '0398');
INSERT INTO `zipcode` VALUES ('1618', '411202', '472000', '0398');
INSERT INTO `zipcode` VALUES ('1619', '411221', '472400', '0398');
INSERT INTO `zipcode` VALUES ('1620', '411222', '472100', '0398');
INSERT INTO `zipcode` VALUES ('1621', '411224', '472200', '0398');
INSERT INTO `zipcode` VALUES ('1622', '411281', '472300', '0398');
INSERT INTO `zipcode` VALUES ('1623', '411282', '472500', '0398');
INSERT INTO `zipcode` VALUES ('1624', '411301', '473000', '0377');
INSERT INTO `zipcode` VALUES ('1625', '411302', '473000', '0377');
INSERT INTO `zipcode` VALUES ('1626', '411303', '473000', '0377');
INSERT INTO `zipcode` VALUES ('1627', '411321', '474650', '0377');
INSERT INTO `zipcode` VALUES ('1628', '411322', '473200', '0377');
INSERT INTO `zipcode` VALUES ('1629', '411323', '474550', '0377');
INSERT INTO `zipcode` VALUES ('1630', '411324', '474250', '0377');
INSERT INTO `zipcode` VALUES ('1631', '411325', '474350', '0377');
INSERT INTO `zipcode` VALUES ('1632', '411326', '474450', '0377');
INSERT INTO `zipcode` VALUES ('1633', '411327', '473300', '0377');
INSERT INTO `zipcode` VALUES ('1634', '411328', '473400', '0377');
INSERT INTO `zipcode` VALUES ('1635', '411329', '473500', '0377');
INSERT INTO `zipcode` VALUES ('1636', '411330', '474750', '0377');
INSERT INTO `zipcode` VALUES ('1637', '411381', '474150', '0377');
INSERT INTO `zipcode` VALUES ('1638', '411401', '476000', '0370');
INSERT INTO `zipcode` VALUES ('1639', '411402', '476000', '0370');
INSERT INTO `zipcode` VALUES ('1640', '411403', '476000', '0370');
INSERT INTO `zipcode` VALUES ('1641', '411421', '476800', '0370');
INSERT INTO `zipcode` VALUES ('1642', '411422', '476900', '0370');
INSERT INTO `zipcode` VALUES ('1643', '411423', '476700', '0370');
INSERT INTO `zipcode` VALUES ('1644', '411424', '476200', '0370');
INSERT INTO `zipcode` VALUES ('1645', '411425', '476300', '0370');
INSERT INTO `zipcode` VALUES ('1646', '411426', '476400', '0370');
INSERT INTO `zipcode` VALUES ('1647', '411481', '476600', '0370');
INSERT INTO `zipcode` VALUES ('1648', '411501', '464000', '0376');
INSERT INTO `zipcode` VALUES ('1649', '411502', '464000', '0376');
INSERT INTO `zipcode` VALUES ('1650', '411503', '464000', '0376');
INSERT INTO `zipcode` VALUES ('1651', '411521', '464200', '0376');
INSERT INTO `zipcode` VALUES ('1652', '411522', '465450', '0397');
INSERT INTO `zipcode` VALUES ('1653', '411523', '465500', '0397');
INSERT INTO `zipcode` VALUES ('1654', '411524', '465350', '0397');
INSERT INTO `zipcode` VALUES ('1655', '411525', '465200', '0397');
INSERT INTO `zipcode` VALUES ('1656', '411526', '465150', '0397');
INSERT INTO `zipcode` VALUES ('1657', '411527', '464400', '0397');
INSERT INTO `zipcode` VALUES ('1658', '411528', '464300', '0397');
INSERT INTO `zipcode` VALUES ('1659', '411601', '466000', '0394');
INSERT INTO `zipcode` VALUES ('1660', '411602', '466000', '0394');
INSERT INTO `zipcode` VALUES ('1661', '411621', '461300', '0394');
INSERT INTO `zipcode` VALUES ('1662', '411622', '466600', '0394');
INSERT INTO `zipcode` VALUES ('1663', '411623', '466100', '0394');
INSERT INTO `zipcode` VALUES ('1664', '411624', '466300', '0394');
INSERT INTO `zipcode` VALUES ('1665', '411625', '477150', '0394');
INSERT INTO `zipcode` VALUES ('1666', '411626', '466700', '0394');
INSERT INTO `zipcode` VALUES ('1667', '411627', '475400', '0394');
INSERT INTO `zipcode` VALUES ('1668', '411628', '477200', '0394');
INSERT INTO `zipcode` VALUES ('1669', '411681', '466200', '0394');
INSERT INTO `zipcode` VALUES ('1670', '411701', '463000', '0396');
INSERT INTO `zipcode` VALUES ('1671', '411702', '463000', '0396');
INSERT INTO `zipcode` VALUES ('1672', '411721', '463900', '0396');
INSERT INTO `zipcode` VALUES ('1673', '411722', '463800', '0396');
INSERT INTO `zipcode` VALUES ('1674', '411723', '463400', '0396');
INSERT INTO `zipcode` VALUES ('1675', '411724', '463600', '0396');
INSERT INTO `zipcode` VALUES ('1676', '411725', '463200', '0396');
INSERT INTO `zipcode` VALUES ('1677', '411726', '463700', '0396');
INSERT INTO `zipcode` VALUES ('1678', '411727', '463300', '0396');
INSERT INTO `zipcode` VALUES ('1679', '411728', '463100', '0396');
INSERT INTO `zipcode` VALUES ('1680', '411729', '463500', '0396');
INSERT INTO `zipcode` VALUES ('1681', '420101', '430000', '027');
INSERT INTO `zipcode` VALUES ('1682', '420102', '430014', '027');
INSERT INTO `zipcode` VALUES ('1683', '420103', '430000', '027');
INSERT INTO `zipcode` VALUES ('1684', '420104', '430000', '027');
INSERT INTO `zipcode` VALUES ('1685', '420105', '430050', '027');
INSERT INTO `zipcode` VALUES ('1686', '420106', '430000', '027');
INSERT INTO `zipcode` VALUES ('1687', '420107', '430080', '027');
INSERT INTO `zipcode` VALUES ('1688', '420111', '430070', '027');
INSERT INTO `zipcode` VALUES ('1689', '420112', '430040', '027');
INSERT INTO `zipcode` VALUES ('1690', '420113', '430090', '027');
INSERT INTO `zipcode` VALUES ('1691', '420114', '430100', '027');
INSERT INTO `zipcode` VALUES ('1692', '420115', '430200', '027');
INSERT INTO `zipcode` VALUES ('1693', '420116', '432200', '027');
INSERT INTO `zipcode` VALUES ('1694', '420117', '431400', '027');
INSERT INTO `zipcode` VALUES ('1695', '420201', '435000', '0714');
INSERT INTO `zipcode` VALUES ('1696', '420202', '435000', '0714');
INSERT INTO `zipcode` VALUES ('1697', '420203', '435000', '0714');
INSERT INTO `zipcode` VALUES ('1698', '420204', '435000', '0714');
INSERT INTO `zipcode` VALUES ('1699', '420205', '435000', '0714');
INSERT INTO `zipcode` VALUES ('1700', '420222', '435200', '0714');
INSERT INTO `zipcode` VALUES ('1701', '420281', '435100', '0714');
INSERT INTO `zipcode` VALUES ('1702', '420301', '442000', '0719');
INSERT INTO `zipcode` VALUES ('1703', '420302', '442000', '0719');
INSERT INTO `zipcode` VALUES ('1704', '420303', '442000', '0719');
INSERT INTO `zipcode` VALUES ('1705', '420321', '442500', '0719');
INSERT INTO `zipcode` VALUES ('1706', '420322', '442600', '0719');
INSERT INTO `zipcode` VALUES ('1707', '420323', '442200', '0719');
INSERT INTO `zipcode` VALUES ('1708', '420324', '442300', '0719');
INSERT INTO `zipcode` VALUES ('1709', '420325', '442100', '0719');
INSERT INTO `zipcode` VALUES ('1710', '420381', '442700', '0719');
INSERT INTO `zipcode` VALUES ('1711', '420501', '443000', '0717');
INSERT INTO `zipcode` VALUES ('1712', '420502', '443000', '0717');
INSERT INTO `zipcode` VALUES ('1713', '420503', '443000', '0717');
INSERT INTO `zipcode` VALUES ('1714', '420504', '443000', '0717');
INSERT INTO `zipcode` VALUES ('1715', '420505', '443000', '0717');
INSERT INTO `zipcode` VALUES ('1716', '420506', '443100', '0717');
INSERT INTO `zipcode` VALUES ('1717', '420525', '444200', '0717');
INSERT INTO `zipcode` VALUES ('1718', '420526', '443700', '0717');
INSERT INTO `zipcode` VALUES ('1719', '420527', '443600', '0717');
INSERT INTO `zipcode` VALUES ('1720', '420528', '443500', '0717');
INSERT INTO `zipcode` VALUES ('1721', '420529', '443400', '0717');
INSERT INTO `zipcode` VALUES ('1722', '420581', '443000', '0717');
INSERT INTO `zipcode` VALUES ('1723', '420582', '444100', '0717');
INSERT INTO `zipcode` VALUES ('1724', '420583', '443200', '0717');
INSERT INTO `zipcode` VALUES ('1725', '420601', '441000', '0710');
INSERT INTO `zipcode` VALUES ('1726', '420602', '441000', '0710');
INSERT INTO `zipcode` VALUES ('1727', '420606', '441000', '0710');
INSERT INTO `zipcode` VALUES ('1728', '420607', '441100', '0710');
INSERT INTO `zipcode` VALUES ('1729', '420624', '441500', '0710');
INSERT INTO `zipcode` VALUES ('1730', '420625', '441700', '0710');
INSERT INTO `zipcode` VALUES ('1731', '420626', '441600', '0710');
INSERT INTO `zipcode` VALUES ('1732', '420682', '441800', '0710');
INSERT INTO `zipcode` VALUES ('1733', '420683', '441200', '0710');
INSERT INTO `zipcode` VALUES ('1734', '420684', '441400', '0710');
INSERT INTO `zipcode` VALUES ('1735', '420701', '436000', '0711');
INSERT INTO `zipcode` VALUES ('1736', '420702', '436000', '0711');
INSERT INTO `zipcode` VALUES ('1737', '420703', '436000', '0711');
INSERT INTO `zipcode` VALUES ('1738', '420704', '436000', '0711');
INSERT INTO `zipcode` VALUES ('1739', '420801', '448000', '0724');
INSERT INTO `zipcode` VALUES ('1740', '420802', '448000', '0724');
INSERT INTO `zipcode` VALUES ('1741', '420804', '448000', '0724');
INSERT INTO `zipcode` VALUES ('1742', '420821', '431800', '0724');
INSERT INTO `zipcode` VALUES ('1743', '420822', '448200', '0724');
INSERT INTO `zipcode` VALUES ('1744', '420881', '431900', '0724');
INSERT INTO `zipcode` VALUES ('1745', '420901', '432000', '0712');
INSERT INTO `zipcode` VALUES ('1746', '420902', '432100', '0712');
INSERT INTO `zipcode` VALUES ('1747', '420921', '432900', '0712');
INSERT INTO `zipcode` VALUES ('1748', '420922', '432800', '0712');
INSERT INTO `zipcode` VALUES ('1749', '420923', '432500', '0712');
INSERT INTO `zipcode` VALUES ('1750', '420981', '432400', '0712');
INSERT INTO `zipcode` VALUES ('1751', '420982', '432600', '0712');
INSERT INTO `zipcode` VALUES ('1752', '420984', '432300', '0712');
INSERT INTO `zipcode` VALUES ('1753', '421001', '434000', '0716');
INSERT INTO `zipcode` VALUES ('1754', '421002', '434000', '0716');
INSERT INTO `zipcode` VALUES ('1755', '421003', '434020', '0716');
INSERT INTO `zipcode` VALUES ('1756', '421022', '434300', '0716');
INSERT INTO `zipcode` VALUES ('1757', '421023', '433300', '0716');
INSERT INTO `zipcode` VALUES ('1758', '421024', '434100', '0716');
INSERT INTO `zipcode` VALUES ('1759', '421081', '434400', '0716');
INSERT INTO `zipcode` VALUES ('1760', '421083', '433200', '0716');
INSERT INTO `zipcode` VALUES ('1761', '421087', '434200', '0716');
INSERT INTO `zipcode` VALUES ('1762', '421101', '438000', '0713');
INSERT INTO `zipcode` VALUES ('1763', '421102', '438000', '0713');
INSERT INTO `zipcode` VALUES ('1764', '421121', '438000', '0713');
INSERT INTO `zipcode` VALUES ('1765', '421122', '438400', '0713');
INSERT INTO `zipcode` VALUES ('1766', '421123', '438600', '0713');
INSERT INTO `zipcode` VALUES ('1767', '421124', '438700', '0713');
INSERT INTO `zipcode` VALUES ('1768', '421125', '438200', '0713');
INSERT INTO `zipcode` VALUES ('1769', '421126', '435300', '0713');
INSERT INTO `zipcode` VALUES ('1770', '421127', '435500', '0713');
INSERT INTO `zipcode` VALUES ('1771', '421181', '438300', '0713');
INSERT INTO `zipcode` VALUES ('1772', '421182', '435400', '0713');
INSERT INTO `zipcode` VALUES ('1773', '421201', '437000', '0715');
INSERT INTO `zipcode` VALUES ('1774', '421202', '437000', '0715');
INSERT INTO `zipcode` VALUES ('1775', '421221', '437200', '0715');
INSERT INTO `zipcode` VALUES ('1776', '421222', '437400', '0715');
INSERT INTO `zipcode` VALUES ('1777', '421223', '437500', '0715');
INSERT INTO `zipcode` VALUES ('1778', '421224', '437600', '0715');
INSERT INTO `zipcode` VALUES ('1779', '421281', '437300', '0715');
INSERT INTO `zipcode` VALUES ('1780', '421301', '441300', '0722');
INSERT INTO `zipcode` VALUES ('1781', '421302', '441300', '0722');
INSERT INTO `zipcode` VALUES ('1782', '421381', '432700', '0722');
INSERT INTO `zipcode` VALUES ('1783', '422801', '445000', '0718');
INSERT INTO `zipcode` VALUES ('1784', '422802', '445400', '0718');
INSERT INTO `zipcode` VALUES ('1785', '422822', '445300', '0718');
INSERT INTO `zipcode` VALUES ('1786', '422823', '444300', '0718');
INSERT INTO `zipcode` VALUES ('1787', '422825', '445500', '0718');
INSERT INTO `zipcode` VALUES ('1788', '422826', '445600', '0718');
INSERT INTO `zipcode` VALUES ('1789', '422827', '445700', '0718');
INSERT INTO `zipcode` VALUES ('1790', '422828', '445800', '0718');
INSERT INTO `zipcode` VALUES ('1791', '429004', '433000', '0728');
INSERT INTO `zipcode` VALUES ('1792', '429005', '433100', '0728');
INSERT INTO `zipcode` VALUES ('1793', '429006', '431700', '0728');
INSERT INTO `zipcode` VALUES ('1794', '429021', '442400', '0719');
INSERT INTO `zipcode` VALUES ('1795', '430101', '410000', '0731');
INSERT INTO `zipcode` VALUES ('1796', '430102', '410000', '0731');
INSERT INTO `zipcode` VALUES ('1797', '430103', '410000', '0731');
INSERT INTO `zipcode` VALUES ('1798', '430104', '410000', '0731');
INSERT INTO `zipcode` VALUES ('1799', '430105', '410000', '0731');
INSERT INTO `zipcode` VALUES ('1800', '430111', '410000', '0731');
INSERT INTO `zipcode` VALUES ('1801', '430121', '410100', '0731');
INSERT INTO `zipcode` VALUES ('1802', '430122', '410200', '0731');
INSERT INTO `zipcode` VALUES ('1803', '430124', '410600', '0731');
INSERT INTO `zipcode` VALUES ('1804', '430181', '410300', '0731');
INSERT INTO `zipcode` VALUES ('1805', '430201', '412000', '0733');
INSERT INTO `zipcode` VALUES ('1806', '430202', '412000', '0733');
INSERT INTO `zipcode` VALUES ('1807', '430203', '412000', '0733');
INSERT INTO `zipcode` VALUES ('1808', '430204', '412000', '0733');
INSERT INTO `zipcode` VALUES ('1809', '430211', '412000', '0733');
INSERT INTO `zipcode` VALUES ('1810', '430221', '412000', '0733');
INSERT INTO `zipcode` VALUES ('1811', '430223', '412300', '0733');
INSERT INTO `zipcode` VALUES ('1812', '430224', '412400', '0733');
INSERT INTO `zipcode` VALUES ('1813', '430225', '412500', '0733');
INSERT INTO `zipcode` VALUES ('1814', '430281', '412200', '0733');
INSERT INTO `zipcode` VALUES ('1815', '430301', '411100', '0732');
INSERT INTO `zipcode` VALUES ('1816', '430302', '411100', '0732');
INSERT INTO `zipcode` VALUES ('1817', '430304', '411100', '0732');
INSERT INTO `zipcode` VALUES ('1818', '430321', '411200', '0732');
INSERT INTO `zipcode` VALUES ('1819', '430381', '411400', '0732');
INSERT INTO `zipcode` VALUES ('1820', '430382', '411300', '0732');
INSERT INTO `zipcode` VALUES ('1821', '430401', '421000', '0734');
INSERT INTO `zipcode` VALUES ('1822', '430405', '421000', '0734');
INSERT INTO `zipcode` VALUES ('1823', '430406', '421000', '0734');
INSERT INTO `zipcode` VALUES ('1824', '430407', '421000', '0734');
INSERT INTO `zipcode` VALUES ('1825', '430408', '421000', '0734');
INSERT INTO `zipcode` VALUES ('1826', '430412', '421000', '0734');
INSERT INTO `zipcode` VALUES ('1827', '430421', '421200', '0734');
INSERT INTO `zipcode` VALUES ('1828', '430422', '421100', '0734');
INSERT INTO `zipcode` VALUES ('1829', '430423', '421300', '0734');
INSERT INTO `zipcode` VALUES ('1830', '430424', '421400', '0734');
INSERT INTO `zipcode` VALUES ('1831', '430426', '421600', '0734');
INSERT INTO `zipcode` VALUES ('1832', '430481', '421800', '0734');
INSERT INTO `zipcode` VALUES ('1833', '430482', '421500', '0734');
INSERT INTO `zipcode` VALUES ('1834', '430501', '422000', '0739');
INSERT INTO `zipcode` VALUES ('1835', '430502', '422000', '0739');
INSERT INTO `zipcode` VALUES ('1836', '430503', '422000', '0739');
INSERT INTO `zipcode` VALUES ('1837', '430511', '422000', '0739');
INSERT INTO `zipcode` VALUES ('1838', '430521', '422800', '0739');
INSERT INTO `zipcode` VALUES ('1839', '430522', '422900', '0739');
INSERT INTO `zipcode` VALUES ('1840', '430523', '422100', '0739');
INSERT INTO `zipcode` VALUES ('1841', '430524', '422200', '0739');
INSERT INTO `zipcode` VALUES ('1842', '430525', '422300', '0739');
INSERT INTO `zipcode` VALUES ('1843', '430527', '422600', '0739');
INSERT INTO `zipcode` VALUES ('1844', '430528', '422700', '0739');
INSERT INTO `zipcode` VALUES ('1845', '430529', '422500', '0739');
INSERT INTO `zipcode` VALUES ('1846', '430581', '422400', '0739');
INSERT INTO `zipcode` VALUES ('1847', '430601', '414000', '0730');
INSERT INTO `zipcode` VALUES ('1848', '430602', '414000', '0730');
INSERT INTO `zipcode` VALUES ('1849', '430603', '414000', '0730');
INSERT INTO `zipcode` VALUES ('1850', '430611', '414000', '0730');
INSERT INTO `zipcode` VALUES ('1851', '430621', '414100', '0730');
INSERT INTO `zipcode` VALUES ('1852', '430623', '414200', '0730');
INSERT INTO `zipcode` VALUES ('1853', '430624', '410500', '0730');
INSERT INTO `zipcode` VALUES ('1854', '430626', '410400', '0730');
INSERT INTO `zipcode` VALUES ('1855', '430681', '414400', '0730');
INSERT INTO `zipcode` VALUES ('1856', '430682', '414300', '0730');
INSERT INTO `zipcode` VALUES ('1857', '430701', '415000', '0736');
INSERT INTO `zipcode` VALUES ('1858', '430702', '415000', '0736');
INSERT INTO `zipcode` VALUES ('1859', '430703', '415100', '0736');
INSERT INTO `zipcode` VALUES ('1860', '430721', '415600', '0736');
INSERT INTO `zipcode` VALUES ('1861', '430722', '415900', '0736');
INSERT INTO `zipcode` VALUES ('1862', '430723', '415500', '0736');
INSERT INTO `zipcode` VALUES ('1863', '430724', '415200', '0736');
INSERT INTO `zipcode` VALUES ('1864', '430725', '415700', '0736');
INSERT INTO `zipcode` VALUES ('1865', '430726', '415300', '0736');
INSERT INTO `zipcode` VALUES ('1866', '430781', '415400', '0736');
INSERT INTO `zipcode` VALUES ('1867', '430801', '427000', '0744');
INSERT INTO `zipcode` VALUES ('1868', '430802', '427000', '0744');
INSERT INTO `zipcode` VALUES ('1869', '430811', '427400', '0744');
INSERT INTO `zipcode` VALUES ('1870', '430821', '427200', '0744');
INSERT INTO `zipcode` VALUES ('1871', '430822', '427100', '0744');
INSERT INTO `zipcode` VALUES ('1872', '430901', '413000', '0737');
INSERT INTO `zipcode` VALUES ('1873', '430902', '413000', '0737');
INSERT INTO `zipcode` VALUES ('1874', '430903', '413000', '0737');
INSERT INTO `zipcode` VALUES ('1875', '430921', '413200', '0737');
INSERT INTO `zipcode` VALUES ('1876', '430922', '413400', '0737');
INSERT INTO `zipcode` VALUES ('1877', '430923', '413500', '0737');
INSERT INTO `zipcode` VALUES ('1878', '430981', '413100', '0737');
INSERT INTO `zipcode` VALUES ('1879', '431001', '423000', '0735');
INSERT INTO `zipcode` VALUES ('1880', '431002', '423000', '0735');
INSERT INTO `zipcode` VALUES ('1881', '431003', '423000', '0735');
INSERT INTO `zipcode` VALUES ('1882', '431021', '424400', '0735');
INSERT INTO `zipcode` VALUES ('1883', '431022', '424200', '0735');
INSERT INTO `zipcode` VALUES ('1884', '431023', '423300', '0735');
INSERT INTO `zipcode` VALUES ('1885', '431024', '424500', '0735');
INSERT INTO `zipcode` VALUES ('1886', '431025', '424300', '0735');
INSERT INTO `zipcode` VALUES ('1887', '431026', '424100', '0735');
INSERT INTO `zipcode` VALUES ('1888', '431027', '423500', '0735');
INSERT INTO `zipcode` VALUES ('1889', '431028', '423600', '0735');
INSERT INTO `zipcode` VALUES ('1890', '431081', '423400', '0735');
INSERT INTO `zipcode` VALUES ('1891', '431101', '425000', '0746');
INSERT INTO `zipcode` VALUES ('1892', '431102', '425000', '0746');
INSERT INTO `zipcode` VALUES ('1893', '431103', '425000', '0746');
INSERT INTO `zipcode` VALUES ('1894', '431121', '421700', '0746');
INSERT INTO `zipcode` VALUES ('1895', '431122', '425900', '0746');
INSERT INTO `zipcode` VALUES ('1896', '431123', '425200', '0746');
INSERT INTO `zipcode` VALUES ('1897', '431124', '425300', '0746');
INSERT INTO `zipcode` VALUES ('1898', '431125', '425400', '0746');
INSERT INTO `zipcode` VALUES ('1899', '431126', '425600', '0746');
INSERT INTO `zipcode` VALUES ('1900', '431127', '425800', '0746');
INSERT INTO `zipcode` VALUES ('1901', '431128', '425700', '0746');
INSERT INTO `zipcode` VALUES ('1902', '431129', '425500', '0746');
INSERT INTO `zipcode` VALUES ('1903', '431201', '418000', '0745');
INSERT INTO `zipcode` VALUES ('1904', '431202', '418000', '0745');
INSERT INTO `zipcode` VALUES ('1905', '431221', '418000', '0745');
INSERT INTO `zipcode` VALUES ('1906', '431222', '419600', '0745');
INSERT INTO `zipcode` VALUES ('1907', '431223', '419500', '0745');
INSERT INTO `zipcode` VALUES ('1908', '431224', '419300', '0745');
INSERT INTO `zipcode` VALUES ('1909', '431225', '418300', '0745');
INSERT INTO `zipcode` VALUES ('1910', '431226', '419400', '0745');
INSERT INTO `zipcode` VALUES ('1911', '431227', '419200', '0745');
INSERT INTO `zipcode` VALUES ('1912', '431228', '419100', '0745');
INSERT INTO `zipcode` VALUES ('1913', '431229', '418400', '0745');
INSERT INTO `zipcode` VALUES ('1914', '431230', '418500', '0745');
INSERT INTO `zipcode` VALUES ('1915', '431281', '418200', '0745');
INSERT INTO `zipcode` VALUES ('1916', '431301', '417000', '0738');
INSERT INTO `zipcode` VALUES ('1917', '431302', '417000', '0738');
INSERT INTO `zipcode` VALUES ('1918', '431321', '417700', '0738');
INSERT INTO `zipcode` VALUES ('1919', '431322', '417600', '0738');
INSERT INTO `zipcode` VALUES ('1920', '431381', '417500', '0738');
INSERT INTO `zipcode` VALUES ('1921', '431382', '417100', '0738');
INSERT INTO `zipcode` VALUES ('1922', '433101', '416000', '0743');
INSERT INTO `zipcode` VALUES ('1923', '433122', '416100', '0743');
INSERT INTO `zipcode` VALUES ('1924', '433123', '416200', '0743');
INSERT INTO `zipcode` VALUES ('1925', '433124', '416400', '0743');
INSERT INTO `zipcode` VALUES ('1926', '433125', '416500', '0743');
INSERT INTO `zipcode` VALUES ('1927', '433126', '416300', '0743');
INSERT INTO `zipcode` VALUES ('1928', '433127', '416700', '0743');
INSERT INTO `zipcode` VALUES ('1929', '433130', '416800', '0743');
INSERT INTO `zipcode` VALUES ('1930', '440101', '510000', '020');
INSERT INTO `zipcode` VALUES ('1931', '440102', '510000', '020');
INSERT INTO `zipcode` VALUES ('1932', '440103', '510000', '020');
INSERT INTO `zipcode` VALUES ('1933', '440104', '510000', '020');
INSERT INTO `zipcode` VALUES ('1934', '440105', '510000', '020');
INSERT INTO `zipcode` VALUES ('1935', '440106', '510000', '020');
INSERT INTO `zipcode` VALUES ('1936', '440107', '510000', '020');
INSERT INTO `zipcode` VALUES ('1937', '440111', '510000', '020');
INSERT INTO `zipcode` VALUES ('1938', '440112', '510700', '020');
INSERT INTO `zipcode` VALUES ('1939', '440113', '511400', '020');
INSERT INTO `zipcode` VALUES ('1940', '440114', '510800', '020');
INSERT INTO `zipcode` VALUES ('1941', '440183', '511300', '020');
INSERT INTO `zipcode` VALUES ('1942', '440184', '510900', '020');
INSERT INTO `zipcode` VALUES ('1943', '440201', '512000', '0751');
INSERT INTO `zipcode` VALUES ('1944', '440203', '512000', '0751');
INSERT INTO `zipcode` VALUES ('1945', '440204', '512000', '0751');
INSERT INTO `zipcode` VALUES ('1946', '440205', '512100', '0751');
INSERT INTO `zipcode` VALUES ('1947', '440222', '512500', '0751');
INSERT INTO `zipcode` VALUES ('1948', '440224', '512300', '0751');
INSERT INTO `zipcode` VALUES ('1949', '440229', '512600', '0751');
INSERT INTO `zipcode` VALUES ('1950', '440232', '512600', '0751');
INSERT INTO `zipcode` VALUES ('1951', '440233', '511100', '0751');
INSERT INTO `zipcode` VALUES ('1952', '440281', '512200', '0751');
INSERT INTO `zipcode` VALUES ('1953', '440282', '512400', '0751');
INSERT INTO `zipcode` VALUES ('1954', '440301', '518000', '0755');
INSERT INTO `zipcode` VALUES ('1955', '440303', '518000', '0755');
INSERT INTO `zipcode` VALUES ('1956', '440304', '518000', '0755');
INSERT INTO `zipcode` VALUES ('1957', '440305', '518000', '0755');
INSERT INTO `zipcode` VALUES ('1958', '440306', '518100', '0755');
INSERT INTO `zipcode` VALUES ('1959', '440307', '518100', '0755');
INSERT INTO `zipcode` VALUES ('1960', '440308', '518000', '0755');
INSERT INTO `zipcode` VALUES ('1961', '440401', '519000', '0756');
INSERT INTO `zipcode` VALUES ('1962', '440402', '519000', '0756');
INSERT INTO `zipcode` VALUES ('1963', '440403', '519100', '0756');
INSERT INTO `zipcode` VALUES ('1964', '440404', '519090', '0756');
INSERT INTO `zipcode` VALUES ('1965', '440501', '515000', '0754');
INSERT INTO `zipcode` VALUES ('1966', '440507', '515000', '0754');
INSERT INTO `zipcode` VALUES ('1967', '440511', '515000', '0754');
INSERT INTO `zipcode` VALUES ('1968', '440512', '515000', '0754');
INSERT INTO `zipcode` VALUES ('1969', '440513', '515100', '0661');
INSERT INTO `zipcode` VALUES ('1970', '440514', '515100', '0661');
INSERT INTO `zipcode` VALUES ('1971', '440515', '515800', '0754');
INSERT INTO `zipcode` VALUES ('1972', '440523', '515900', '0754');
INSERT INTO `zipcode` VALUES ('1973', '440601', '528000', '0757');
INSERT INTO `zipcode` VALUES ('1974', '440604', '528000', '0757');
INSERT INTO `zipcode` VALUES ('1975', '440605', '528200', '0757');
INSERT INTO `zipcode` VALUES ('1976', '440606', '528000', '0757');
INSERT INTO `zipcode` VALUES ('1977', '440607', '528100', '0757');
INSERT INTO `zipcode` VALUES ('1978', '440608', '528500', '0757');
INSERT INTO `zipcode` VALUES ('1979', '440701', '529000', '0750');
INSERT INTO `zipcode` VALUES ('1980', '440703', '529000', '0750');
INSERT INTO `zipcode` VALUES ('1981', '440704', '529000', '0750');
INSERT INTO `zipcode` VALUES ('1982', '440705', '529100', '0750');
INSERT INTO `zipcode` VALUES ('1983', '440781', '529200', '0750');
INSERT INTO `zipcode` VALUES ('1984', '440783', '529300', '0750');
INSERT INTO `zipcode` VALUES ('1985', '440784', '529700', '0750');
INSERT INTO `zipcode` VALUES ('1986', '440785', '529400', '0750');
INSERT INTO `zipcode` VALUES ('1987', '440801', '524000', '0759');
INSERT INTO `zipcode` VALUES ('1988', '440802', '524000', '0759');
INSERT INTO `zipcode` VALUES ('1989', '440803', '524000', '0759');
INSERT INTO `zipcode` VALUES ('1990', '440804', '524000', '0759');
INSERT INTO `zipcode` VALUES ('1991', '440811', '524000', '0759');
INSERT INTO `zipcode` VALUES ('1992', '440823', '524300', '0759');
INSERT INTO `zipcode` VALUES ('1993', '440825', '524100', '0759');
INSERT INTO `zipcode` VALUES ('1994', '440881', '524400', '0759');
INSERT INTO `zipcode` VALUES ('1995', '440882', '524200', '0759');
INSERT INTO `zipcode` VALUES ('1996', '440883', '524500', '0759');
INSERT INTO `zipcode` VALUES ('1997', '440901', '525000', '0688');
INSERT INTO `zipcode` VALUES ('1998', '440902', '525000', '0668');
INSERT INTO `zipcode` VALUES ('1999', '440903', '525000', '0668');
INSERT INTO `zipcode` VALUES ('2000', '440923', '525400', '0668');
INSERT INTO `zipcode` VALUES ('2001', '440981', '525200', '0668');
INSERT INTO `zipcode` VALUES ('2002', '440982', '525100', '0668');
INSERT INTO `zipcode` VALUES ('2003', '440983', '525300', '0668');
INSERT INTO `zipcode` VALUES ('2004', '441201', '526000', '0758');
INSERT INTO `zipcode` VALUES ('2005', '441202', '526000', '0758');
INSERT INTO `zipcode` VALUES ('2006', '441203', '526000', '0758');
INSERT INTO `zipcode` VALUES ('2007', '441223', '526300', '0758');
INSERT INTO `zipcode` VALUES ('2008', '441224', '526400', '0758');
INSERT INTO `zipcode` VALUES ('2009', '441225', '526500', '0758');
INSERT INTO `zipcode` VALUES ('2010', '441226', '526600', '0758');
INSERT INTO `zipcode` VALUES ('2011', '441283', '526100', '0758');
INSERT INTO `zipcode` VALUES ('2012', '441284', '526200', '0758');
INSERT INTO `zipcode` VALUES ('2013', '441301', '516000', '0752');
INSERT INTO `zipcode` VALUES ('2014', '441302', '516000', '0752');
INSERT INTO `zipcode` VALUES ('2015', '441303', '516200', '0752');
INSERT INTO `zipcode` VALUES ('2016', '441322', '516100', '0752');
INSERT INTO `zipcode` VALUES ('2017', '441323', '516300', '0752');
INSERT INTO `zipcode` VALUES ('2018', '441324', '516800', '0752');
INSERT INTO `zipcode` VALUES ('2019', '441401', '514000', '0753');
INSERT INTO `zipcode` VALUES ('2020', '441402', '514000', '0753');
INSERT INTO `zipcode` VALUES ('2021', '441421', '514700', '0753');
INSERT INTO `zipcode` VALUES ('2022', '441422', '514200', '0753');
INSERT INTO `zipcode` VALUES ('2023', '441423', '514300', '0753');
INSERT INTO `zipcode` VALUES ('2024', '441424', '514400', '0753');
INSERT INTO `zipcode` VALUES ('2025', '441426', '514600', '0753');
INSERT INTO `zipcode` VALUES ('2026', '441427', '514100', '0753');
INSERT INTO `zipcode` VALUES ('2027', '441481', '514500', '0753');
INSERT INTO `zipcode` VALUES ('2028', '441501', '516600', '0660');
INSERT INTO `zipcode` VALUES ('2029', '441502', '516600', '0660');
INSERT INTO `zipcode` VALUES ('2030', '441521', '516400', '0660');
INSERT INTO `zipcode` VALUES ('2031', '441523', '516700', '0660');
INSERT INTO `zipcode` VALUES ('2032', '441581', '516500', '0660');
INSERT INTO `zipcode` VALUES ('2033', '441601', '517000', '0762');
INSERT INTO `zipcode` VALUES ('2034', '441602', '517000', '0762');
INSERT INTO `zipcode` VALUES ('2035', '441621', '517400', '0762');
INSERT INTO `zipcode` VALUES ('2036', '441622', '517300', '0762');
INSERT INTO `zipcode` VALUES ('2037', '441623', '517100', '0762');
INSERT INTO `zipcode` VALUES ('2038', '441624', '517200', '0762');
INSERT INTO `zipcode` VALUES ('2039', '441625', '517500', '0762');
INSERT INTO `zipcode` VALUES ('2040', '441701', '529500', '0662');
INSERT INTO `zipcode` VALUES ('2041', '441702', '529500', '0662');
INSERT INTO `zipcode` VALUES ('2042', '441721', '529800', '0662');
INSERT INTO `zipcode` VALUES ('2043', '441723', '529900', '0662');
INSERT INTO `zipcode` VALUES ('2044', '441781', '529600', '0662');
INSERT INTO `zipcode` VALUES ('2045', '441801', '511500', '0763');
INSERT INTO `zipcode` VALUES ('2046', '441802', '511500', '0763');
INSERT INTO `zipcode` VALUES ('2047', '441821', '511600', '0763');
INSERT INTO `zipcode` VALUES ('2048', '441823', '513100', '0763');
INSERT INTO `zipcode` VALUES ('2049', '441825', '513200', '0763');
INSERT INTO `zipcode` VALUES ('2050', '441826', '513300', '0763');
INSERT INTO `zipcode` VALUES ('2051', '441827', '511800', '0763');
INSERT INTO `zipcode` VALUES ('2052', '441881', '513000', '0763');
INSERT INTO `zipcode` VALUES ('2053', '441882', '513400', '0763');
INSERT INTO `zipcode` VALUES ('2054', '445101', '521000', '0768');
INSERT INTO `zipcode` VALUES ('2055', '445102', '521000', '0768');
INSERT INTO `zipcode` VALUES ('2056', '445121', '515600', '0768');
INSERT INTO `zipcode` VALUES ('2057', '445122', '515700', '0768');
INSERT INTO `zipcode` VALUES ('2058', '445201', '522000', '0663');
INSERT INTO `zipcode` VALUES ('2059', '445202', '522000', '0663');
INSERT INTO `zipcode` VALUES ('2060', '445221', '515500', '0663');
INSERT INTO `zipcode` VALUES ('2061', '445222', '515400', '0663');
INSERT INTO `zipcode` VALUES ('2062', '445224', '515200', '0663');
INSERT INTO `zipcode` VALUES ('2063', '445281', '515300', '0663');
INSERT INTO `zipcode` VALUES ('2064', '445301', '527300', '0766');
INSERT INTO `zipcode` VALUES ('2065', '445302', '527300', '0766');
INSERT INTO `zipcode` VALUES ('2066', '445321', '527400', '0766');
INSERT INTO `zipcode` VALUES ('2067', '445322', '527100', '0766');
INSERT INTO `zipcode` VALUES ('2068', '445323', '527500', '0766');
INSERT INTO `zipcode` VALUES ('2069', '445381', '527200', '0766');
INSERT INTO `zipcode` VALUES ('2070', '450101', '530000', '0771');
INSERT INTO `zipcode` VALUES ('2071', '450102', '530000', '0771');
INSERT INTO `zipcode` VALUES ('2072', '450103', '530000', '0771');
INSERT INTO `zipcode` VALUES ('2073', '450105', '530000', '0771');
INSERT INTO `zipcode` VALUES ('2074', '450107', '530000', '0771');
INSERT INTO `zipcode` VALUES ('2075', '450108', '530200', '0771');
INSERT INTO `zipcode` VALUES ('2076', '450109', '530200', '0771');
INSERT INTO `zipcode` VALUES ('2077', '450122', '530100', '0771');
INSERT INTO `zipcode` VALUES ('2078', '450123', '532700', '0771');
INSERT INTO `zipcode` VALUES ('2079', '450124', '530600', '0771');
INSERT INTO `zipcode` VALUES ('2080', '450125', '530500', '0771');
INSERT INTO `zipcode` VALUES ('2081', '450126', '530400', '0771');
INSERT INTO `zipcode` VALUES ('2082', '450127', '530300', '0771');
INSERT INTO `zipcode` VALUES ('2083', '450201', '545000', '0772');
INSERT INTO `zipcode` VALUES ('2084', '450202', '545000', '0772');
INSERT INTO `zipcode` VALUES ('2085', '450203', '545000', '0772');
INSERT INTO `zipcode` VALUES ('2086', '450204', '545000', '0772');
INSERT INTO `zipcode` VALUES ('2087', '450205', '545000', '0772');
INSERT INTO `zipcode` VALUES ('2088', '450221', '545100', '0772');
INSERT INTO `zipcode` VALUES ('2089', '450222', '545200', '0772');
INSERT INTO `zipcode` VALUES ('2090', '450223', '545600', '0772');
INSERT INTO `zipcode` VALUES ('2091', '450224', '545400', '0772');
INSERT INTO `zipcode` VALUES ('2092', '450225', '545300', '0772');
INSERT INTO `zipcode` VALUES ('2093', '450226', '545500', '0772');
INSERT INTO `zipcode` VALUES ('2094', '450301', '541000', '0773');
INSERT INTO `zipcode` VALUES ('2095', '450302', '541000', '0773');
INSERT INTO `zipcode` VALUES ('2096', '450303', '541000', '0773');
INSERT INTO `zipcode` VALUES ('2097', '450304', '541000', '0773');
INSERT INTO `zipcode` VALUES ('2098', '450305', '541000', '0773');
INSERT INTO `zipcode` VALUES ('2099', '450311', '541000', '0773');
INSERT INTO `zipcode` VALUES ('2100', '450321', '541900', '0773');
INSERT INTO `zipcode` VALUES ('2101', '450322', '541100', '0773');
INSERT INTO `zipcode` VALUES ('2102', '450323', '541200', '0773');
INSERT INTO `zipcode` VALUES ('2103', '450324', '541500', '0773');
INSERT INTO `zipcode` VALUES ('2104', '450325', '541300', '0773');
INSERT INTO `zipcode` VALUES ('2105', '450326', '541800', '0773');
INSERT INTO `zipcode` VALUES ('2106', '450327', '541600', '0773');
INSERT INTO `zipcode` VALUES ('2107', '450328', '541700', '0773');
INSERT INTO `zipcode` VALUES ('2108', '450329', '541400', '0773');
INSERT INTO `zipcode` VALUES ('2109', '450330', '542400', '0773');
INSERT INTO `zipcode` VALUES ('2110', '450331', '546600', '0773');
INSERT INTO `zipcode` VALUES ('2111', '450332', '542500', '0773');
INSERT INTO `zipcode` VALUES ('2112', '450401', '543000', '0774');
INSERT INTO `zipcode` VALUES ('2113', '450403', '543000', '0774');
INSERT INTO `zipcode` VALUES ('2114', '450404', '543000', '0774');
INSERT INTO `zipcode` VALUES ('2115', '450405', '543000', '0774');
INSERT INTO `zipcode` VALUES ('2116', '450421', '543100', '0774');
INSERT INTO `zipcode` VALUES ('2117', '450422', '543300', '0774');
INSERT INTO `zipcode` VALUES ('2118', '450423', '546700', '0774');
INSERT INTO `zipcode` VALUES ('2119', '450481', '543200', '0774');
INSERT INTO `zipcode` VALUES ('2120', '450501', '536000', '0779');
INSERT INTO `zipcode` VALUES ('2121', '450502', '536000', '0779');
INSERT INTO `zipcode` VALUES ('2122', '450503', '536000', '0779');
INSERT INTO `zipcode` VALUES ('2123', '450512', '536000', '0779');
INSERT INTO `zipcode` VALUES ('2124', '450521', '536100', '0779');
INSERT INTO `zipcode` VALUES ('2125', '450601', '538000', '0770');
INSERT INTO `zipcode` VALUES ('2126', '450602', '538000', '0770');
INSERT INTO `zipcode` VALUES ('2127', '450603', '538000', '0770');
INSERT INTO `zipcode` VALUES ('2128', '450621', '535500', '0770');
INSERT INTO `zipcode` VALUES ('2129', '450681', '538100', '0770');
INSERT INTO `zipcode` VALUES ('2130', '450701', '535000', '0777');
INSERT INTO `zipcode` VALUES ('2131', '450702', '535000', '0777');
INSERT INTO `zipcode` VALUES ('2132', '450703', '535000', '0777');
INSERT INTO `zipcode` VALUES ('2133', '450721', '535400', '0777');
INSERT INTO `zipcode` VALUES ('2134', '450722', '535300', '0777');
INSERT INTO `zipcode` VALUES ('2135', '450801', '537100', '0775');
INSERT INTO `zipcode` VALUES ('2136', '450802', '537100', '0775');
INSERT INTO `zipcode` VALUES ('2137', '450803', '537100', '0775');
INSERT INTO `zipcode` VALUES ('2138', '450804', '537100', '0775');
INSERT INTO `zipcode` VALUES ('2139', '450821', '537300', '0775');
INSERT INTO `zipcode` VALUES ('2140', '450881', '537200', '0775');
INSERT INTO `zipcode` VALUES ('2141', '450901', '537000', '0775');
INSERT INTO `zipcode` VALUES ('2142', '450902', '537000', '0775');
INSERT INTO `zipcode` VALUES ('2143', '450921', '537500', '0775');
INSERT INTO `zipcode` VALUES ('2144', '450922', '537700', '0775');
INSERT INTO `zipcode` VALUES ('2145', '450923', '537600', '0775');
INSERT INTO `zipcode` VALUES ('2146', '450924', '537800', '0775');
INSERT INTO `zipcode` VALUES ('2147', '450981', '537400', '0775');
INSERT INTO `zipcode` VALUES ('2148', '451001', '533000', '0776');
INSERT INTO `zipcode` VALUES ('2149', '451002', '533000', '0776');
INSERT INTO `zipcode` VALUES ('2150', '451021', '533600', '0776');
INSERT INTO `zipcode` VALUES ('2151', '451022', '531500', '0776');
INSERT INTO `zipcode` VALUES ('2152', '451023', '531400', '0776');
INSERT INTO `zipcode` VALUES ('2153', '451024', '533700', '0776');
INSERT INTO `zipcode` VALUES ('2154', '451025', '533800', '0776');
INSERT INTO `zipcode` VALUES ('2155', '451026', '533900', '0776');
INSERT INTO `zipcode` VALUES ('2156', '451027', '533100', '0776');
INSERT INTO `zipcode` VALUES ('2157', '451028', '533200', '0776');
INSERT INTO `zipcode` VALUES ('2158', '451029', '533300', '0776');
INSERT INTO `zipcode` VALUES ('2159', '451030', '533500', '0776');
INSERT INTO `zipcode` VALUES ('2160', '451031', '533500', '0776');
INSERT INTO `zipcode` VALUES ('2161', '451101', '542800', '0774');
INSERT INTO `zipcode` VALUES ('2162', '451102', '552106', '0774');
INSERT INTO `zipcode` VALUES ('2163', '451121', '546800', '0774');
INSERT INTO `zipcode` VALUES ('2164', '451122', '542600', '0774');
INSERT INTO `zipcode` VALUES ('2165', '451123', '542700', '0774');
INSERT INTO `zipcode` VALUES ('2166', '451201', '547000', '0778');
INSERT INTO `zipcode` VALUES ('2167', '451202', '547000', '0778');
INSERT INTO `zipcode` VALUES ('2168', '451221', '547200', '0778');
INSERT INTO `zipcode` VALUES ('2169', '451222', '547300', '0778');
INSERT INTO `zipcode` VALUES ('2170', '451223', '547600', '0778');
INSERT INTO `zipcode` VALUES ('2171', '451224', '547400', '0778');
INSERT INTO `zipcode` VALUES ('2172', '451225', '546400', '0778');
INSERT INTO `zipcode` VALUES ('2173', '451226', '547100', '0778');
INSERT INTO `zipcode` VALUES ('2174', '451227', '547500', '0778');
INSERT INTO `zipcode` VALUES ('2175', '451228', '530700', '0778');
INSERT INTO `zipcode` VALUES ('2176', '451229', '530800', '0778');
INSERT INTO `zipcode` VALUES ('2177', '451281', '546300', '0778');
INSERT INTO `zipcode` VALUES ('2178', '451301', '546100', '0772');
INSERT INTO `zipcode` VALUES ('2179', '451302', '546100', '0772');
INSERT INTO `zipcode` VALUES ('2180', '451321', '546200', '0772');
INSERT INTO `zipcode` VALUES ('2181', '451322', '545800', '0772');
INSERT INTO `zipcode` VALUES ('2182', '451323', '545900', '0772');
INSERT INTO `zipcode` VALUES ('2183', '451324', '545700', '0772');
INSERT INTO `zipcode` VALUES ('2184', '451381', '546500', '0772');
INSERT INTO `zipcode` VALUES ('2185', '451401', '532200', '0771');
INSERT INTO `zipcode` VALUES ('2186', '451402', '532200', '0771');
INSERT INTO `zipcode` VALUES ('2187', '451421', '532100', '0771');
INSERT INTO `zipcode` VALUES ('2188', '451422', '532500', '0771');
INSERT INTO `zipcode` VALUES ('2189', '451423', '532400', '0771');
INSERT INTO `zipcode` VALUES ('2190', '451424', '532300', '0771');
INSERT INTO `zipcode` VALUES ('2191', '451425', '532800', '0771');
INSERT INTO `zipcode` VALUES ('2192', '451481', '532600', '0771');
INSERT INTO `zipcode` VALUES ('2193', '460101', '570100', '0898');
INSERT INTO `zipcode` VALUES ('2194', '460105', '570100', '0898');
INSERT INTO `zipcode` VALUES ('2195', '460106', '570100', '0898');
INSERT INTO `zipcode` VALUES ('2196', '460107', '571100', '0898');
INSERT INTO `zipcode` VALUES ('2197', '460108', '570100', '0898');
INSERT INTO `zipcode` VALUES ('2198', '460201', '572000', '0898');
INSERT INTO `zipcode` VALUES ('2199', '469001', '572200', '0898');
INSERT INTO `zipcode` VALUES ('2200', '469002', '571400', '0898');
INSERT INTO `zipcode` VALUES ('2201', '469003', '571700', '0898');
INSERT INTO `zipcode` VALUES ('2202', '469005', '571300', '0898');
INSERT INTO `zipcode` VALUES ('2203', '469006', '571500', '0898');
INSERT INTO `zipcode` VALUES ('2204', '469007', '572600', '0898');
INSERT INTO `zipcode` VALUES ('2205', '469025', '571200', '0898');
INSERT INTO `zipcode` VALUES ('2206', '469026', '571600', '0898');
INSERT INTO `zipcode` VALUES ('2207', '469027', '571900', '0898');
INSERT INTO `zipcode` VALUES ('2208', '469028', '571800', '0898');
INSERT INTO `zipcode` VALUES ('2209', '469030', '572800', '0898');
INSERT INTO `zipcode` VALUES ('2210', '469031', '572700', '0898');
INSERT INTO `zipcode` VALUES ('2211', '469033', '572500', '0898');
INSERT INTO `zipcode` VALUES ('2212', '469034', '572400', '0898');
INSERT INTO `zipcode` VALUES ('2213', '469035', '572300', '0898');
INSERT INTO `zipcode` VALUES ('2214', '469036', '572900', '0898');
INSERT INTO `zipcode` VALUES ('2215', '469037', '572000', '0898');
INSERT INTO `zipcode` VALUES ('2216', '469038', '572000', '0898');
INSERT INTO `zipcode` VALUES ('2217', '469039', '572000', '0898');
INSERT INTO `zipcode` VALUES ('2218', '500101', '404100', '023');
INSERT INTO `zipcode` VALUES ('2219', '500102', '408000', '023');
INSERT INTO `zipcode` VALUES ('2220', '500103', '400000', '023');
INSERT INTO `zipcode` VALUES ('2221', '500104', '400000', '023');
INSERT INTO `zipcode` VALUES ('2222', '500105', '400000', '023');
INSERT INTO `zipcode` VALUES ('2223', '500106', '400000', '023');
INSERT INTO `zipcode` VALUES ('2224', '500107', '400000', '023');
INSERT INTO `zipcode` VALUES ('2225', '500108', '400000', '023');
INSERT INTO `zipcode` VALUES ('2226', '500109', '400700', '023');
INSERT INTO `zipcode` VALUES ('2227', '500110', '400800', '023');
INSERT INTO `zipcode` VALUES ('2228', '500111', '400900', '023');
INSERT INTO `zipcode` VALUES ('2229', '500112', '401120', '023');
INSERT INTO `zipcode` VALUES ('2230', '500113', '401320', '023');
INSERT INTO `zipcode` VALUES ('2231', '500114', '409000', '023');
INSERT INTO `zipcode` VALUES ('2232', '500115', '401220', '023');
INSERT INTO `zipcode` VALUES ('2233', '500222', '401420', '023');
INSERT INTO `zipcode` VALUES ('2234', '500223', '402660', '023');
INSERT INTO `zipcode` VALUES ('2235', '500224', '402560', '023');
INSERT INTO `zipcode` VALUES ('2236', '500225', '402360', '023');
INSERT INTO `zipcode` VALUES ('2237', '500226', '402460', '023');
INSERT INTO `zipcode` VALUES ('2238', '500227', '402760', '023');
INSERT INTO `zipcode` VALUES ('2239', '500228', '405200', '023');
INSERT INTO `zipcode` VALUES ('2240', '500229', '405900', '023');
INSERT INTO `zipcode` VALUES ('2241', '500230', '408200', '023');
INSERT INTO `zipcode` VALUES ('2242', '500231', '408300', '023');
INSERT INTO `zipcode` VALUES ('2243', '500232', '408500', '023');
INSERT INTO `zipcode` VALUES ('2244', '500233', '404300', '023');
INSERT INTO `zipcode` VALUES ('2245', '500234', '405400', '023');
INSERT INTO `zipcode` VALUES ('2246', '500235', '404500', '023');
INSERT INTO `zipcode` VALUES ('2247', '500236', '404600', '023');
INSERT INTO `zipcode` VALUES ('2248', '500237', '404700', '023');
INSERT INTO `zipcode` VALUES ('2249', '500238', '405800', '023');
INSERT INTO `zipcode` VALUES ('2250', '500240', '409100', '023');
INSERT INTO `zipcode` VALUES ('2251', '500241', '409900', '023');
INSERT INTO `zipcode` VALUES ('2252', '500242', '409800', '023');
INSERT INTO `zipcode` VALUES ('2253', '500243', '409600', '023');
INSERT INTO `zipcode` VALUES ('2254', '500381', '402260', '023');
INSERT INTO `zipcode` VALUES ('2255', '500382', '401520', '023');
INSERT INTO `zipcode` VALUES ('2256', '500383', '402160', '023');
INSERT INTO `zipcode` VALUES ('2257', '500384', '408400', '023');
INSERT INTO `zipcode` VALUES ('2258', '510101', '610000', '028');
INSERT INTO `zipcode` VALUES ('2259', '510104', '610000', '028');
INSERT INTO `zipcode` VALUES ('2260', '510105', '610000', '028');
INSERT INTO `zipcode` VALUES ('2261', '510106', '610000', '028');
INSERT INTO `zipcode` VALUES ('2262', '510107', '610000', '028');
INSERT INTO `zipcode` VALUES ('2263', '510108', '610000', '028');
INSERT INTO `zipcode` VALUES ('2264', '510112', '610100', '028');
INSERT INTO `zipcode` VALUES ('2265', '510113', '610300', '028');
INSERT INTO `zipcode` VALUES ('2266', '510114', '610500', '028');
INSERT INTO `zipcode` VALUES ('2267', '510115', '611100', '028');
INSERT INTO `zipcode` VALUES ('2268', '510121', '610400', '028');
INSERT INTO `zipcode` VALUES ('2269', '510122', '610200', '028');
INSERT INTO `zipcode` VALUES ('2270', '510124', '611700', '028');
INSERT INTO `zipcode` VALUES ('2271', '510129', '611300', '028');
INSERT INTO `zipcode` VALUES ('2272', '510131', '611600', '028');
INSERT INTO `zipcode` VALUES ('2273', '510132', '611400', '028');
INSERT INTO `zipcode` VALUES ('2274', '510181', '611800', '028');
INSERT INTO `zipcode` VALUES ('2275', '510182', '610000', '028');
INSERT INTO `zipcode` VALUES ('2276', '510183', '611500', '028');
INSERT INTO `zipcode` VALUES ('2277', '510184', '611200', '028');
INSERT INTO `zipcode` VALUES ('2278', '510301', '643000', '0813');
INSERT INTO `zipcode` VALUES ('2279', '510302', '643000', '0813');
INSERT INTO `zipcode` VALUES ('2280', '510303', '643020', '0813');
INSERT INTO `zipcode` VALUES ('2281', '510304', '643010', '0813');
INSERT INTO `zipcode` VALUES ('2282', '510311', '643030', '0813');
INSERT INTO `zipcode` VALUES ('2283', '510321', '643100', '0813');
INSERT INTO `zipcode` VALUES ('2284', '510322', '643200', '0813');
INSERT INTO `zipcode` VALUES ('2285', '510401', '617000', '0812');
INSERT INTO `zipcode` VALUES ('2286', '510402', '617000', '0812');
INSERT INTO `zipcode` VALUES ('2287', '510403', '617000', '0812');
INSERT INTO `zipcode` VALUES ('2288', '510411', '617000', '0812');
INSERT INTO `zipcode` VALUES ('2289', '510421', '617200', '0812');
INSERT INTO `zipcode` VALUES ('2290', '510422', '617100', '0812');
INSERT INTO `zipcode` VALUES ('2291', '510501', '646000', '0830');
INSERT INTO `zipcode` VALUES ('2292', '510502', '646000', '0830');
INSERT INTO `zipcode` VALUES ('2293', '510503', '646300', '0830');
INSERT INTO `zipcode` VALUES ('2294', '510504', '646000', '0830');
INSERT INTO `zipcode` VALUES ('2295', '510521', '646100', '0830');
INSERT INTO `zipcode` VALUES ('2296', '510522', '646200', '0830');
INSERT INTO `zipcode` VALUES ('2297', '510524', '646400', '0830');
INSERT INTO `zipcode` VALUES ('2298', '510525', '646500', '0830');
INSERT INTO `zipcode` VALUES ('2299', '510601', '618000', '0838');
INSERT INTO `zipcode` VALUES ('2300', '510603', '618000', '0838');
INSERT INTO `zipcode` VALUES ('2301', '510623', '618300', '0838');
INSERT INTO `zipcode` VALUES ('2302', '510626', '618500', '0838');
INSERT INTO `zipcode` VALUES ('2303', '510681', '618300', '0838');
INSERT INTO `zipcode` VALUES ('2304', '510682', '618400', '0838');
INSERT INTO `zipcode` VALUES ('2305', '510683', '618200', '0838');
INSERT INTO `zipcode` VALUES ('2306', '510701', '621000', '0816');
INSERT INTO `zipcode` VALUES ('2307', '510703', '621000', '0816');
INSERT INTO `zipcode` VALUES ('2308', '510704', '621000', '0816');
INSERT INTO `zipcode` VALUES ('2309', '510722', '621100', '0816');
INSERT INTO `zipcode` VALUES ('2310', '510723', '621600', '0816');
INSERT INTO `zipcode` VALUES ('2311', '510724', '622650', '0816');
INSERT INTO `zipcode` VALUES ('2312', '510725', '622150', '0816');
INSERT INTO `zipcode` VALUES ('2313', '510726', '622550', '0816');
INSERT INTO `zipcode` VALUES ('2314', '510727', '622550', '0816');
INSERT INTO `zipcode` VALUES ('2315', '510781', '621700', '0816');
INSERT INTO `zipcode` VALUES ('2316', '510801', '628000', '0839');
INSERT INTO `zipcode` VALUES ('2317', '510802', '628000', '0839');
INSERT INTO `zipcode` VALUES ('2318', '510811', '628000', '0839');
INSERT INTO `zipcode` VALUES ('2319', '510812', '628000', '0839');
INSERT INTO `zipcode` VALUES ('2320', '510821', '628200', '0839');
INSERT INTO `zipcode` VALUES ('2321', '510822', '628100', '0839');
INSERT INTO `zipcode` VALUES ('2322', '510823', '628300', '0839');
INSERT INTO `zipcode` VALUES ('2323', '510824', '628400', '0839');
INSERT INTO `zipcode` VALUES ('2324', '510901', '629000', '0825');
INSERT INTO `zipcode` VALUES ('2325', '510903', '629000', '0825');
INSERT INTO `zipcode` VALUES ('2326', '510904', '629000', '0825');
INSERT INTO `zipcode` VALUES ('2327', '510921', '629100', '0825');
INSERT INTO `zipcode` VALUES ('2328', '510922', '629200', '0825');
INSERT INTO `zipcode` VALUES ('2329', '510923', '629300', '0825');
INSERT INTO `zipcode` VALUES ('2330', '511001', '628000', '0839');
INSERT INTO `zipcode` VALUES ('2331', '511002', '641000', '0832');
INSERT INTO `zipcode` VALUES ('2332', '511011', '641100', '0832');
INSERT INTO `zipcode` VALUES ('2333', '511024', '642450', '0832');
INSERT INTO `zipcode` VALUES ('2334', '511025', '641200', '0832');
INSERT INTO `zipcode` VALUES ('2335', '511028', '642150', '0832');
INSERT INTO `zipcode` VALUES ('2336', '511101', '614000', '0833');
INSERT INTO `zipcode` VALUES ('2337', '511102', '614000', '0833');
INSERT INTO `zipcode` VALUES ('2338', '511111', '614900', '0833');
INSERT INTO `zipcode` VALUES ('2339', '511112', '614800', '0833');
INSERT INTO `zipcode` VALUES ('2340', '511113', '614700', '0833');
INSERT INTO `zipcode` VALUES ('2341', '511123', '614400', '0833');
INSERT INTO `zipcode` VALUES ('2342', '511124', '613100', '0833');
INSERT INTO `zipcode` VALUES ('2343', '511126', '614100', '0833');
INSERT INTO `zipcode` VALUES ('2344', '511129', '614500', '0833');
INSERT INTO `zipcode` VALUES ('2345', '511132', '614300', '0833');
INSERT INTO `zipcode` VALUES ('2346', '511133', '614600', '0833');
INSERT INTO `zipcode` VALUES ('2347', '511181', '614200', '0833');
INSERT INTO `zipcode` VALUES ('2348', '511301', '637000', '0817');
INSERT INTO `zipcode` VALUES ('2349', '511302', '637000', '0817');
INSERT INTO `zipcode` VALUES ('2350', '511303', '637100', '0817');
INSERT INTO `zipcode` VALUES ('2351', '511304', '637500', '0817');
INSERT INTO `zipcode` VALUES ('2352', '511321', '637300', '0817');
INSERT INTO `zipcode` VALUES ('2353', '511322', '637700', '0817');
INSERT INTO `zipcode` VALUES ('2354', '511323', '637800', '0817');
INSERT INTO `zipcode` VALUES ('2355', '511324', '637600', '0817');
INSERT INTO `zipcode` VALUES ('2356', '511325', '637200', '0817');
INSERT INTO `zipcode` VALUES ('2357', '511381', '637400', '0817');
INSERT INTO `zipcode` VALUES ('2358', '511401', '620000', '0833');
INSERT INTO `zipcode` VALUES ('2359', '511402', '620000', '0833');
INSERT INTO `zipcode` VALUES ('2360', '511421', '620500', '0833');
INSERT INTO `zipcode` VALUES ('2361', '511422', '620800', '0833');
INSERT INTO `zipcode` VALUES ('2362', '511423', '620300', '0833');
INSERT INTO `zipcode` VALUES ('2363', '511424', '620200', '0833');
INSERT INTO `zipcode` VALUES ('2364', '511425', '620400', '0833');
INSERT INTO `zipcode` VALUES ('2365', '511501', '644000', '0831');
INSERT INTO `zipcode` VALUES ('2366', '511502', '644000', '0831');
INSERT INTO `zipcode` VALUES ('2367', '511521', '644600', '0831');
INSERT INTO `zipcode` VALUES ('2368', '511522', '644100', '0831');
INSERT INTO `zipcode` VALUES ('2369', '511523', '644200', '0831');
INSERT INTO `zipcode` VALUES ('2370', '511524', '644300', '0831');
INSERT INTO `zipcode` VALUES ('2371', '511525', '645150', '0831');
INSERT INTO `zipcode` VALUES ('2372', '511526', '644500', '0831');
INSERT INTO `zipcode` VALUES ('2373', '511527', '645250', '0831');
INSERT INTO `zipcode` VALUES ('2374', '511528', '644400', '0831');
INSERT INTO `zipcode` VALUES ('2375', '511529', '645350', '0831');
INSERT INTO `zipcode` VALUES ('2376', '511601', '638550', '0826');
INSERT INTO `zipcode` VALUES ('2377', '511602', '638550', '0826');
INSERT INTO `zipcode` VALUES ('2378', '511621', '638300', '0826');
INSERT INTO `zipcode` VALUES ('2379', '511622', '638400', '0826');
INSERT INTO `zipcode` VALUES ('2380', '511623', '638500', '0826');
INSERT INTO `zipcode` VALUES ('2381', '511681', '638600', '0826');
INSERT INTO `zipcode` VALUES ('2382', '511701', '635000', '0818');
INSERT INTO `zipcode` VALUES ('2383', '511702', '635000', '0818');
INSERT INTO `zipcode` VALUES ('2384', '511721', '635000', '0818');
INSERT INTO `zipcode` VALUES ('2385', '511722', '636150', '0818');
INSERT INTO `zipcode` VALUES ('2386', '511723', '636250', '0818');
INSERT INTO `zipcode` VALUES ('2387', '511724', '635100', '0818');
INSERT INTO `zipcode` VALUES ('2388', '511725', '635200', '0818');
INSERT INTO `zipcode` VALUES ('2389', '511781', '636350', '0818');
INSERT INTO `zipcode` VALUES ('2390', '511801', '625000', '0835');
INSERT INTO `zipcode` VALUES ('2391', '511802', '625000', '0835');
INSERT INTO `zipcode` VALUES ('2392', '511821', '625100', '0835');
INSERT INTO `zipcode` VALUES ('2393', '511822', '625200', '0835');
INSERT INTO `zipcode` VALUES ('2394', '511823', '625300', '0835');
INSERT INTO `zipcode` VALUES ('2395', '511824', '625400', '0835');
INSERT INTO `zipcode` VALUES ('2396', '511825', '625500', '0835');
INSERT INTO `zipcode` VALUES ('2397', '511826', '625600', '0835');
INSERT INTO `zipcode` VALUES ('2398', '511827', '625700', '0835');
INSERT INTO `zipcode` VALUES ('2399', '511901', '636600', '0827');
INSERT INTO `zipcode` VALUES ('2400', '511902', '636600', '0827');
INSERT INTO `zipcode` VALUES ('2401', '511921', '636700', '0827');
INSERT INTO `zipcode` VALUES ('2402', '511922', '635600', '0827');
INSERT INTO `zipcode` VALUES ('2403', '511923', '636400', '0827');
INSERT INTO `zipcode` VALUES ('2404', '512001', '641300', '0832');
INSERT INTO `zipcode` VALUES ('2405', '512002', '641300', '0832');
INSERT INTO `zipcode` VALUES ('2406', '512021', '642350', '0832');
INSERT INTO `zipcode` VALUES ('2407', '512022', '641500', '0832');
INSERT INTO `zipcode` VALUES ('2408', '512081', '641400', '0832');
INSERT INTO `zipcode` VALUES ('2409', '513221', '623000', '0837');
INSERT INTO `zipcode` VALUES ('2410', '513222', '623100', '0837');
INSERT INTO `zipcode` VALUES ('2411', '513223', '623200', '0837');
INSERT INTO `zipcode` VALUES ('2412', '513224', '623300', '0837');
INSERT INTO `zipcode` VALUES ('2413', '513225', '623400', '0837');
INSERT INTO `zipcode` VALUES ('2414', '513226', '624100', '0837');
INSERT INTO `zipcode` VALUES ('2415', '513227', '624200', '0837');
INSERT INTO `zipcode` VALUES ('2416', '513228', '623500', '0837');
INSERT INTO `zipcode` VALUES ('2417', '513229', '624000', '0837');
INSERT INTO `zipcode` VALUES ('2418', '513230', '624300', '0837');
INSERT INTO `zipcode` VALUES ('2419', '513231', '624600', '0837');
INSERT INTO `zipcode` VALUES ('2420', '513232', '624500', '0837');
INSERT INTO `zipcode` VALUES ('2421', '513233', '624400', '0837');
INSERT INTO `zipcode` VALUES ('2422', '513321', '626000', '0836');
INSERT INTO `zipcode` VALUES ('2423', '513322', '626100', '0836');
INSERT INTO `zipcode` VALUES ('2424', '513323', '626300', '0836');
INSERT INTO `zipcode` VALUES ('2425', '513324', '616200', '0836');
INSERT INTO `zipcode` VALUES ('2426', '513325', '627450', '0836');
INSERT INTO `zipcode` VALUES ('2427', '513326', '626400', '0836');
INSERT INTO `zipcode` VALUES ('2428', '513327', '626500', '0836');
INSERT INTO `zipcode` VALUES ('2429', '513328', '626700', '0836');
INSERT INTO `zipcode` VALUES ('2430', '513329', '626800', '0836');
INSERT INTO `zipcode` VALUES ('2431', '513330', '627250', '0836');
INSERT INTO `zipcode` VALUES ('2432', '513331', '627150', '0836');
INSERT INTO `zipcode` VALUES ('2433', '513332', '627350', '0836');
INSERT INTO `zipcode` VALUES ('2434', '513333', '626600', '0836');
INSERT INTO `zipcode` VALUES ('2435', '513334', '624300', '0836');
INSERT INTO `zipcode` VALUES ('2436', '513335', '627650', '0836');
INSERT INTO `zipcode` VALUES ('2437', '513336', '627850', '0836');
INSERT INTO `zipcode` VALUES ('2438', '513337', '627750', '0836');
INSERT INTO `zipcode` VALUES ('2439', '513338', '627950', '0836');
INSERT INTO `zipcode` VALUES ('2440', '513401', '615000', '0834');
INSERT INTO `zipcode` VALUES ('2441', '513422', '615800', '0834');
INSERT INTO `zipcode` VALUES ('2442', '513423', '615700', '0834');
INSERT INTO `zipcode` VALUES ('2443', '513424', '615500', '0834');
INSERT INTO `zipcode` VALUES ('2444', '513425', '615100', '0834');
INSERT INTO `zipcode` VALUES ('2445', '513426', '615200', '0834');
INSERT INTO `zipcode` VALUES ('2446', '513427', '615400', '0834');
INSERT INTO `zipcode` VALUES ('2447', '513428', '615300', '0834');
INSERT INTO `zipcode` VALUES ('2448', '513429', '615350', '0834');
INSERT INTO `zipcode` VALUES ('2449', '513430', '616250', '0834');
INSERT INTO `zipcode` VALUES ('2450', '513431', '616150', '0834');
INSERT INTO `zipcode` VALUES ('2451', '513432', '616750', '0834');
INSERT INTO `zipcode` VALUES ('2452', '513433', '615600', '0834');
INSERT INTO `zipcode` VALUES ('2453', '513434', '616650', '0834');
INSERT INTO `zipcode` VALUES ('2454', '513435', '616850', '0834');
INSERT INTO `zipcode` VALUES ('2455', '513436', '616450', '0834');
INSERT INTO `zipcode` VALUES ('2456', '513437', '616550', '0834');
INSERT INTO `zipcode` VALUES ('2457', '520101', '550000', '0851');
INSERT INTO `zipcode` VALUES ('2458', '520102', '550000', '0851');
INSERT INTO `zipcode` VALUES ('2459', '520103', '550000', '0851');
INSERT INTO `zipcode` VALUES ('2460', '520111', '550000', '0851');
INSERT INTO `zipcode` VALUES ('2461', '520112', '550000', '0851');
INSERT INTO `zipcode` VALUES ('2462', '520113', '550000', '0851');
INSERT INTO `zipcode` VALUES ('2463', '520114', '550000', '0851');
INSERT INTO `zipcode` VALUES ('2464', '520121', '550300', '0851');
INSERT INTO `zipcode` VALUES ('2465', '520122', '551100', '0851');
INSERT INTO `zipcode` VALUES ('2466', '520123', '550200', '0851');
INSERT INTO `zipcode` VALUES ('2467', '520181', '551400', '0851');
INSERT INTO `zipcode` VALUES ('2468', '520201', '553000', '0858');
INSERT INTO `zipcode` VALUES ('2469', '520203', '553400', '0858');
INSERT INTO `zipcode` VALUES ('2470', '520221', '553000', '0858');
INSERT INTO `zipcode` VALUES ('2471', '520222', '561600', '0858');
INSERT INTO `zipcode` VALUES ('2472', '520301', '563000', '0852');
INSERT INTO `zipcode` VALUES ('2473', '520302', '563000', '0852');
INSERT INTO `zipcode` VALUES ('2474', '520303', '563000', '0852');
INSERT INTO `zipcode` VALUES ('2475', '520321', '563100', '0852');
INSERT INTO `zipcode` VALUES ('2476', '520322', '563200', '0852');
INSERT INTO `zipcode` VALUES ('2477', '520323', '563300', '0852');
INSERT INTO `zipcode` VALUES ('2478', '520324', '563400', '0852');
INSERT INTO `zipcode` VALUES ('2479', '520325', '563500', '0852');
INSERT INTO `zipcode` VALUES ('2480', '520326', '564300', '0852');
INSERT INTO `zipcode` VALUES ('2481', '520327', '564200', '0852');
INSERT INTO `zipcode` VALUES ('2482', '520328', '564100', '0852');
INSERT INTO `zipcode` VALUES ('2483', '520329', '564400', '0852');
INSERT INTO `zipcode` VALUES ('2484', '520330', '564600', '0852');
INSERT INTO `zipcode` VALUES ('2485', '520381', '564700', '0852');
INSERT INTO `zipcode` VALUES ('2486', '520382', '564500', '0852');
INSERT INTO `zipcode` VALUES ('2487', '520401', '561000', '0853');
INSERT INTO `zipcode` VALUES ('2488', '520402', '561000', '0853');
INSERT INTO `zipcode` VALUES ('2489', '520421', '561100', '0853');
INSERT INTO `zipcode` VALUES ('2490', '520422', '562100', '0853');
INSERT INTO `zipcode` VALUES ('2491', '520423', '561200', '0853');
INSERT INTO `zipcode` VALUES ('2492', '520424', '561300', '0853');
INSERT INTO `zipcode` VALUES ('2493', '520425', '550800', '0853');
INSERT INTO `zipcode` VALUES ('2494', '522201', '554300', '0856');
INSERT INTO `zipcode` VALUES ('2495', '522222', '554400', '0856');
INSERT INTO `zipcode` VALUES ('2496', '522223', '554000', '0856');
INSERT INTO `zipcode` VALUES ('2497', '522224', '555100', '0856');
INSERT INTO `zipcode` VALUES ('2498', '522225', '565100', '0856');
INSERT INTO `zipcode` VALUES ('2499', '522226', '555200', '0856');
INSERT INTO `zipcode` VALUES ('2500', '522227', '565200', '0856');
INSERT INTO `zipcode` VALUES ('2501', '522228', '565300', '0856');
INSERT INTO `zipcode` VALUES ('2502', '522229', '554100', '0856');
INSERT INTO `zipcode` VALUES ('2503', '522230', '554200', '0856');
INSERT INTO `zipcode` VALUES ('2504', '522301', '562400', '0859');
INSERT INTO `zipcode` VALUES ('2505', '522322', '562300', '0859');
INSERT INTO `zipcode` VALUES ('2506', '522323', '561500', '0859');
INSERT INTO `zipcode` VALUES ('2507', '522324', '561400', '0859');
INSERT INTO `zipcode` VALUES ('2508', '522325', '562200', '0859');
INSERT INTO `zipcode` VALUES ('2509', '522326', '552300', '0859');
INSERT INTO `zipcode` VALUES ('2510', '522327', '552200', '0859');
INSERT INTO `zipcode` VALUES ('2511', '522328', '552400', '0859');
INSERT INTO `zipcode` VALUES ('2512', '522401', '551700', '0857');
INSERT INTO `zipcode` VALUES ('2513', '522422', '551600', '0857');
INSERT INTO `zipcode` VALUES ('2514', '522423', '551500', '0857');
INSERT INTO `zipcode` VALUES ('2515', '522424', '551800', '0857');
INSERT INTO `zipcode` VALUES ('2516', '522425', '552100', '0857');
INSERT INTO `zipcode` VALUES ('2517', '522426', '553300', '0857');
INSERT INTO `zipcode` VALUES ('2518', '522427', '553100', '0857');
INSERT INTO `zipcode` VALUES ('2519', '522428', '553200', '0857');
INSERT INTO `zipcode` VALUES ('2520', '522601', '556000', '0855');
INSERT INTO `zipcode` VALUES ('2521', '522622', '556100', '0855');
INSERT INTO `zipcode` VALUES ('2522', '522623', '556200', '0855');
INSERT INTO `zipcode` VALUES ('2523', '522624', '556500', '0855');
INSERT INTO `zipcode` VALUES ('2524', '522625', '557700', '0855');
INSERT INTO `zipcode` VALUES ('2525', '522626', '557800', '0855');
INSERT INTO `zipcode` VALUES ('2526', '522627', '556600', '0855');
INSERT INTO `zipcode` VALUES ('2527', '522628', '556700', '0855');
INSERT INTO `zipcode` VALUES ('2528', '522629', '556400', '0855');
INSERT INTO `zipcode` VALUES ('2529', '522630', '556300', '0855');
INSERT INTO `zipcode` VALUES ('2530', '522631', '557300', '0855');
INSERT INTO `zipcode` VALUES ('2531', '522632', '557200', '0855');
INSERT INTO `zipcode` VALUES ('2532', '522633', '557400', '0855');
INSERT INTO `zipcode` VALUES ('2533', '522634', '557100', '0855');
INSERT INTO `zipcode` VALUES ('2534', '522635', '557600', '0855');
INSERT INTO `zipcode` VALUES ('2535', '522636', '557500', '0855');
INSERT INTO `zipcode` VALUES ('2536', '522701', '558000', '0854');
INSERT INTO `zipcode` VALUES ('2537', '522702', '550500', '0854');
INSERT INTO `zipcode` VALUES ('2538', '522722', '558400', '0854');
INSERT INTO `zipcode` VALUES ('2539', '522723', '551300', '0854');
INSERT INTO `zipcode` VALUES ('2540', '522725', '550400', '0854');
INSERT INTO `zipcode` VALUES ('2541', '522726', '558200', '0854');
INSERT INTO `zipcode` VALUES ('2542', '522727', '558300', '0854');
INSERT INTO `zipcode` VALUES ('2543', '522728', '550100', '0854');
INSERT INTO `zipcode` VALUES ('2544', '522729', '550700', '0854');
INSERT INTO `zipcode` VALUES ('2545', '522730', '551200', '0854');
INSERT INTO `zipcode` VALUES ('2546', '522731', '550600', '0854');
INSERT INTO `zipcode` VALUES ('2547', '522732', '558100', '0854');
INSERT INTO `zipcode` VALUES ('2548', '530101', '650000', '0871');
INSERT INTO `zipcode` VALUES ('2549', '530102', '650000', '0871');
INSERT INTO `zipcode` VALUES ('2550', '530103', '650000', '0871');
INSERT INTO `zipcode` VALUES ('2551', '530111', '650200', '0871');
INSERT INTO `zipcode` VALUES ('2552', '530112', '650100', '0871');
INSERT INTO `zipcode` VALUES ('2553', '530113', '654100', '0871');
INSERT INTO `zipcode` VALUES ('2554', '530121', '650500', '0871');
INSERT INTO `zipcode` VALUES ('2555', '530122', '650600', '0871');
INSERT INTO `zipcode` VALUES ('2556', '530124', '650400', '0871');
INSERT INTO `zipcode` VALUES ('2557', '530125', '652100', '0871');
INSERT INTO `zipcode` VALUES ('2558', '530126', '652200', '0871');
INSERT INTO `zipcode` VALUES ('2559', '530127', '651700', '0871');
INSERT INTO `zipcode` VALUES ('2560', '530128', '651500', '0871');
INSERT INTO `zipcode` VALUES ('2561', '530129', '655200', '0871');
INSERT INTO `zipcode` VALUES ('2562', '530181', '650300', '0871');
INSERT INTO `zipcode` VALUES ('2563', '530301', '655000', '0874');
INSERT INTO `zipcode` VALUES ('2564', '530302', '655000', '0874');
INSERT INTO `zipcode` VALUES ('2565', '530321', '655100', '0874');
INSERT INTO `zipcode` VALUES ('2566', '530322', '655600', '0874');
INSERT INTO `zipcode` VALUES ('2567', '530323', '655700', '0874');
INSERT INTO `zipcode` VALUES ('2568', '530324', '655800', '0874');
INSERT INTO `zipcode` VALUES ('2569', '530325', '655500', '0874');
INSERT INTO `zipcode` VALUES ('2570', '530326', '654200', '0874');
INSERT INTO `zipcode` VALUES ('2571', '530328', '655500', '0874');
INSERT INTO `zipcode` VALUES ('2572', '530381', '655400', '0874');
INSERT INTO `zipcode` VALUES ('2573', '530401', '653100', '0877');
INSERT INTO `zipcode` VALUES ('2574', '530402', '653100', '0877');
INSERT INTO `zipcode` VALUES ('2575', '530421', '652600', '0877');
INSERT INTO `zipcode` VALUES ('2576', '530422', '652500', '0877');
INSERT INTO `zipcode` VALUES ('2577', '530423', '652700', '0877');
INSERT INTO `zipcode` VALUES ('2578', '530424', '652800', '0877');
INSERT INTO `zipcode` VALUES ('2579', '530425', '651100', '0877');
INSERT INTO `zipcode` VALUES ('2580', '530426', '653200', '0877');
INSERT INTO `zipcode` VALUES ('2581', '530427', '653400', '0877');
INSERT INTO `zipcode` VALUES ('2582', '530428', '653300', '0877');
INSERT INTO `zipcode` VALUES ('2583', '530501', '678000', '0875');
INSERT INTO `zipcode` VALUES ('2584', '530502', '678000', '0875');
INSERT INTO `zipcode` VALUES ('2585', '530521', '678200', '0875');
INSERT INTO `zipcode` VALUES ('2586', '530522', '679100', '0875');
INSERT INTO `zipcode` VALUES ('2587', '530523', '678300', '0875');
INSERT INTO `zipcode` VALUES ('2588', '530524', '678100', '0875');
INSERT INTO `zipcode` VALUES ('2589', '530601', '657000', '0870');
INSERT INTO `zipcode` VALUES ('2590', '530602', '657000', '0870');
INSERT INTO `zipcode` VALUES ('2591', '530621', '657100', '0870');
INSERT INTO `zipcode` VALUES ('2592', '530622', '654600', '0870');
INSERT INTO `zipcode` VALUES ('2593', '530623', '657500', '0870');
INSERT INTO `zipcode` VALUES ('2594', '530624', '657400', '0870');
INSERT INTO `zipcode` VALUES ('2595', '530625', '657300', '0870');
INSERT INTO `zipcode` VALUES ('2596', '530626', '657700', '0870');
INSERT INTO `zipcode` VALUES ('2597', '530627', '657200', '0870');
INSERT INTO `zipcode` VALUES ('2598', '530628', '657600', '0870');
INSERT INTO `zipcode` VALUES ('2599', '530629', '657900', '0870');
INSERT INTO `zipcode` VALUES ('2600', '530630', '657800', '0870');
INSERT INTO `zipcode` VALUES ('2601', '530701', '674100', '0888');
INSERT INTO `zipcode` VALUES ('2602', '530702', '674100', '0888');
INSERT INTO `zipcode` VALUES ('2603', '530721', '674100', '0888');
INSERT INTO `zipcode` VALUES ('2604', '530722', '674200', '0888');
INSERT INTO `zipcode` VALUES ('2605', '530723', '674800', '0888');
INSERT INTO `zipcode` VALUES ('2606', '530724', '674300', '0888');
INSERT INTO `zipcode` VALUES ('2607', '530801', '665000', '0879');
INSERT INTO `zipcode` VALUES ('2608', '530802', '665000', '0879');
INSERT INTO `zipcode` VALUES ('2609', '530821', '665100', '0879');
INSERT INTO `zipcode` VALUES ('2610', '530822', '654800', '0879');
INSERT INTO `zipcode` VALUES ('2611', '530823', '676200', '0879');
INSERT INTO `zipcode` VALUES ('2612', '530824', '666400', '0879');
INSERT INTO `zipcode` VALUES ('2613', '530825', '666500', '0879');
INSERT INTO `zipcode` VALUES ('2614', '530826', '665900', '0879');
INSERT INTO `zipcode` VALUES ('2615', '530827', '665800', '0879');
INSERT INTO `zipcode` VALUES ('2616', '530828', '665600', '0879');
INSERT INTO `zipcode` VALUES ('2617', '530829', '665700', '0879');
INSERT INTO `zipcode` VALUES ('2618', '530901', '677000', '0883');
INSERT INTO `zipcode` VALUES ('2619', '530902', '677000', '0883');
INSERT INTO `zipcode` VALUES ('2620', '530921', '675900', '0883');
INSERT INTO `zipcode` VALUES ('2621', '530922', '675800', '0883');
INSERT INTO `zipcode` VALUES ('2622', '530923', '677600', '0883');
INSERT INTO `zipcode` VALUES ('2623', '530924', '677700', '0883');
INSERT INTO `zipcode` VALUES ('2624', '530925', '677300', '0883');
INSERT INTO `zipcode` VALUES ('2625', '530926', '677500', '0883');
INSERT INTO `zipcode` VALUES ('2626', '530927', '677400', '0883');
INSERT INTO `zipcode` VALUES ('2627', '532301', '675000', '0878');
INSERT INTO `zipcode` VALUES ('2628', '532322', '675100', '0878');
INSERT INTO `zipcode` VALUES ('2629', '532323', '675500', '0878');
INSERT INTO `zipcode` VALUES ('2630', '532324', '675200', '0878');
INSERT INTO `zipcode` VALUES ('2631', '532325', '675300', '0878');
INSERT INTO `zipcode` VALUES ('2632', '532326', '675400', '0878');
INSERT INTO `zipcode` VALUES ('2633', '532327', '651400', '0878');
INSERT INTO `zipcode` VALUES ('2634', '532328', '651300', '0878');
INSERT INTO `zipcode` VALUES ('2635', '532329', '651600', '0878');
INSERT INTO `zipcode` VALUES ('2636', '532331', '651200', '0878');
INSERT INTO `zipcode` VALUES ('2637', '532501', '661000', '0873');
INSERT INTO `zipcode` VALUES ('2638', '532502', '661600', '0873');
INSERT INTO `zipcode` VALUES ('2639', '532522', '661100', '0873');
INSERT INTO `zipcode` VALUES ('2640', '532523', '661200', '0873');
INSERT INTO `zipcode` VALUES ('2641', '532524', '654300', '0873');
INSERT INTO `zipcode` VALUES ('2642', '532525', '662200', '0873');
INSERT INTO `zipcode` VALUES ('2643', '532526', '652300', '0873');
INSERT INTO `zipcode` VALUES ('2644', '532527', '652400', '0873');
INSERT INTO `zipcode` VALUES ('2645', '532528', '662400', '0873');
INSERT INTO `zipcode` VALUES ('2646', '532529', '654400', '0873');
INSERT INTO `zipcode` VALUES ('2647', '532530', '661500', '0873');
INSERT INTO `zipcode` VALUES ('2648', '532531', '662500', '0873');
INSERT INTO `zipcode` VALUES ('2649', '532532', '661300', '0873');
INSERT INTO `zipcode` VALUES ('2650', '532621', '663000', '0876');
INSERT INTO `zipcode` VALUES ('2651', '532622', '663100', '0876');
INSERT INTO `zipcode` VALUES ('2652', '532623', '663500', '0876');
INSERT INTO `zipcode` VALUES ('2653', '532624', '663600', '0876');
INSERT INTO `zipcode` VALUES ('2654', '532625', '663700', '0876');
INSERT INTO `zipcode` VALUES ('2655', '532626', '663200', '0876');
INSERT INTO `zipcode` VALUES ('2656', '532627', '663300', '0876');
INSERT INTO `zipcode` VALUES ('2657', '532628', '663400', '0876');
INSERT INTO `zipcode` VALUES ('2658', '532801', '666100', '0691');
INSERT INTO `zipcode` VALUES ('2659', '532822', '666200', '0691');
INSERT INTO `zipcode` VALUES ('2660', '532823', '666300', '0691');
INSERT INTO `zipcode` VALUES ('2661', '532901', '671000', '0872');
INSERT INTO `zipcode` VALUES ('2662', '532922', '672500', '0872');
INSERT INTO `zipcode` VALUES ('2663', '532923', '672100', '0872');
INSERT INTO `zipcode` VALUES ('2664', '532924', '671600', '0872');
INSERT INTO `zipcode` VALUES ('2665', '532925', '675600', '0872');
INSERT INTO `zipcode` VALUES ('2666', '532926', '675700', '0872');
INSERT INTO `zipcode` VALUES ('2667', '532927', '672400', '0872');
INSERT INTO `zipcode` VALUES ('2668', '532928', '672600', '0872');
INSERT INTO `zipcode` VALUES ('2669', '532929', '672700', '0872');
INSERT INTO `zipcode` VALUES ('2670', '532930', '671200', '0872');
INSERT INTO `zipcode` VALUES ('2671', '532931', '671300', '0872');
INSERT INTO `zipcode` VALUES ('2672', '532932', '671500', '0872');
INSERT INTO `zipcode` VALUES ('2673', '533102', '678600', '0692');
INSERT INTO `zipcode` VALUES ('2674', '533103', '678400', '0692');
INSERT INTO `zipcode` VALUES ('2675', '533122', '679200', '0692');
INSERT INTO `zipcode` VALUES ('2676', '533123', '679300', '0692');
INSERT INTO `zipcode` VALUES ('2677', '533124', '678700', '0692');
INSERT INTO `zipcode` VALUES ('2678', '533321', '673200', '0886');
INSERT INTO `zipcode` VALUES ('2679', '533323', '673400', '0886');
INSERT INTO `zipcode` VALUES ('2680', '533324', '673500', '0886');
INSERT INTO `zipcode` VALUES ('2681', '533325', '671400', '0886');
INSERT INTO `zipcode` VALUES ('2682', '533421', '674400', '0887');
INSERT INTO `zipcode` VALUES ('2683', '533422', '674500', '0887');
INSERT INTO `zipcode` VALUES ('2684', '533423', '674600', '0887');
INSERT INTO `zipcode` VALUES ('2685', '540101', '850000', '0891');
INSERT INTO `zipcode` VALUES ('2686', '540102', '850000', '0891');
INSERT INTO `zipcode` VALUES ('2687', '540121', '851600', '0891');
INSERT INTO `zipcode` VALUES ('2688', '540122', '851500', '0891');
INSERT INTO `zipcode` VALUES ('2689', '540123', '851600', '0891');
INSERT INTO `zipcode` VALUES ('2690', '540124', '850600', '0891');
INSERT INTO `zipcode` VALUES ('2691', '540125', '851400', '0891');
INSERT INTO `zipcode` VALUES ('2692', '540126', '850100', '0891');
INSERT INTO `zipcode` VALUES ('2693', '540127', '850200', '0891');
INSERT INTO `zipcode` VALUES ('2694', '542121', '854000', '0895');
INSERT INTO `zipcode` VALUES ('2695', '542122', '854100', '0895');
INSERT INTO `zipcode` VALUES ('2696', '542123', '854200', '0805');
INSERT INTO `zipcode` VALUES ('2697', '542124', '855600', '0850');
INSERT INTO `zipcode` VALUES ('2698', '542125', '855700', '0805');
INSERT INTO `zipcode` VALUES ('2699', '542126', '854300', '0895');
INSERT INTO `zipcode` VALUES ('2700', '542127', '854600', '0805');
INSERT INTO `zipcode` VALUES ('2701', '542128', '854400', '0805');
INSERT INTO `zipcode` VALUES ('2702', '542129', '854500', '0805');
INSERT INTO `zipcode` VALUES ('2703', '542132', '855400', '0805');
INSERT INTO `zipcode` VALUES ('2704', '542133', '855500', '0805');
INSERT INTO `zipcode` VALUES ('2705', '542221', '856100', '0893');
INSERT INTO `zipcode` VALUES ('2706', '542222', '850800', '0804');
INSERT INTO `zipcode` VALUES ('2707', '542223', '850700', '0893');
INSERT INTO `zipcode` VALUES ('2708', '542224', '856200', '0893');
INSERT INTO `zipcode` VALUES ('2709', '542225', '856800', '0803');
INSERT INTO `zipcode` VALUES ('2710', '542226', '856300', '0803');
INSERT INTO `zipcode` VALUES ('2711', '542227', '856900', '0807');
INSERT INTO `zipcode` VALUES ('2712', '542228', '851200', '0804');
INSERT INTO `zipcode` VALUES ('2713', '542229', '856400', '0803');
INSERT INTO `zipcode` VALUES ('2714', '542231', '856600', '0803');
INSERT INTO `zipcode` VALUES ('2715', '542232', '856700', '0803');
INSERT INTO `zipcode` VALUES ('2716', '542233', '851100', '0804');
INSERT INTO `zipcode` VALUES ('2717', '542301', '857000', '0892');
INSERT INTO `zipcode` VALUES ('2718', '542322', '857100', '0803');
INSERT INTO `zipcode` VALUES ('2719', '542323', '857400', '0892');
INSERT INTO `zipcode` VALUES ('2720', '542324', '858200', '0802');
INSERT INTO `zipcode` VALUES ('2721', '542325', '857800', '0802');
INSERT INTO `zipcode` VALUES ('2722', '542326', '858100', '0803');
INSERT INTO `zipcode` VALUES ('2723', '542327', '858500', '0803');
INSERT INTO `zipcode` VALUES ('2724', '542328', '858900', '0803');
INSERT INTO `zipcode` VALUES ('2725', '542329', '857300', '0892');
INSERT INTO `zipcode` VALUES ('2726', '542330', '857200', '0892');
INSERT INTO `zipcode` VALUES ('2727', '542331', '857500', '0802');
INSERT INTO `zipcode` VALUES ('2728', '542332', '857900', '0802');
INSERT INTO `zipcode` VALUES ('2729', '542333', '858800', '0802');
INSERT INTO `zipcode` VALUES ('2730', '542334', '857600', '0802');
INSERT INTO `zipcode` VALUES ('2731', '542335', '858700', '0802');
INSERT INTO `zipcode` VALUES ('2732', '542336', '858300', '0802');
INSERT INTO `zipcode` VALUES ('2733', '542337', '858600', '0802');
INSERT INTO `zipcode` VALUES ('2734', '542338', '857700', '0802');
INSERT INTO `zipcode` VALUES ('2735', '542421', '852000', '0896');
INSERT INTO `zipcode` VALUES ('2736', '542422', '852400', '0806');
INSERT INTO `zipcode` VALUES ('2737', '542423', '852300', '0806');
INSERT INTO `zipcode` VALUES ('2738', '542424', '853500', '0806');
INSERT INTO `zipcode` VALUES ('2739', '542425', '853400', '0896');
INSERT INTO `zipcode` VALUES ('2740', '542426', '853100', '0806');
INSERT INTO `zipcode` VALUES ('2741', '542427', '852200', '0807');
INSERT INTO `zipcode` VALUES ('2742', '542428', '852500', '0806');
INSERT INTO `zipcode` VALUES ('2743', '542429', '852100', '0806');
INSERT INTO `zipcode` VALUES ('2744', '542430', '853200', '0808');
INSERT INTO `zipcode` VALUES ('2745', '542521', '859500', '0806');
INSERT INTO `zipcode` VALUES ('2746', '542522', '859600', '0807');
INSERT INTO `zipcode` VALUES ('2747', '542523', '859000', '0897');
INSERT INTO `zipcode` VALUES ('2748', '542524', '859700', '0807');
INSERT INTO `zipcode` VALUES ('2749', '542525', '859100', '0807');
INSERT INTO `zipcode` VALUES ('2750', '542526', '859200', '0807');
INSERT INTO `zipcode` VALUES ('2751', '542527', '859300', '0806');
INSERT INTO `zipcode` VALUES ('2752', '542621', '860100', '0894');
INSERT INTO `zipcode` VALUES ('2753', '542622', '860200', '0894');
INSERT INTO `zipcode` VALUES ('2754', '542623', '860500', '0894');
INSERT INTO `zipcode` VALUES ('2755', '542624', '860700', '0894');
INSERT INTO `zipcode` VALUES ('2756', '542625', '860300', '0894');
INSERT INTO `zipcode` VALUES ('2757', '542626', '860600', '0894');
INSERT INTO `zipcode` VALUES ('2758', '542627', '860400', '0894');
INSERT INTO `zipcode` VALUES ('2759', '610101', '710000', '029');
INSERT INTO `zipcode` VALUES ('2760', '610102', '710000', '029');
INSERT INTO `zipcode` VALUES ('2761', '610103', '710000', '029');
INSERT INTO `zipcode` VALUES ('2762', '610104', '710000', '029');
INSERT INTO `zipcode` VALUES ('2763', '610111', '710000', '029');
INSERT INTO `zipcode` VALUES ('2764', '610112', '710000', '029');
INSERT INTO `zipcode` VALUES ('2765', '610113', '710000', '029');
INSERT INTO `zipcode` VALUES ('2766', '610114', '710000', '029');
INSERT INTO `zipcode` VALUES ('2767', '610115', '710600', '029');
INSERT INTO `zipcode` VALUES ('2768', '610116', '710100', '029');
INSERT INTO `zipcode` VALUES ('2769', '610122', '710500', '029');
INSERT INTO `zipcode` VALUES ('2770', '610124', '710400', '029');
INSERT INTO `zipcode` VALUES ('2771', '610125', '710300', '029');
INSERT INTO `zipcode` VALUES ('2772', '610126', '710200', '029');
INSERT INTO `zipcode` VALUES ('2773', '610201', '727000', '0919');
INSERT INTO `zipcode` VALUES ('2774', '610202', '727000', '0919');
INSERT INTO `zipcode` VALUES ('2775', '610203', '727000', '0919');
INSERT INTO `zipcode` VALUES ('2776', '610204', '727100', '0919');
INSERT INTO `zipcode` VALUES ('2777', '610222', '727200', '0919');
INSERT INTO `zipcode` VALUES ('2778', '610301', '721000', '0917');
INSERT INTO `zipcode` VALUES ('2779', '610302', '721000', '0917');
INSERT INTO `zipcode` VALUES ('2780', '610303', '721000', '0917');
INSERT INTO `zipcode` VALUES ('2781', '610304', '721300', '0917');
INSERT INTO `zipcode` VALUES ('2782', '610322', '721400', '0917');
INSERT INTO `zipcode` VALUES ('2783', '610323', '722400', '0917');
INSERT INTO `zipcode` VALUES ('2784', '610324', '722200', '0917');
INSERT INTO `zipcode` VALUES ('2785', '610326', '722300', '0917');
INSERT INTO `zipcode` VALUES ('2786', '610327', '721200', '0917');
INSERT INTO `zipcode` VALUES ('2787', '610328', '721100', '0917');
INSERT INTO `zipcode` VALUES ('2788', '610329', '721500', '0917');
INSERT INTO `zipcode` VALUES ('2789', '610330', '721700', '0917');
INSERT INTO `zipcode` VALUES ('2790', '610331', '721600', '0917');
INSERT INTO `zipcode` VALUES ('2791', '610401', '712000', '0910');
INSERT INTO `zipcode` VALUES ('2792', '610402', '712000', '0910');
INSERT INTO `zipcode` VALUES ('2793', '610403', '712000', '0910');
INSERT INTO `zipcode` VALUES ('2794', '610404', '712000', '0910');
INSERT INTO `zipcode` VALUES ('2795', '610422', '713800', '0910');
INSERT INTO `zipcode` VALUES ('2796', '610423', '713700', '0910');
INSERT INTO `zipcode` VALUES ('2797', '610424', '713300', '0910');
INSERT INTO `zipcode` VALUES ('2798', '610425', '713200', '0910');
INSERT INTO `zipcode` VALUES ('2799', '610426', '713400', '0910');
INSERT INTO `zipcode` VALUES ('2800', '610427', '713500', '0910');
INSERT INTO `zipcode` VALUES ('2801', '610428', '713600', '0910');
INSERT INTO `zipcode` VALUES ('2802', '610429', '711300', '0910');
INSERT INTO `zipcode` VALUES ('2803', '610430', '711200', '0910');
INSERT INTO `zipcode` VALUES ('2804', '610431', '712200', '0910');
INSERT INTO `zipcode` VALUES ('2805', '610481', '713100', '0910');
INSERT INTO `zipcode` VALUES ('2806', '610501', '714000', '0913');
INSERT INTO `zipcode` VALUES ('2807', '610502', '714000', '0913');
INSERT INTO `zipcode` VALUES ('2808', '610521', '714100', '0913');
INSERT INTO `zipcode` VALUES ('2809', '610522', '714300', '0913');
INSERT INTO `zipcode` VALUES ('2810', '610523', '715100', '0913');
INSERT INTO `zipcode` VALUES ('2811', '610524', '715300', '0913');
INSERT INTO `zipcode` VALUES ('2812', '610525', '715200', '0913');
INSERT INTO `zipcode` VALUES ('2813', '610526', '715500', '0913');
INSERT INTO `zipcode` VALUES ('2814', '610527', '715600', '0913');
INSERT INTO `zipcode` VALUES ('2815', '610528', '711700', '0913');
INSERT INTO `zipcode` VALUES ('2816', '610581', '715400', '0913');
INSERT INTO `zipcode` VALUES ('2817', '610582', '714200', '0913');
INSERT INTO `zipcode` VALUES ('2818', '610601', '716000', '0911');
INSERT INTO `zipcode` VALUES ('2819', '610602', '716000', '0911');
INSERT INTO `zipcode` VALUES ('2820', '610621', '717100', '0911');
INSERT INTO `zipcode` VALUES ('2821', '610622', '717200', '0911');
INSERT INTO `zipcode` VALUES ('2822', '610623', '717300', '0911');
INSERT INTO `zipcode` VALUES ('2823', '610624', '717400', '0911');
INSERT INTO `zipcode` VALUES ('2824', '610625', '717500', '0911');
INSERT INTO `zipcode` VALUES ('2825', '610626', '717600', '0911');
INSERT INTO `zipcode` VALUES ('2826', '610627', '716100', '0911');
INSERT INTO `zipcode` VALUES ('2827', '610628', '727500', '0911');
INSERT INTO `zipcode` VALUES ('2828', '610629', '727400', '0911');
INSERT INTO `zipcode` VALUES ('2829', '610630', '716200', '0911');
INSERT INTO `zipcode` VALUES ('2830', '610631', '715700', '0911');
INSERT INTO `zipcode` VALUES ('2831', '610632', '727300', '0911');
INSERT INTO `zipcode` VALUES ('2832', '610701', '723000', '0916');
INSERT INTO `zipcode` VALUES ('2833', '610702', '723000', '0916');
INSERT INTO `zipcode` VALUES ('2834', '610721', '723100', '0916');
INSERT INTO `zipcode` VALUES ('2835', '610722', '723200', '0916');
INSERT INTO `zipcode` VALUES ('2836', '610723', '723300', '0916');
INSERT INTO `zipcode` VALUES ('2837', '610724', '723500', '0916');
INSERT INTO `zipcode` VALUES ('2838', '610725', '724200', '0916');
INSERT INTO `zipcode` VALUES ('2839', '610726', '724400', '0916');
INSERT INTO `zipcode` VALUES ('2840', '610727', '724300', '0916');
INSERT INTO `zipcode` VALUES ('2841', '610728', '723600', '0916');
INSERT INTO `zipcode` VALUES ('2842', '610729', '724100', '0916');
INSERT INTO `zipcode` VALUES ('2843', '610730', '723400', '0916');
INSERT INTO `zipcode` VALUES ('2844', '610801', '719000', '0912');
INSERT INTO `zipcode` VALUES ('2845', '610802', '719000', '0912');
INSERT INTO `zipcode` VALUES ('2846', '610821', '719300', '0912');
INSERT INTO `zipcode` VALUES ('2847', '610822', '719400', '0912');
INSERT INTO `zipcode` VALUES ('2848', '610823', '719200', '0912');
INSERT INTO `zipcode` VALUES ('2849', '610824', '718500', '0912');
INSERT INTO `zipcode` VALUES ('2850', '610825', '718600', '0912');
INSERT INTO `zipcode` VALUES ('2851', '610826', '718000', '0912');
INSERT INTO `zipcode` VALUES ('2852', '610827', '718100', '0912');
INSERT INTO `zipcode` VALUES ('2853', '610828', '719200', '0912');
INSERT INTO `zipcode` VALUES ('2854', '610829', '718200', '0912');
INSERT INTO `zipcode` VALUES ('2855', '610830', '718300', '0912');
INSERT INTO `zipcode` VALUES ('2856', '610831', '718400', '0912');
INSERT INTO `zipcode` VALUES ('2857', '610901', '725000', '0915');
INSERT INTO `zipcode` VALUES ('2858', '610902', '725000', '0915');
INSERT INTO `zipcode` VALUES ('2859', '610921', '725100', '0915');
INSERT INTO `zipcode` VALUES ('2860', '610922', '725200', '0915');
INSERT INTO `zipcode` VALUES ('2861', '610923', '711600', '0915');
INSERT INTO `zipcode` VALUES ('2862', '610924', '725300', '0915');
INSERT INTO `zipcode` VALUES ('2863', '610925', '725400', '0915');
INSERT INTO `zipcode` VALUES ('2864', '610926', '725500', '0915');
INSERT INTO `zipcode` VALUES ('2865', '610927', '725600', '0915');
INSERT INTO `zipcode` VALUES ('2866', '610928', '725700', '0915');
INSERT INTO `zipcode` VALUES ('2867', '610929', '725800', '0915');
INSERT INTO `zipcode` VALUES ('2868', '611001', '726000', '0914');
INSERT INTO `zipcode` VALUES ('2869', '611002', '726000', '0914');
INSERT INTO `zipcode` VALUES ('2870', '611021', '726100', '0914');
INSERT INTO `zipcode` VALUES ('2871', '611022', '726200', '0914');
INSERT INTO `zipcode` VALUES ('2872', '611023', '726300', '0914');
INSERT INTO `zipcode` VALUES ('2873', '611024', '726400', '0914');
INSERT INTO `zipcode` VALUES ('2874', '611025', '711500', '0914');
INSERT INTO `zipcode` VALUES ('2875', '611026', '711400', '0914');
INSERT INTO `zipcode` VALUES ('2876', '620101', '730000', '0931');
INSERT INTO `zipcode` VALUES ('2877', '620102', '730030', '0931');
INSERT INTO `zipcode` VALUES ('2878', '620103', '730050', '0931');
INSERT INTO `zipcode` VALUES ('2879', '620104', '730060', '0931');
INSERT INTO `zipcode` VALUES ('2880', '620105', '730070', '0931');
INSERT INTO `zipcode` VALUES ('2881', '620111', '730080', '0931');
INSERT INTO `zipcode` VALUES ('2882', '620121', '730300', '0931');
INSERT INTO `zipcode` VALUES ('2883', '620122', '730200', '0931');
INSERT INTO `zipcode` VALUES ('2884', '620123', '730100', '0931');
INSERT INTO `zipcode` VALUES ('2885', '620201', '737100', '0935');
INSERT INTO `zipcode` VALUES ('2886', '620301', '737100', '0935');
INSERT INTO `zipcode` VALUES ('2887', '620302', '737100', '0935');
INSERT INTO `zipcode` VALUES ('2888', '620321', '737200', '0935');
INSERT INTO `zipcode` VALUES ('2889', '620401', '730900', '0943');
INSERT INTO `zipcode` VALUES ('2890', '620402', '730900', '0943');
INSERT INTO `zipcode` VALUES ('2891', '620403', '730900', '0943');
INSERT INTO `zipcode` VALUES ('2892', '620421', '730600', '0943');
INSERT INTO `zipcode` VALUES ('2893', '620422', '730700', '0943');
INSERT INTO `zipcode` VALUES ('2894', '620423', '730400', '0943');
INSERT INTO `zipcode` VALUES ('2895', '620501', '741000', '0938');
INSERT INTO `zipcode` VALUES ('2896', '620502', '741000', '0938');
INSERT INTO `zipcode` VALUES ('2897', '620503', '741000', '0938');
INSERT INTO `zipcode` VALUES ('2898', '620521', '741400', '0938');
INSERT INTO `zipcode` VALUES ('2899', '620522', '741600', '0938');
INSERT INTO `zipcode` VALUES ('2900', '620523', '741200', '0938');
INSERT INTO `zipcode` VALUES ('2901', '620524', '741300', '0938');
INSERT INTO `zipcode` VALUES ('2902', '620525', '733000', '0935');
INSERT INTO `zipcode` VALUES ('2903', '620601', '733000', '0935');
INSERT INTO `zipcode` VALUES ('2904', '620602', '733000', '0935');
INSERT INTO `zipcode` VALUES ('2905', '620621', '733300', '0935');
INSERT INTO `zipcode` VALUES ('2906', '620622', '733100', '0935');
INSERT INTO `zipcode` VALUES ('2907', '620623', '733200', '0935');
INSERT INTO `zipcode` VALUES ('2908', '620701', '734000', '0936');
INSERT INTO `zipcode` VALUES ('2909', '620702', '734000', '0936');
INSERT INTO `zipcode` VALUES ('2910', '620721', '734400', '0936');
INSERT INTO `zipcode` VALUES ('2911', '620722', '734500', '0936');
INSERT INTO `zipcode` VALUES ('2912', '620723', '734200', '0936');
INSERT INTO `zipcode` VALUES ('2913', '620724', '734300', '0936');
INSERT INTO `zipcode` VALUES ('2914', '620725', '734100', '0936');
INSERT INTO `zipcode` VALUES ('2915', '620801', '744000', '0933');
INSERT INTO `zipcode` VALUES ('2916', '620802', '744000', '0933');
INSERT INTO `zipcode` VALUES ('2917', '620821', '744300', '0933');
INSERT INTO `zipcode` VALUES ('2918', '620822', '744400', '0933');
INSERT INTO `zipcode` VALUES ('2919', '620823', '744200', '0933');
INSERT INTO `zipcode` VALUES ('2920', '620824', '744100', '0933');
INSERT INTO `zipcode` VALUES ('2921', '620825', '744600', '0933');
INSERT INTO `zipcode` VALUES ('2922', '620826', '743400', '0933');
INSERT INTO `zipcode` VALUES ('2923', '620901', '735000', '0937');
INSERT INTO `zipcode` VALUES ('2924', '620902', '735000', '0937');
INSERT INTO `zipcode` VALUES ('2925', '620921', '735300', '0937');
INSERT INTO `zipcode` VALUES ('2926', '620922', '736100', '0937');
INSERT INTO `zipcode` VALUES ('2927', '620923', '736300', '0937');
INSERT INTO `zipcode` VALUES ('2928', '620924', '736400', '0937');
INSERT INTO `zipcode` VALUES ('2929', '620981', '735200', '0937');
INSERT INTO `zipcode` VALUES ('2930', '620982', '736200', '0937');
INSERT INTO `zipcode` VALUES ('2931', '621001', '745000', '0934');
INSERT INTO `zipcode` VALUES ('2932', '621002', '745000', '0934');
INSERT INTO `zipcode` VALUES ('2933', '621021', '745000', '0934');
INSERT INTO `zipcode` VALUES ('2934', '621022', '745700', '0934');
INSERT INTO `zipcode` VALUES ('2935', '621023', '745600', '0934');
INSERT INTO `zipcode` VALUES ('2936', '621024', '745400', '0934');
INSERT INTO `zipcode` VALUES ('2937', '621025', '745300', '0934');
INSERT INTO `zipcode` VALUES ('2938', '621026', '745200', '0934');
INSERT INTO `zipcode` VALUES ('2939', '621027', '744500', '0934');
INSERT INTO `zipcode` VALUES ('2940', '621101', '743000', '0932');
INSERT INTO `zipcode` VALUES ('2941', '621102', '743000', '0932');
INSERT INTO `zipcode` VALUES ('2942', '621121', '743300', '0932');
INSERT INTO `zipcode` VALUES ('2943', '621122', '748100', '0932');
INSERT INTO `zipcode` VALUES ('2944', '621123', '748200', '0932');
INSERT INTO `zipcode` VALUES ('2945', '621124', '730500', '0932');
INSERT INTO `zipcode` VALUES ('2946', '621125', '748300', '0932');
INSERT INTO `zipcode` VALUES ('2947', '621126', '748400', '0932');
INSERT INTO `zipcode` VALUES ('2948', '621201', '746000', '0935');
INSERT INTO `zipcode` VALUES ('2949', '621202', '746000', '0935');
INSERT INTO `zipcode` VALUES ('2950', '621221', '742500', '0935');
INSERT INTO `zipcode` VALUES ('2951', '621222', '746400', '0935');
INSERT INTO `zipcode` VALUES ('2952', '621223', '748500', '0935');
INSERT INTO `zipcode` VALUES ('2953', '621224', '746500', '0935');
INSERT INTO `zipcode` VALUES ('2954', '621225', '742100', '0935');
INSERT INTO `zipcode` VALUES ('2955', '621226', '742200', '0935');
INSERT INTO `zipcode` VALUES ('2956', '621227', '742300', '0935');
INSERT INTO `zipcode` VALUES ('2957', '621228', '742400', '0935');
INSERT INTO `zipcode` VALUES ('2958', '622901', '731100', '0930');
INSERT INTO `zipcode` VALUES ('2959', '622921', '731800', '0930');
INSERT INTO `zipcode` VALUES ('2960', '622922', '731500', '0930');
INSERT INTO `zipcode` VALUES ('2961', '622923', '731600', '0930');
INSERT INTO `zipcode` VALUES ('2962', '622924', '731300', '0930');
INSERT INTO `zipcode` VALUES ('2963', '622925', '731200', '0930');
INSERT INTO `zipcode` VALUES ('2964', '622926', '731400', '0930');
INSERT INTO `zipcode` VALUES ('2965', '622927', '731700', '0930');
INSERT INTO `zipcode` VALUES ('2966', '623001', '747000', '0941');
INSERT INTO `zipcode` VALUES ('2967', '623021', '747500', '0941');
INSERT INTO `zipcode` VALUES ('2968', '623022', '747600', '0941');
INSERT INTO `zipcode` VALUES ('2969', '623023', '746300', '0941');
INSERT INTO `zipcode` VALUES ('2970', '623024', '747400', '0941');
INSERT INTO `zipcode` VALUES ('2971', '623025', '747300', '0941');
INSERT INTO `zipcode` VALUES ('2972', '623026', '747200', '0941');
INSERT INTO `zipcode` VALUES ('2973', '623027', '747100', '0941');
INSERT INTO `zipcode` VALUES ('2974', '630101', '810000', '0971');
INSERT INTO `zipcode` VALUES ('2975', '630102', '810000', '0971');
INSERT INTO `zipcode` VALUES ('2976', '630103', '810000', '0971');
INSERT INTO `zipcode` VALUES ('2977', '630104', '810000', '0971');
INSERT INTO `zipcode` VALUES ('2978', '630105', '810000', '0971');
INSERT INTO `zipcode` VALUES ('2979', '630121', '810100', '0971');
INSERT INTO `zipcode` VALUES ('2980', '630122', '811600', '0972');
INSERT INTO `zipcode` VALUES ('2981', '630123', '812100', '0972');
INSERT INTO `zipcode` VALUES ('2982', '632121', '810600', '0972');
INSERT INTO `zipcode` VALUES ('2983', '632122', '810800', '0972');
INSERT INTO `zipcode` VALUES ('2984', '632123', '810700', '0972');
INSERT INTO `zipcode` VALUES ('2985', '632126', '810500', '0972');
INSERT INTO `zipcode` VALUES ('2986', '632127', '810900', '0972');
INSERT INTO `zipcode` VALUES ('2987', '632128', '811100', '0972');
INSERT INTO `zipcode` VALUES ('2988', '632221', '810300', '0978');
INSERT INTO `zipcode` VALUES ('2989', '632222', '810400', '0970');
INSERT INTO `zipcode` VALUES ('2990', '632223', '812200', '0970');
INSERT INTO `zipcode` VALUES ('2991', '632224', '812300', '0970');
INSERT INTO `zipcode` VALUES ('2992', '632321', '811300', '0973');
INSERT INTO `zipcode` VALUES ('2993', '632322', '811200', '0973');
INSERT INTO `zipcode` VALUES ('2994', '632323', '811400', '0973');
INSERT INTO `zipcode` VALUES ('2995', '632324', '811500', '0973');
INSERT INTO `zipcode` VALUES ('2996', '632521', '813000', '0974');
INSERT INTO `zipcode` VALUES ('2997', '632522', '813200', '0974');
INSERT INTO `zipcode` VALUES ('2998', '632523', '811700', '0974');
INSERT INTO `zipcode` VALUES ('2999', '632524', '813300', '0974');
INSERT INTO `zipcode` VALUES ('3000', '632525', '813100', '0974');
INSERT INTO `zipcode` VALUES ('3001', '632621', '814000', '0975');
INSERT INTO `zipcode` VALUES ('3002', '632622', '814300', '0975');
INSERT INTO `zipcode` VALUES ('3003', '632623', '814100', '0975');
INSERT INTO `zipcode` VALUES ('3004', '632624', '814200', '0975');
INSERT INTO `zipcode` VALUES ('3005', '632625', '624700', '0975');
INSERT INTO `zipcode` VALUES ('3006', '632626', '813500', '0975');
INSERT INTO `zipcode` VALUES ('3007', '632721', '815000', '0976');
INSERT INTO `zipcode` VALUES ('3008', '632722', '815300', '0976');
INSERT INTO `zipcode` VALUES ('3009', '632723', '815100', '0976');
INSERT INTO `zipcode` VALUES ('3010', '632724', '815400', '0976');
INSERT INTO `zipcode` VALUES ('3011', '632725', '815200', '0976');
INSERT INTO `zipcode` VALUES ('3012', '632726', '815500', '0976');
INSERT INTO `zipcode` VALUES ('3013', '632801', '816000', '0977');
INSERT INTO `zipcode` VALUES ('3014', '632802', '817000', '0977');
INSERT INTO `zipcode` VALUES ('3015', '632821', '817100', '0977');
INSERT INTO `zipcode` VALUES ('3016', '632822', '816100', '0977');
INSERT INTO `zipcode` VALUES ('3017', '632823', '817200', '0977');
INSERT INTO `zipcode` VALUES ('3018', '640101', '750000', '0951');
INSERT INTO `zipcode` VALUES ('3019', '640104', '750000', '0951');
INSERT INTO `zipcode` VALUES ('3020', '640105', '750000', '0951');
INSERT INTO `zipcode` VALUES ('3021', '640106', '750000', '0951');
INSERT INTO `zipcode` VALUES ('3022', '640121', '750100', '0951');
INSERT INTO `zipcode` VALUES ('3023', '640122', '750200', '0951');
INSERT INTO `zipcode` VALUES ('3024', '640181', '751400', '0951');
INSERT INTO `zipcode` VALUES ('3025', '640201', '753000', '0952');
INSERT INTO `zipcode` VALUES ('3026', '640202', '753000', '0952');
INSERT INTO `zipcode` VALUES ('3027', '640205', '753600', '0952');
INSERT INTO `zipcode` VALUES ('3028', '640221', '753400', '0952');
INSERT INTO `zipcode` VALUES ('3029', '640301', '751100', '0953');
INSERT INTO `zipcode` VALUES ('3030', '640302', '751100', '0953');
INSERT INTO `zipcode` VALUES ('3031', '640323', '751500', '0953');
INSERT INTO `zipcode` VALUES ('3032', '640324', '751300', '0953');
INSERT INTO `zipcode` VALUES ('3033', '640381', '751600', '0953');
INSERT INTO `zipcode` VALUES ('3034', '640401', '756000', '0954');
INSERT INTO `zipcode` VALUES ('3035', '640402', '756000', '0954');
INSERT INTO `zipcode` VALUES ('3036', '640422', '756200', '0954');
INSERT INTO `zipcode` VALUES ('3037', '640423', '756300', '0954');
INSERT INTO `zipcode` VALUES ('3038', '640424', '756400', '0954');
INSERT INTO `zipcode` VALUES ('3039', '640425', '756500', '0954');
INSERT INTO `zipcode` VALUES ('3040', '640501', '751700', '0953');
INSERT INTO `zipcode` VALUES ('3041', '640502', '751700', '0953');
INSERT INTO `zipcode` VALUES ('3042', '640521', '751200', '0953');
INSERT INTO `zipcode` VALUES ('3043', '640522', '751800', '0954');
INSERT INTO `zipcode` VALUES ('3044', '650101', '830000', '0991');
INSERT INTO `zipcode` VALUES ('3045', '650102', '830000', '0991');
INSERT INTO `zipcode` VALUES ('3046', '650103', '830000', '0991');
INSERT INTO `zipcode` VALUES ('3047', '650104', '830000', '0991');
INSERT INTO `zipcode` VALUES ('3048', '650105', '830000', '0991');
INSERT INTO `zipcode` VALUES ('3049', '650106', '830000', '0991');
INSERT INTO `zipcode` VALUES ('3050', '650107', '830000', '0992');
INSERT INTO `zipcode` VALUES ('3051', '650108', '830000', '0991');
INSERT INTO `zipcode` VALUES ('3052', '650121', '830000', '0991');
INSERT INTO `zipcode` VALUES ('3053', '650201', '834000', '0990');
INSERT INTO `zipcode` VALUES ('3054', '650202', '838600', '0990');
INSERT INTO `zipcode` VALUES ('3055', '650203', '834000', '0990');
INSERT INTO `zipcode` VALUES ('3056', '650204', '834000', '0990');
INSERT INTO `zipcode` VALUES ('3057', '650205', '834000', '0990');
INSERT INTO `zipcode` VALUES ('3058', '652101', '838000', '0995');
INSERT INTO `zipcode` VALUES ('3059', '652122', '838200', '0995');
INSERT INTO `zipcode` VALUES ('3060', '652123', '838100', '0995');
INSERT INTO `zipcode` VALUES ('3061', '652201', '839000', '0902');
INSERT INTO `zipcode` VALUES ('3062', '652222', '839200', '0902');
INSERT INTO `zipcode` VALUES ('3063', '652223', '839300', '0902');
INSERT INTO `zipcode` VALUES ('3064', '652301', '831100', '0994');
INSERT INTO `zipcode` VALUES ('3065', '652302', '831500', '0994');
INSERT INTO `zipcode` VALUES ('3066', '652303', '831400', '0994');
INSERT INTO `zipcode` VALUES ('3067', '652323', '831200', '0994');
INSERT INTO `zipcode` VALUES ('3068', '652324', '832200', '0994');
INSERT INTO `zipcode` VALUES ('3069', '652325', '831800', '0994');
INSERT INTO `zipcode` VALUES ('3070', '652327', '831700', '0994');
INSERT INTO `zipcode` VALUES ('3071', '652328', '831900', '0994');
INSERT INTO `zipcode` VALUES ('3072', '652701', '833400', '0909');
INSERT INTO `zipcode` VALUES ('3073', '652722', '833300', '0909');
INSERT INTO `zipcode` VALUES ('3074', '652723', '833500', '0909');
INSERT INTO `zipcode` VALUES ('3075', '652801', '841000', '0996');
INSERT INTO `zipcode` VALUES ('3076', '652822', '841600', '0996');
INSERT INTO `zipcode` VALUES ('3077', '652823', '841500', '0996');
INSERT INTO `zipcode` VALUES ('3078', '652824', '841800', '0996');
INSERT INTO `zipcode` VALUES ('3079', '652825', '841900', '0996');
INSERT INTO `zipcode` VALUES ('3080', '652826', '841100', '0996');
INSERT INTO `zipcode` VALUES ('3081', '652827', '841300', '0996');
INSERT INTO `zipcode` VALUES ('3082', '652828', '841200', '0996');
INSERT INTO `zipcode` VALUES ('3083', '652829', '841400', '0996');
INSERT INTO `zipcode` VALUES ('3084', '652901', '843000', '0997');
INSERT INTO `zipcode` VALUES ('3085', '652922', '843100', '0997');
INSERT INTO `zipcode` VALUES ('3086', '652923', '842000', '0997');
INSERT INTO `zipcode` VALUES ('3087', '652924', '842200', '0997');
INSERT INTO `zipcode` VALUES ('3088', '652925', '842100', '0997');
INSERT INTO `zipcode` VALUES ('3089', '652926', '842300', '0997');
INSERT INTO `zipcode` VALUES ('3090', '652927', '843400', '0997');
INSERT INTO `zipcode` VALUES ('3091', '652928', '843200', '0997');
INSERT INTO `zipcode` VALUES ('3092', '652929', '845350', '0908');
INSERT INTO `zipcode` VALUES ('3093', '653001', '845350', '0908');
INSERT INTO `zipcode` VALUES ('3094', '653022', '845550', '0908');
INSERT INTO `zipcode` VALUES ('3095', '653023', '843500', '0997');
INSERT INTO `zipcode` VALUES ('3096', '653024', '845450', '0908');
INSERT INTO `zipcode` VALUES ('3097', '653101', '844000', '0998');
INSERT INTO `zipcode` VALUES ('3098', '653121', '844100', '0998');
INSERT INTO `zipcode` VALUES ('3099', '653122', '844200', '0998');
INSERT INTO `zipcode` VALUES ('3100', '653123', '844500', '0998');
INSERT INTO `zipcode` VALUES ('3101', '653124', '844800', '0998');
INSERT INTO `zipcode` VALUES ('3102', '653125', '844700', '0998');
INSERT INTO `zipcode` VALUES ('3103', '653126', '844900', '0998');
INSERT INTO `zipcode` VALUES ('3104', '653127', '844600', '0998');
INSERT INTO `zipcode` VALUES ('3105', '653128', '844400', '0998');
INSERT INTO `zipcode` VALUES ('3106', '653129', '844300', '0998');
INSERT INTO `zipcode` VALUES ('3107', '653130', '843800', '0998');
INSERT INTO `zipcode` VALUES ('3108', '653131', '845250', '0998');
INSERT INTO `zipcode` VALUES ('3109', '653201', '848000', '0903');
INSERT INTO `zipcode` VALUES ('3110', '653221', '848000', '0903');
INSERT INTO `zipcode` VALUES ('3111', '653222', '848100', '0903');
INSERT INTO `zipcode` VALUES ('3112', '653223', '845150', '0903');
INSERT INTO `zipcode` VALUES ('3113', '653224', '848200', '0903');
INSERT INTO `zipcode` VALUES ('3114', '653225', '848300', '0903');
INSERT INTO `zipcode` VALUES ('3115', '653226', '848400', '0903');
INSERT INTO `zipcode` VALUES ('3116', '653227', '848500', '0903');
INSERT INTO `zipcode` VALUES ('3117', '654002', '835000', '0999');
INSERT INTO `zipcode` VALUES ('3118', '654003', '833200', '0992');
INSERT INTO `zipcode` VALUES ('3119', '654021', '835100', '0999');
INSERT INTO `zipcode` VALUES ('3120', '654022', '835300', '0999');
INSERT INTO `zipcode` VALUES ('3121', '654023', '835200', '0999');
INSERT INTO `zipcode` VALUES ('3122', '654024', '835400', '0999');
INSERT INTO `zipcode` VALUES ('3123', '654025', '835800', '0999');
INSERT INTO `zipcode` VALUES ('3124', '654026', '835600', '0999');
INSERT INTO `zipcode` VALUES ('3125', '654027', '835500', '0999');
INSERT INTO `zipcode` VALUES ('3126', '654028', '835700', '0999');
INSERT INTO `zipcode` VALUES ('3127', '654201', '834300', '0901');
INSERT INTO `zipcode` VALUES ('3128', '654202', '833300', '0992');
INSERT INTO `zipcode` VALUES ('3129', '654221', '834600', '0901');
INSERT INTO `zipcode` VALUES ('3130', '654223', '832100', '0993');
INSERT INTO `zipcode` VALUES ('3131', '654224', '834500', '0901');
INSERT INTO `zipcode` VALUES ('3132', '654225', '834800', '0901');
INSERT INTO `zipcode` VALUES ('3133', '654226', '834400', '0990');
INSERT INTO `zipcode` VALUES ('3134', '654301', '836500', '0906');
INSERT INTO `zipcode` VALUES ('3135', '654321', '836600', '0906');
INSERT INTO `zipcode` VALUES ('3136', '654322', '836100', '0906');
INSERT INTO `zipcode` VALUES ('3137', '654323', '836400', '0906');
INSERT INTO `zipcode` VALUES ('3138', '654324', '836700', '0906');
INSERT INTO `zipcode` VALUES ('3139', '654325', '836200', '0906');
INSERT INTO `zipcode` VALUES ('3140', '654326', '836800', '0906');
INSERT INTO `zipcode` VALUES ('3141', '659001', '832000', '0993');
INSERT INTO `zipcode` VALUES ('3142', '659002', '843300', '0997');
INSERT INTO `zipcode` VALUES ('3143', '659003', '844000', '0998');
INSERT INTO `zipcode` VALUES ('3144', '659004', '831300', '0994');
